PARTID;DESCRIPCION;FAMILIA;RUBRO;SUB-RUBRO;MARCA;UNIT_PRICE;IVA;MONEDA;CODIGO DE BARRAS;STOCK_UM;CASE_QTY;DESCRIPCION BULTO
11517065;TORNILLO PARKER 6 X 3/8 C/TAN/COM 5 ENT;MATERIA PRIMA;;;CONEXTUBE;113.69;21;ARS;;Un;1;
11517129;BULON M6 X 15 AUTORROSCANTE TRILOBULAR;MATERIA PRIMA;;;CONEXTUBE;444.91;21;ARS;;Un;1;
11517267;TORNILLO PARKER 6 X 3/8 C PUNTA S CORTE;MATERIA PRIMA;;;CONEXTUBE;69.84;21;ARS;;Un;1;
11527040;TORNILLO PARKER 8 X 11 COMB ROSCA 40°;MATERIA PRIMA;;;CONEXTUBE;95.46;21;ARS;;Un;1;
11527041;TORNILLO PARKER 8 X 16 COMB ROSCA 40°;MATERIA PRIMA;;;CONEXTUBE;113.69;21;ARS;;Un;1;
11527042;TORNILLO PARKER 8 X 5/8 C/FIJ.PUNTA A;MATERIA PRIMA;;;CONEXTUBE;91.77;21;USD;;Un;1;
11597211;TORNILLO PARKER 12X 5/8 C/CORTE PA;MATERIA PRIMA;;;CONEXTUBE;264.52;21;ARS;;Un;1;
12507061;REMACHE CERRADURA AGP NUEVA VERSION;MATERIA PRIMA;;;CONEXTUBE;2,382.72;21;ARS;;Un;1;
14517527;RIEL DIN 12 MOD AGUJERO OVAL. LUXURY;MATERIA PRIMA;;;CONEXTUBE;4,152.46;21;ARS;;Un;1;
14517528;RIEL DIN 18 MOD. LUXURY;MATERIA PRIMA;;;CONEXTUBE;6,860.70;21;ARS;;Un;1;
14521031;SOPORTE MET ZUN POSTE CIA ELEC;SEMIELABORADOS;;;CONEXTUBE;12,726.76;21;ARS;;Un;1;
15000352;TERMINAL BIMET.SECC 35MM2 AGUJ.FIJ Ø12.;TERMINALES BIMETALICOS;;;CONEXTUBE;8.57;21;USD;;Un;1;
15000502;TERMINAL BIMET.SECC 50MM2 AGUJ.FIJ Ø12.;TERMINALES BIMETALICOS;;;CONEXTUBE;12.85;21;USD;;Un;1;
15000702;TERMINAL BIMET.SECC 70MM2 AGUJ.FIJ Ø12.;TERMINALES BIMETALICOS;;;CONEXTUBE;12.98;21;USD;;Un;1;
15000952;TERMINAL BIMET.SECC 95MM2 AGUJ.FIJ Ø12.;TERMINALES BIMETALICOS;;;CONEXTUBE;12.26;21;USD;;Un;1;
15001202;TERMINAL BIMET.SECC 120MM2 AGUJ.FIJ Ø12.;TERMINALES BIMETALICOS;;;CONEXTUBE;20.44;21;USD;;Un;1;
15001502;TERMINAL BIMET.SECC 150MM2 AGUJ.FIJ Ø12.;TERMINALES BIMETALICOS;;;CONEXTUBE;20.44;21;USD;;Un;1;
15001852;TERMINAL BIMET.SECC 185MM2 AGUJ.FIJ Ø12.;TERMINALES BIMETALICOS;;;CONEXTUBE;33.29;21;USD;;Un;1;
15002402;TERMINAL BIMET.SECC 240MM2 AGUJ.FIJ Ø12.;TERMINALES BIMETALICOS;;;CONEXTUBE;46.04;21;USD;;Un;1;
15003002;TERMINAL BIMET.SECC 300MM2 AGUJ.FIJ Ø16.;TERMINALES BIMETALICOS;;;CONEXTUBE;50.61;21;USD;;Un;1;
15112302;TERMINAL MEC.SECC120-300MM2 AGUJ.FIJØ12.;TERMINALES BIMETALICOS;;;CONEXTUBE;62.29;21;USD;;Un;1;
15112306;TERMINAL MEC.SECC120-300MM2 AGUJ.FIJØ16.;TERMINALES BIMETALICOS;;;CONEXTUBE;62.26;21;USD;;Un;1;
15118402;TERMINAL MEC.SECC185-400MM2 AGUJ.FIJØ12.;TERMINALES BIMETALICOS;;;CONEXTUBE;93.73;21;USD;;Un;1;
15125952;TERMINAL MEC.SECC 25-95MM2 AGUJ.FIJ Ø12.;TERMINALES BIMETALICOS;;;CONEXTUBE;17.52;21;USD;;Un;1;
15135152;TERMINAL MEC.SECC35-150MM2 AGUJ.FIJ Ø12.;TERMINALES BIMETALICOS;;;CONEXTUBE;28.42;21;USD;;Un;1;
15170242;TERMINAL MEC.SECC70-240MM2 AGUJ.FIJ Ø12.;TERMINALES BIMETALICOS;;;CONEXTUBE;46.04;21;USD;;Un;1;
15212300;CONECTOR MEC.SECC 120-300 MM2 ;TERMINALES BIMETALICOS;;;CONEXTUBE;65.90;21;USD;;Un;1;
15216950;CONECTOR MEC.SECC 16-95 MM2 ;TERMINALES BIMETALICOS;;;CONEXTUBE;15.38;21;USD;;Un;1;
15218400;CONECTOR MEC.SECC 185-400 MM2 ;TERMINALES BIMETALICOS;;;CONEXTUBE;91.88;21;USD;;Un;1;
15225150;CONECTOR MEC.SECC 25-150 MM2 ;TERMINALES BIMETALICOS;;;CONEXTUBE;21.51;21;USD;;Un;1;
15250240;CONECTOR MEC.SECC 50-240 MM2 ;TERMINALES BIMETALICOS;;;CONEXTUBE;53.73;21;USD;;Un;1;
15405007;BARRA DE NEUTRO P/DIARIO ;SEMIELABORADOS;;;CONEXTUBE;28,035.61;21;ARS;;Un;1;
16303150;INT.TERMOMAGNÉTICO CXTA -1X50A- 3KA;INTERRUPTORES CONEXTUBE;;;CONEXTUBE;8.69;21;USD;0163031500007;Un;12;
16303163;INT.TERMOMAGNÉTICO CXTA -1X63A- 3KA;INTERRUPTORES CONEXTUBE;;;CONEXTUBE;8.69;21;USD;0163031630007;Un;12;
16303250;INT.TERMOMAGNÉTICO CXTA -2X50A- 3KA;INTERRUPTORES CONEXTUBE;;;CONEXTUBE;24.65;21;USD;;Un;6;
16303263;INT.TERMOMAGNÉTICO CXTA -2X63A- 3KA;INTERRUPTORES CONEXTUBE;;;CONEXTUBE;14.56;21;USD;;Un;6;
16303350;INT.TERMOMAGNÉTICO CXTA -3X50A- 3KA ;INTERRUPTORES CONEXTUBE;;;CONEXTUBE;25.30;21;USD;1630335000001;Un;4;
16303363;INT.TERMOMAGNÉTICO CXTA -3X63A- 3KA;INTERRUPTORES CONEXTUBE;;;CONEXTUBE;25.30;21;USD;1630336300001;Un;4;
16303450;INT.TERMOMAGNÉTICO CXTA -4X50A- 3KA;INTERRUPTORES CONEXTUBE;;;CONEXTUBE;29.13;21;USD;1630345000008;Un;3;
16453102;INT.TERMOMAGNÉTICO CXTA -1X2A- 4.5KA;INTERRUPTORES CONEXTUBE;;;CONEXTUBE;6.44;21;USD;0164531020000;Un;12;
16453106;INT.TERMOMAGNÉTICO CXTA -1X6A- 4.5KA;INTERRUPTORES CONEXTUBE;;;CONEXTUBE;4.81;21;USD;0164531060008;Un;12;
16453110;INT.TERMOMAGNÉTICO CXTA -1X10A- 4.5KA;INTERRUPTORES CONEXTUBE;;;CONEXTUBE;4.81;21;USD;0164531100005;Un;12;
16453116;INT.TERMOMAGNÉTICO CXTA -1X16A- 4.5KA;INTERRUPTORES CONEXTUBE;;;CONEXTUBE;4.81;21;USD;0164531160007;Un;12;
16453120;INT.TERMOMAGNÉTICO CXTA -1X20A- 4.5KA;INTERRUPTORES CONEXTUBE;;;CONEXTUBE;4.81;21;USD;0164531200004;Un;12;
16453125;INT.TERMOMAGNÉTICO CXTA -1X25A- 4.5KA;INTERRUPTORES CONEXTUBE;;;CONEXTUBE;4.81;21;USD;0164531250009;Un;12;
16453132;INT.TERMOMAGNÉTICO CXTA -1X32A- 4.5KA;INTERRUPTORES CONEXTUBE;;;CONEXTUBE;4.81;21;USD;0164531320007;Un;12;
16453140;INT.TERMOMAGNÉTICO CXTA -1X40A- 4.5KA;INTERRUPTORES CONEXTUBE;;;CONEXTUBE;6.87;21;USD;0164531400002;Un;12;
16453150;INT.TERMOMAGNÉTICO CXTA -1X50A- 4.5KA;INTERRUPTORES CONEXTUBE;;;CONEXTUBE;8.24;21;USD;;Un;240;
16453163;INT.TERMOMAGNÉTICO CXTA -1X63A- 4.5KA;INTERRUPTORES CONEXTUBE;;;CONEXTUBE;8.24;21;USD;;Un;240;
16453202;INT.TERMOMAGNÉTICO CXTA -2X2A- 4.5KA;INTERRUPTORES CONEXTUBE;;;CONEXTUBE;14.49;21;USD;1645320200007;Un;6;
16453206;INT.TERMOMAGNÉTICO CXTA -2X6A- 4.5KA;INTERRUPTORES CONEXTUBE;;;CONEXTUBE;10.20;21;USD;1645320600005;Un;6;
16453210;INT.TERMOMAGNÉTICO CXTA -2X10A- 4.5KA;INTERRUPTORES CONEXTUBE;;;CONEXTUBE;10.20;21;USD;1645321000002;Un;6;
16453216;INT.TERMOMAGNÉTICO CXTA -2X16A- 4.5KA;INTERRUPTORES CONEXTUBE;;;CONEXTUBE;10.20;21;USD;1645321600004;Un;6;
16453220;INT.TERMOMAGNÉTICO CXTA -2X20A- 4.5KA;INTERRUPTORES CONEXTUBE;;;CONEXTUBE;10.20;21;USD;1645322000001;Un;6;
16453225;INT.TERMOMAGNÉTICO CXTA -2X25A- 4.5KA;INTERRUPTORES CONEXTUBE;;;CONEXTUBE;10.20;21;USD;1645322500006;Un;6;
16453232;INT.TERMOMAGNÉTICO CXTA -2X32A- 4.5KA;INTERRUPTORES CONEXTUBE;;;CONEXTUBE;10.20;21;USD;1645323200004;Un;6;
16453240;INT.TERMOMAGNÉTICO CXTA -2X40A- 4.5KA;INTERRUPTORES CONEXTUBE;;;CONEXTUBE;14.56;21;USD;1645324000009;Un;6;
16453250;INT.TERMOMAGNÉTICO CXTA -2X50A- 4.5KA;INTERRUPTORES CONEXTUBE;;;CONEXTUBE;14.56;21;USD;1645325000008;Un;6;
16453263;INT.TERMOMAGNÉTICO CXTA -1X63A- 4.5KA;INTERRUPTORES CONEXTUBE;;;CONEXTUBE;14.56;21;USD;1630326300004;Un;6;
16453263;INT.TERMOMAGNÉTICO CXTA -2X63A- 4.5KA;INTERRUPTORES CONEXTUBE;;;CONEXTUBE;14.56;21;USD;;Un;120;
16453302;INT.TERMOMAGNÉTICO CXTA -3X2A- 4.5KA;INTERRUPTORES CONEXTUBE;;;CONEXTUBE;22.55;21;USD;1645330200004;Un;4;
16453306;INT.TERMOMAGNÉTICO CXTA -3X6A- 4.5KA;INTERRUPTORES CONEXTUBE;;;CONEXTUBE;16.83;21;USD;1645330600002;Un;4;
16453310;INT.TERMOMAGNÉTICO CXTA -3X10A- 4.5KA;INTERRUPTORES CONEXTUBE;;;CONEXTUBE;16.83;21;USD;1645331000009;Un;4;
16453316;INT.TERMOMAGNÉTICO CXTA -3X16A- 4.5KA;INTERRUPTORES CONEXTUBE;;;CONEXTUBE;16.83;21;USD;1645331600001;Un;4;
16453320;INT.TERMOMAGNÉTICO CXTA -3X20A- 4.5KA;INTERRUPTORES CONEXTUBE;;;CONEXTUBE;16.83;21;USD;1645332000008;Un;4;
16453325;INT.TERMOMAGNÉTICO CXTA -3X25A- 4.5KA;INTERRUPTORES CONEXTUBE;;;CONEXTUBE;16.83;21;USD;1645332500003;Un;4;
16453332;INT.TERMOMAGNÉTICO CXTA -3X32A- 4.5KA;INTERRUPTORES CONEXTUBE;;;CONEXTUBE;16.83;21;USD;1645333200001;Un;4;
16453340;INT.TERMOMAGNÉTICO CXTA -3X40A- 4.5KA;INTERRUPTORES CONEXTUBE;;;CONEXTUBE;22.62;21;USD;1645334000006;Un;4;
16453350;INT.TERMOMAGNÉTICO CXTA -3X50A- 4.5KA;INTERRUPTORES CONEXTUBE;;;CONEXTUBE;37.09;21;USD;;Un;80;
16453363;INT.TERMOMAGNÉTICO CXTA -3X63A- 4.5KA;INTERRUPTORES CONEXTUBE;;;CONEXTUBE;37.09;21;USD;;Un;80;
16453402;INT.TERMOMAGNÉTICO CXTA -4X2A- 4.5KA;INTERRUPTORES CONEXTUBE;;;CONEXTUBE;30.44;21;USD;1645340200001;Un;3;
16453406;INT.TERMOMAGNÉTICO CXTA -4X6A- 4.5KA;INTERRUPTORES CONEXTUBE;;;CONEXTUBE;24.98;21;USD;1645340600009;Un;3;
16453410;INT.TERMOMAGNÉTICO CXTA -4X10A- 4.5KA;INTERRUPTORES CONEXTUBE;;;CONEXTUBE;24.98;21;USD;1645341000006;Un;3;
16453416;INT.TERMOMAGNÉTICO CXTA -4X16A- 4.5KA;INTERRUPTORES CONEXTUBE;;;CONEXTUBE;24.98;21;USD;1645341600008;Un;3;
16453420;INT.TERMOMAGNÉTICO CXTA -4X20A- 4.5KA;INTERRUPTORES CONEXTUBE;;;CONEXTUBE;24.98;21;USD;1645342000005;Un;3;
16453425;INT.TERMOMAGNÉTICO CXTA -4X25A- 4.5KA;INTERRUPTORES CONEXTUBE;;;CONEXTUBE;24.98;21;USD;1645342500000;Un;3;
16453432;INT.TERMOMAGNÉTICO CXTA -4X32A- 4.5KA;INTERRUPTORES CONEXTUBE;;;CONEXTUBE;24.98;21;USD;1645343200008;Un;3;
16453440;INT.TERMOMAGNÉTICO CXTA -4X40A- 4.5KA;INTERRUPTORES CONEXTUBE;;;CONEXTUBE;29.13;21;USD;1645344000003;Un;3;
16453450;INT.TERMOMAGNÉTICO CXTA -4X50A- 4.5KA;INTERRUPTORES CONEXTUBE;;;CONEXTUBE;29.13;21;USD;;Un;60;
16453463;INT.TERMOMAGNÉTICO CXTA -4X63A- 4.5KA;INTERRUPTORES CONEXTUBE;;;CONEXTUBE;29.13;21;USD;1645346300002;Un;3;
16585261;CONECTOR PLAST ROSCADO CAÑO BAJ PILAR;ACCESORIOS -REPUESTOS VARIOS;;;CONEXTUBE;4,201.69;21;ARS;0165852610002;Un;20;
16593000;PUENTE CUCHILLA T00;BASES E INTERCEPTORES;;;CONEXTUBE;23.07;21;USD;;Un;1;
16593001;PUENTE CUCHILLA T01 ;BASES E INTERCEPTORES;;;CONEXTUBE;21.17;21;USD;;Un;1;
16593002;PUENTE CUCHILLA T02;BASES E INTERCEPTORES;;;CONEXTUBE;32.52;21;USD;;Un;1;
16593003;PUENTE CUCHILLA T03;BASES E INTERCEPTORES;;;CONEXTUBE;51.14;21;USD;;Un;1;
16593004;MANIJA EXTRACTOR EMPU.DE FUSIBLE  NH;PROTECCIONES Y ACCESORIOS CONEXTUBE;;;CONEXTUBE;16.18;21;USD;;Un;1;
16596075;SECCIONADOR NH00 TRIP COMP 160A;MATERIA PRIMA;;;CONEXTUBE;123,392.72;21;USD;;Un;1;
16602106;INT.TERMOMAGNÉTICO CXTA -1X6A- 6KA - B;INTERRUPTORES CONEXTUBE;;;CONEXTUBE;7.45;21;USD;0166021060002;Un;12;
16602110;INT.TERMOMAGNÉTICO CXTA -1X10A- 6KA - B;INTERRUPTORES CONEXTUBE;;;CONEXTUBE;7.56;21;USD;0166021100009;Un;12;
16602206;INT.TERMOMAGNÉTICO CXTA -2X6A- 6KA - B;INTERRUPTORES CONEXTUBE;;;CONEXTUBE;23.08;21;USD;1660220600009;Un;6;
16602210;INT.TERMOMAGNÉTICO CXTA -2X10A- 6KA - B;INTERRUPTORES CONEXTUBE;;;CONEXTUBE;19.41;21;USD;1660221000006;Un;6;
16602216;INT.TERMOMAGNÉTICO CXTA -2X16A- 6KA - B;INTERRUPTORES CONEXTUBE;;;CONEXTUBE;19.41;21;USD;1660221600008;Un;6;
16602220;INT.TERMOMAGNÉTICO CXTA -2X20A- 6KA - B;INTERRUPTORES CONEXTUBE;;;CONEXTUBE;21.41;21;USD;1660222000005;Un;6;
16602225;INT.TERMOMAGNÉTICO CXTA -2X25A- 6KA - B;INTERRUPTORES CONEXTUBE;;;CONEXTUBE;21.41;21;USD;1660222500000;Un;6;
16603110;INT.TERMOMAGNÉTICO CXTA -1X10A- 6KA - C;INTERRUPTORES CONEXTUBE;;;CONEXTUBE;7.19;21;USD;0166031100008;Un;12;
16603116;INT.TERMOMAGNÉTICO CXTA -1X16A- 6KA - C;INTERRUPTORES CONEXTUBE;;;CONEXTUBE;7.19;21;USD;0166031160000;Un;12;
16603120;INT.TERMOMAGNÉTICO CXTA -1X20A- 6KA - C;INTERRUPTORES CONEXTUBE;;;CONEXTUBE;7.19;21;USD;0166031200007;Un;12;
16603125;INT.TERMOMAGNÉTICO CXTA -1X25A- 6KA - C;INTERRUPTORES CONEXTUBE;;;CONEXTUBE;7.19;21;USD;0166031250002;Un;12;
16603132;INT.TERMOMAGNÉTICO CXTA -1X32A- 6KA - C;INTERRUPTORES CONEXTUBE;;;CONEXTUBE;7.19;21;USD;0166031320000;Un;12;
16603140;INT.TERMOMAGNÉTICO CXTA -1X40A- 6KA - C;INTERRUPTORES CONEXTUBE;;;CONEXTUBE;9.56;21;USD;0166031400005;Un;12;
16603150;INT.TERMOMAGNÉTICO CXTA -1X50A- 6KA - C;INTERRUPTORES CONEXTUBE;;;CONEXTUBE;9.56;21;USD;0166031500004;Un;12;
16603163;INT.TERMOMAGNÉTICO CXTA -1X63A- 6KA - C;INTERRUPTORES CONEXTUBE;;;CONEXTUBE;9.56;21;USD;0166031630004;Un;12;
16603210;INT.TERMOMAGNÉTICO CXTA -2X10A- 6KA - C;INTERRUPTORES CONEXTUBE;;;CONEXTUBE;16.07;21;USD;1660321000005;Un;6;
16603216;INT.TERMOMAGNÉTICO CXTA -2X16A- 6KA - C;INTERRUPTORES CONEXTUBE;;;CONEXTUBE;16.07;21;USD;1660321600007;Un;6;
16603220;INT.TERMOMAGNÉTICO CXTA -2X20A- 6KA - C;INTERRUPTORES CONEXTUBE;;;CONEXTUBE;16.07;21;USD;1660322000004;Un;6;
16603225;INT.TERMOMAGNÉTICO CXTA -2X25A- 6KA - C;INTERRUPTORES CONEXTUBE;;;CONEXTUBE;16.07;21;USD;1660322500009;Un;6;
16603232;INT.TERMOMAGNÉTICO CXTA -2X32A- 6KA - C;INTERRUPTORES CONEXTUBE;;;CONEXTUBE;16.07;21;USD;1660323200007;Un;6;
16603240;INT.TERMOMAGNÉTICO CXTA -2X40A- 6KA - C;INTERRUPTORES CONEXTUBE;;;CONEXTUBE;20.19;21;USD;1660324000002;Un;6;
16603310;INT.TERMOMAGNÉTICO CXTA -3X10A- 6KA - C;INTERRUPTORES CONEXTUBE;;;CONEXTUBE;25.88;21;USD;1660331000002;Un;4;
16603316;INT.TERMOMAGNÉTICO CXTA -3X16A- 6KA - C;INTERRUPTORES CONEXTUBE;;;CONEXTUBE;25.88;21;USD;1660331600004;Un;4;
16603320;INT.TERMOMAGNÉTICO CXTA -3X20A- 6KA - C;INTERRUPTORES CONEXTUBE;;;CONEXTUBE;25.88;21;USD;1660332000001;Un;4;
16603325;INT.TERMOMAGNÉTICO CXTA -3X25A- 6KA - C;INTERRUPTORES CONEXTUBE;;;CONEXTUBE;25.88;21;USD;1660332500006;Un;4;
16603332;INT.TERMOMAGNÉTICO CXTA -3X32A- 6KA - C;INTERRUPTORES CONEXTUBE;;;CONEXTUBE;27.32;21;USD;1660333200004;Un;4;
16603340;INT.TERMOMAGNÉTICO CXTA -3X40A- 6KA - C;INTERRUPTORES CONEXTUBE;;;CONEXTUBE;36.32;21;USD;1660334000009;Un;4;
16603410;INT.TERMOMAGNÉTICO CXTA -4X10A- 6KA - C;INTERRUPTORES CONEXTUBE;;;CONEXTUBE;38.55;21;USD;1660341000009;Un;3;
16603416;INT.TERMOMAGNÉTICO CXTA -4X16A- 6KA - C;INTERRUPTORES CONEXTUBE;;;CONEXTUBE;38.55;21;USD;1660341600001;Un;3;
16603420;INT.TERMOMAGNÉTICO CXTA -4X20A- 6KA - C;INTERRUPTORES CONEXTUBE;;;CONEXTUBE;38.55;21;USD;1660342000008;Un;3;
16603425;INT.TERMOMAGNÉTICO CXTA -4X25A- 6KA - C;INTERRUPTORES CONEXTUBE;;;CONEXTUBE;38.55;21;USD;1660342500003;Un;3;
16603432;INT.TERMOMAGNÉTICO CXTA -4X32A- 6KA - C;INTERRUPTORES CONEXTUBE;;;CONEXTUBE;38.55;21;USD;1660343200001;Un;3;
16603440;INT.TERMOMAGNÉTICO CXTA -4X40A- 6KA - C;INTERRUPTORES CONEXTUBE;;;CONEXTUBE;42.38;21;USD;1660344000006;Un;3;
16603450;INT.TERMOMAGNÉTICO CXTA -4X50A- 6KA - C;INTERRUPTORES CONEXTUBE;;;CONEXTUBE;54.35;21;USD;1660345000005;Un;3;
16603463;INT.TERMOMAGNÉTICO CXTA -4X63A- 6KA - C;INTERRUPTORES CONEXTUBE;;;CONEXTUBE;54.35;21;USD;1660346300005;Un;3;
17415301;PIPETA Ø51 PLÁSTICA DESARMABLE PROT U.V;ACCESORIOS -REPUESTOS VARIOS;;;CONEXTUBE;3,400.55;21;ARS;0174153010004;Un;15;
20001051;PRENSACABLE METÁLICO ZA 1/2 BSC;PRENSACABLES METALICOS;;;CONEXTUBE;2,001.39;21;ARS;0020001051009;Un;200;
20001052;PRENSACABLE METÁLICO ZA 5/8 BSC;PRENSACABLES METALICOS;;;CONEXTUBE;2,762.46;21;ARS;0020001052006;Un;150;
20001053;PRENSACABLE METÁLICO ZA 3/4 BSC;PRENSACABLES METALICOS;;;CONEXTUBE;3,372.94;21;ARS;0020001053003;Un;100;
20001054;PRENSACABLE METÁLICO ZA 7/8 BSC;PRENSACABLES METALICOS;;;CONEXTUBE;4,084.00;21;ARS;0020001054000;Un;100;
20001055;PRENSACABLE METÁLICO ZA 1 BSC;PRENSACABLES METALICOS;;;CONEXTUBE;4,495.19;21;ARS;0200010550007;Un;60;
20001056;PRENSACABLE METÁLICO ZA 1 1/4  BSC;PRENSACABLES METALICOS;;;CONEXTUBE;7,672.01;21;ARS;0200010560004;Un;30;
20001057;PRENSACABLE METÁLICO ZA 1 1/2 BSC;PRENSACABLES METALICOS;;;CONEXTUBE;10,785.27;21;ARS;0200010570001;Un;25;
20001059;PRENSACABLE METÁLICO ZA 1/4 BSP;PRENSACABLES METALICOS;;;CONEXTUBE;2,255.54;21;ARS;0020001059005;Un;200;
20001060;PRENSACABLE METÁLICO ZA 3/8 BSP;PRENSACABLES METALICOS;;;CONEXTUBE;3,113.27;21;ARS;0020001060001;Un;200;
20001061;PRENSACABLE METÁLICO ZA 1/2 BSP;PRENSACABLES METALICOS;;;CONEXTUBE;3,462.72;21;ARS;0020001061008;Un;100;
20001062;PRENSACABLE METÁLICO ZA 5/8 BSP;PRENSACABLES METALICOS;;;CONEXTUBE;4,781.10;21;ARS;0020001062005;Un;100;
20001063;PRENSACABLE METÁLICO ZA 3/4 BSP;PRENSACABLES METALICOS;;;CONEXTUBE;5,432.34;21;ARS;0200010630002;Un;60;
20001064;PRENSACABLE METÁLICO ZA 1 BSP;PRENSACABLES METALICOS;;;CONEXTUBE;7,433.74;21;ARS;0200010640009;Un;30;
20001065;PRENSACABLE METÁLICO ZA 1 1/4 BSP;PRENSACABLES METALICOS;;;CONEXTUBE;10,197.57;21;ARS;;Un;25;
20031058;PRENSACABLE METÁLICO PC 2 BSC;PRENSACABLES METALICOS;;;CONEXTUBE;24,862.01;21;ARS;0200310580009;Un;12;
20031066;PRENSACABLE METÁLICO PC 1 1/2 BSP;PRENSACABLES METALICOS;;;CONEXTUBE;23,812.27;21;ARS;0200310660004;Un;12;
20031067;PRENSACABLE METÁLICO PC 2 BSP;PRENSACABLES METALICOS;;;CONEXTUBE;43,025.07;21;ARS;;Un;1;
20031068;PRENSACABLE METÁLICO PC 2 1/2 BSP;PRENSACABLES METALICOS;;;CONEXTUBE;70,179.90;21;ARS;2003106800008;Un;1;
20031069;PRENSACABLE METÁLICO PC 3 BSP;PRENSACABLES METALICOS;;;CONEXTUBE;135,760.34;21;ARS;2003106900005;Un;1;
20031070;PRENSACABLE METÁLICO PC 4 BSP;PRENSACABLES METALICOS;;;CONEXTUBE;202,404.32;21;ARS;;Un;1;
20070301;PRENSACABLE POLIAMIDA HP 1/2 BSC;PRENSACABLES POLIAMIDA;;;CONEXTUBE;723.66;21;ARS;0020070301005;Un;200;
20070302;PRENSACABLE POLIAMIDA HP 5/8 BSC;PRENSACABLES POLIAMIDA;;;CONEXTUBE;769.99;21;ARS;0020070302002;Un;150;
20070303;PRENSACABLE POLIAMIDA HP 3/4 BSC;PRENSACABLES POLIAMIDA;;;CONEXTUBE;886.11;21;ARS;0020070303009;Un;200;
20070304;PRENSACABLE POLIAMIDA HP 7/8 BSC;PRENSACABLES POLIAMIDA;;;CONEXTUBE;1,105.14;21;ARS;0020070304006;Un;100;
20070305;PRENSACABLE POLIAMIDA HP 1 BSC;PRENSACABLES POLIAMIDA;;;CONEXTUBE;1,524.61;21;ARS;0200703050003;Un;80;
20070306;PRENSACABLE POLIAMIDA HP 1 1/4 BSC;PRENSACABLES POLIAMIDA;;;CONEXTUBE;1,840.84;21;ARS;0200703060000;Un;40;
20070307;PRENSACABLE POLIAMIDA HP 1 1/2 BSC;PRENSACABLES POLIAMIDA;;;CONEXTUBE;3,074.01;21;ARS;;Un;25;
20070308;PRENSACABLE POLIAMIDA HP 2 BSC;PRENSACABLES POLIAMIDA;;;CONEXTUBE;4,901.47;21;ARS;0200703080004;Un;10;
20070309;PRENSACABLE POLIAMIDA HP 1/4 BSP;PRENSACABLES POLIAMIDA;;;CONEXTUBE;856.20;21;ARS;0020070309001;Un;200;
20070310;PRENSACABLE POLIAMIDA HP 3/8 BSP;PRENSACABLES POLIAMIDA;;;CONEXTUBE;977.58;21;ARS;;Un;150;
20070311;PRENSACABLE POLIAMIDA HP 1/2 BSP;PRENSACABLES POLIAMIDA;;;CONEXTUBE;1,012.18;21;ARS;0020070311004;Un;200;
20070313;PRENSACABLE POLIAMIDA HP 3/4 BSP;PRENSACABLES POLIAMIDA;;;CONEXTUBE;1,747.57;21;ARS;0200703130008;Un;80;
20070314;PRENSACABLE POLIAMIDA HP 1 BSP;PRENSACABLES POLIAMIDA;;;CONEXTUBE;2,578.84;21;ARS;0200703140005;Un;40;
20070315;PRENSACABLE POLIAMIDA HP 1 1/4 BSP;PRENSACABLES POLIAMIDA;;;CONEXTUBE;4,299.74;21;ARS;0200703150002;Un;25;
20070316;PRENSACABLE POLIAMIDA HP 1 1/2 BSP;PRENSACABLES POLIAMIDA;;;CONEXTUBE;6,209.75;21;ARS;0200703160009;Un;10;
20070320;PRENSACABLE POLIAMIDA HP PG 7;PRENSACABLES POLIAMIDA;;;CONEXTUBE;901.06;21;ARS;0020070320006;Un;200;
20070321;PRENSACABLE POLIAMIDA HP PG 9;PRENSACABLES POLIAMIDA;;;CONEXTUBE;957.65;21;ARS;0020070321003;Un;150;
20070322;PRENSACABLE POLIAMIDA HP PG 11;PRENSACABLES POLIAMIDA;;;CONEXTUBE;1,008.96;21;ARS;0020070322000;Un;150;
20070323;PRENSACABLE POLIAMIDA HP PG 13.5;PRENSACABLES POLIAMIDA;;;CONEXTUBE;1,065.26;21;ARS;0020070323007;Un;200;
20070324;PRENSACABLE POLIAMIDA HP PG 16;PRENSACABLES POLIAMIDA;;;CONEXTUBE;1,455.24;21;ARS;0020070324004;Un;100;
20070325;PRENSACABLE POLIAMIDA HP PG 21;PRENSACABLES POLIAMIDA;;;CONEXTUBE;1,690.98;21;ARS;0200703250001;Un;80;
20070326;PRENSACABLE POLIAMIDA HP PG 29;PRENSACABLES POLIAMIDA;;;CONEXTUBE;2,550.70;21;ARS;0200703260008;Un;40;
20070327;PRENSACABLE POLIAMIDA HP PG 36;PRENSACABLES POLIAMIDA;;;CONEXTUBE;4,530.50;21;ARS;0200703270005;Un;25;
20070328;PRENSACABLE POLIAMIDA HP PG 42;PRENSACABLES POLIAMIDA;;;CONEXTUBE;5,975.76;21;ARS;0200703280002;Un;15;
20070329;PRENSACABLE POLIAMIDA HP PG 48;PRENSACABLES POLIAMIDA;;;CONEXTUBE;6,735.79;21;ARS;0200703290009;Un;10;
21333179;TOMA MOVIL 2P+T 63A 250V IP67 PRCBL;FICHAS Y TOMAS INDUSTRIALES;;;CONEXTUBE;149.71;21;USD;;Un;1;
22012216;INT.DIFERENCIAL CXTD-2X16A-10MA- CL AC;INTERRUPTORES CONEXTUBE;;;CONEXTUBE;42.34;21;USD;2201221600002;Un;1;
22012225;INT.DIFERENCIAL CXTD-2X25A-10MA-CLASEAC ;INTERRUPTORES CONEXTUBE;;;CONEXTUBE;40.64;21;USD;2201222500004;Un;1;
22031225;INT.DIFERENCIAL CXTD -2X25A-30MA- CL.ASI;INTERRUPTORES CONEXTUBE;;;CONEXTUBE;64.16;21;USD;2203122500009;Un;1;
22031240;INT.DIFERENCIAL CXTD -2X40A-30MA- CL.ASI;INTERRUPTORES CONEXTUBE;;;CONEXTUBE;64.16;21;USD;2203124000002;Un;1;
22031263;INT.DIFERENCIAL CXTD -2X63A-30MA- CL.ASI;INTERRUPTORES CONEXTUBE;;;CONEXTUBE;64.16;21;USD;2203126300001;Un;1;
22031425;INT.DIFERENCIAL CXTD -4X25A-30MA- CL.ASI;INTERRUPTORES CONEXTUBE;;;CONEXTUBE;64.16;21;USD;2203142500003;Un;1;
22031440;INT.DIFERENCIAL CXTD -4X40A-30MA- CL.ASI;INTERRUPTORES CONEXTUBE;;;CONEXTUBE;64.16;21;USD;2203144000006;Un;1;
22031463;INT.DIFERENCIAL CXTD -4X63A-30MA- CL.ASI;INTERRUPTORES CONEXTUBE;;;CONEXTUBE;64.16;21;USD;2203146300005;Un;1;
22032225;INT.DIFERENCIAL CXTD-2X25A-30MA- CLASEAC;INTERRUPTORES CONEXTUBE;;;CONEXTUBE;42.67;21;USD;2203222500008;Un;1;
22032240;INT.DIFERENCIAL CXTD-2X40A-30MA- CLASEAC;INTERRUPTORES CONEXTUBE;;;CONEXTUBE;42.67;21;USD;2203224000001;Un;1;
22032263;INT.DIFERENCIAL CXTD-2X63A-30MA- CLASEAC;INTERRUPTORES CONEXTUBE;;;CONEXTUBE;42.67;21;USD;2203226300000;Un;1;
22032425;INT.DIFERENCIAL CXTD-4X25A-30MA- CLASEAC;INTERRUPTORES CONEXTUBE;;;CONEXTUBE;73.57;21;USD;2203242500002;Un;1;
22032440;INT.DIFERENCIAL CXTD-4X40A-30MA- CLASEAC;INTERRUPTORES CONEXTUBE;;;CONEXTUBE;73.57;21;USD;2203244000005;Un;1;
22032463;INT.DIFERENCIAL CXTD-4X63A-30MA- CLASEAC;INTERRUPTORES CONEXTUBE;;;CONEXTUBE;73.57;21;USD;2203246300004;Un;1;
22302201;INT.DIFERENCIAL CXTD-2X100A-300MA-CLASAC;INTERRUPTORES CONEXTUBE;;;CONEXTUBE;63.67;21;USD;2230220100008;Un;1;
22302225;INT.DIFERENCIAL CXTD-2X25A-300MA-CLASEAC;INTERRUPTORES CONEXTUBE;;;CONEXTUBE;63.67;21;USD;2230222500004;Un;1;
22302240;INT.DIFERENCIAL CXTD-2X40A-300MA-CLASEAC;INTERRUPTORES CONEXTUBE;;;CONEXTUBE;63.67;21;USD;2230224000007;Un;1;
22302263;INT.DIFERENCIAL CXTD-2X63A-300MA-CLASEAC;INTERRUPTORES CONEXTUBE;;;CONEXTUBE;63.67;21;USD;2230226300006;Un;1;
22302280;INT.DIFERENCIAL CXTD-2X80A-300MA-CLASEAC;INTERRUPTORES CONEXTUBE;;;CONEXTUBE;63.67;21;USD;2230228000003;Un;1;
22302401;INT.DIFERENCIAL CXTD-4X100A-300MA- CL AC;INTERRUPTORES CONEXTUBE;;;CONEXTUBE;92.14;21;USD;2230240100002;Un;1;
22302425;INT.DIFERENCIAL CXTD-4X25A-300MA-CLASEAC;INTERRUPTORES CONEXTUBE;;;CONEXTUBE;92.14;21;USD;2230242500008;Un;1;
22302440;INT.DIFERENCIAL CXTD-4X40A-300MA-CLASEAC;INTERRUPTORES CONEXTUBE;;;CONEXTUBE;92.14;21;USD;2230244000001;Un;1;
22302463;INT.DIFERENCIAL CXTD-4X63A-300MA- CL AC;INTERRUPTORES CONEXTUBE;;;CONEXTUBE;92.14;21;USD;2230246300000;Un;1;
22302480;INT.DIFERENCIAL CXTD-4X80A-300MA- CLA AC;INTERRUPTORES CONEXTUBE;;;CONEXTUBE;92.14;21;USD;2230248000007;Un;1;
23000144;BRIDA MODULO C/TAPA CMBR IP44;SEMIELABORADOS;;;CONEXTUBE;1,885.94;21;ARS;2300014400000;Un;1;
23000145;CJTO. TOMA DE EMBUTIR DE 10 A.- IP44;FICHAS Y TOMAS INDUSTRIALES PCE;;;CONEXTUBE;11,436.24;21;ARS;0230001450007;Un;10;
23000146;CJTO. TOMA DE EMBUTIR DE 20 A.- IP44;FICHAS Y TOMAS INDUSTRIALES PCE;;;CONEXTUBE;14,857.81;21;ARS;0230001460004;Un;10;
23000147;CJTO. TOMA DE EMBUTIR SCHUKO.- IP44;FICHAS Y TOMAS INDUSTRIALES PCE;;;CONEXTUBE;14,857.81;21;ARS;0230001470001;Un;10;
23000148;CJTO. TOMA DE EMBUTIR USB.- IP44;FICHAS Y TOMAS INDUSTRIALES PCE;;;CONEXTUBE;80,022.45;21;ARS;0230001480008;Un;10;
23000149;CJTO. TOMA DE EMBUTIR SCHUKO POL.- IP44;FICHAS Y TOMAS INDUSTRIALES PCE;;;CONEXTUBE;14,857.81;21;ARS;0230001490005;Un;10;
23121549;Toma Móvil 2P 16A 24V IP44;FICHAS Y TOMAS INDUSTRIALES PCE;;;CONEXTUBE;38.16;21;USD;;Un;10;
23121579;Ficha Móvil 2P 16A 24V IP67;FICHAS Y TOMAS INDUSTRIALES PCE;;;CONEXTUBE;48.22;21;USD;;Un;10;
23131149;Ficha Móvil 2P+T 16A 230V IP44;FICHAS Y TOMAS INDUSTRIALES PCE;;;CONEXTUBE;8.96;21;USD;0231311490004;Un;10;
23131179;Ficha Móvil 2P+T 16A 230V IP67;FICHAS Y TOMAS INDUSTRIALES PCE;;;CONEXTUBE;27.38;21;USD;0231311790001;Un;10;
23132149;Ficha Móvil 2P+T 32A 230V IP44;FICHAS Y TOMAS INDUSTRIALES PCE;;;CONEXTUBE;18.31;21;USD;0231321490003;Un;10;
23132179;Ficha Móvil 2P+T 32A 230V IP67;FICHAS Y TOMAS INDUSTRIALES PCE;;;CONEXTUBE;42.08;21;USD;0231321790000;Un;10;
23133179;Ficha Móvil 2P+T 63A 230V IP67;FICHAS Y TOMAS INDUSTRIALES PCE;;;CONEXTUBE;130.45;21;USD;2313317900009;Un;2;
23134179;Ficha Móvil 2P+T 125A 230V IP67;FICHAS Y TOMAS INDUSTRIALES PCE;;;CONEXTUBE;311.02;21;USD;2313417900008;Un;2;
23141249;Ficha Móvil 3P+T 16A 400V IP44;FICHAS Y TOMAS INDUSTRIALES PCE;;;CONEXTUBE;10.10;21;USD;0231412490008;Un;10;
23141279;Ficha Móvil 3P+T 16A 400V IP67;FICHAS Y TOMAS INDUSTRIALES PCE;;;CONEXTUBE;30.94;21;USD;0231412790005;Un;10;
23142249;Ficha Móvil 3P+T 32A 400V IP44;FICHAS Y TOMAS INDUSTRIALES PCE;;;CONEXTUBE;17.05;21;USD;0231422490007;Un;10;
23142274;"Ficha Móvil 3P+T 32A 400V IP67 ""3H""";FICHAS Y TOMAS INDUSTRIALES PCE;;;CONEXTUBE;66.69;21;USD;0231422740009;Un;10;
23142279;Ficha Móvil 3P+T 32A 400V IP67;FICHAS Y TOMAS INDUSTRIALES PCE;;;CONEXTUBE;42.23;21;USD;0231422790004;Un;10;
23143279;Ficha Móvil 3P+T 63A 400V IP67;FICHAS Y TOMAS INDUSTRIALES PCE;;;CONEXTUBE;115.50;21;USD;2314327900003;Un;2;
23144279;Ficha Móvil 3P+T 125A 400V IP67;FICHAS Y TOMAS INDUSTRIALES PCE;;;CONEXTUBE;322.15;21;USD;2314427900002;Un;2;
23151249;Ficha Móvil 3P+N+T 16A 400V IP44;FICHAS Y TOMAS INDUSTRIALES PCE;;;CONEXTUBE;13.71;21;USD;0231512490005;Un;10;
23151279;Ficha Móvil 3P+N+T 16A 400V IP67;FICHAS Y TOMAS INDUSTRIALES PCE;;;CONEXTUBE;37.05;21;USD;0231512790002;Un;10;
23152249;Ficha Móvil 3P+N+T 32A 400V IP44;FICHAS Y TOMAS INDUSTRIALES PCE;;;CONEXTUBE;20.70;21;USD;0231522490004;Un;10;
23152279;Ficha Móvil 3P+N+T 32A 400V IP67;FICHAS Y TOMAS INDUSTRIALES PCE;;;CONEXTUBE;47.04;21;USD;0231522790001;Un;10;
23153279;Ficha Móvil 3P+N+T 63A 400V IP67;FICHAS Y TOMAS INDUSTRIALES PCE;;;CONEXTUBE;122.97;21;USD;2315327900000;Un;2;
23154279;Ficha Móvil 3P+N+T 125A 400V IP67;FICHAS Y TOMAS INDUSTRIALES PCE;;;CONEXTUBE;343.65;21;USD;2315427900009;Un;2;
23221549;Toma Pared 2P 16A 24V IP44;FICHAS Y TOMAS INDUSTRIALES PCE;;;CONEXTUBE;47.12;21;USD;;Un;10;
23221579;Toma Pared 2P 16A 24V IP67;FICHAS Y TOMAS INDUSTRIALES PCE;;;CONEXTUBE;59.54;21;USD;;Un;10;
23231149;Toma Pared 2P+T 16A 230V IP44;FICHAS Y TOMAS INDUSTRIALES PCE;;;CONEXTUBE;21.74;21;USD;0232311490003;Un;10;
23231179;Toma SOP 90° 2P+T 16A 230V IP67;FICHAS Y TOMAS INDUSTRIALES PCE;;;CONEXTUBE;64.79;21;USD;0232311790000;Un;10;
23232149;Toma Pared 2P+T 32A 230V IP44;FICHAS Y TOMAS INDUSTRIALES PCE;;;CONEXTUBE;30.82;21;USD;0232321490002;Un;10;
23232179;Toma SOP 90° 2P+T 32A 230V IP67;FICHAS Y TOMAS INDUSTRIALES PCE;;;CONEXTUBE;98.18;21;USD;0232321790009;Un;10;
23233179;Toma SOP 90° 2P+T 63A 230V IP67;FICHAS Y TOMAS INDUSTRIALES PCE;;;CONEXTUBE;224.05;21;USD;2323317900008;Un;2;
23234179;Toma SOP 90° 2P+T 125A 230V IP67;FICHAS Y TOMAS INDUSTRIALES PCE;;;CONEXTUBE;486.50;21;USD;2323417900007;Un;2;
23241249;Toma Pared 3P+T 16A 400V IP44;FICHAS Y TOMAS INDUSTRIALES PCE;;;CONEXTUBE;26.36;21;USD;0232412490007;Un;10;
23241279;Toma SOP 90° 3P+T 16A 400V IP67;FICHAS Y TOMAS INDUSTRIALES PCE;;;CONEXTUBE;69.53;21;USD;0232412790004;Un;10;
23242249;Toma Pared 3P+T 32A 400V IP44;FICHAS Y TOMAS INDUSTRIALES PCE;;;CONEXTUBE;33.72;21;USD;0232422490006;Un;10;
23242274;"Toma SOP 90° 3P+T 32A 400V IP67 ""3H""";FICHAS Y TOMAS INDUSTRIALES PCE;;;CONEXTUBE;113.38;21;USD;0232422740008;Un;10;
23242279;Toma SOP 90° 3P+T 32A 400V IP67;FICHAS Y TOMAS INDUSTRIALES PCE;;;CONEXTUBE;96.60;21;USD;0232422790003;Un;10;
23243279; Toma Pared 3P+T 63A 400V IP67;FICHAS Y TOMAS INDUSTRIALES PCE;;;CONEXTUBE;219.09;21;USD;2324327900002;Un;2;
23244279;Toma SOP 90° 3P+T 125A 400V IP67;FICHAS Y TOMAS INDUSTRIALES PCE;;;CONEXTUBE;481.16;21;USD;2324427900001;Un;2;
23251249;Toma Pared 3P+N+T 16A 400V IP44;FICHAS Y TOMAS INDUSTRIALES PCE;;;CONEXTUBE;28.22;21;USD;0232512490004;Un;10;
23251279;Toma SOP 90° 3P+N+T 16A 400V IP67;FICHAS Y TOMAS INDUSTRIALES PCE;;;CONEXTUBE;80.96;21;USD;0232512790001;Un;10;
23252249;Toma Pared 3P+N+T 32A 400V IP44;FICHAS Y TOMAS INDUSTRIALES PCE;;;CONEXTUBE;38.33;21;USD;0232522490003;Un;10;
23252279;Toma SOP 90° 3P+N+T 32A 400V IP67;FICHAS Y TOMAS INDUSTRIALES PCE;;;CONEXTUBE;103.97;21;USD;0232522790000;Un;10;
23253279;Toma Pared 3P+N+T 63A 400V IP67;FICHAS Y TOMAS INDUSTRIALES PCE;;;CONEXTUBE;228.69;21;USD;2325327900009;Un;2;
23254279;Toma Pared 3P+N+T 125A 400V IP67;FICHAS Y TOMAS INDUSTRIALES PCE;;;CONEXTUBE;505.04;21;USD;2325427900008;Un;2;
23321549;Toma Móvil 2P 16A 24V IP44;FICHAS Y TOMAS INDUSTRIALES PCE;;;CONEXTUBE;37.58;21;USD;;Un;10;
23321579;Toma Móvil 2P 16A 24V IP67;FICHAS Y TOMAS INDUSTRIALES PCE;;;CONEXTUBE;47.49;21;USD;;Un;10;
23331149;Toma Movil 2P+T 16A 230V IP44;FICHAS Y TOMAS INDUSTRIALES PCE;;;CONEXTUBE;14.40;21;USD;0233311490002;Un;10;
23331179;Toma Movil 2P+T 16A 220V IP67;FICHAS Y TOMAS INDUSTRIALES PCE;;;CONEXTUBE;37.65;21;USD;0233311790009;Un;10;
23331179;Toma Movil 2P+T 16A 220V IP67;FICHAS Y TOMAS INDUSTRIALES PCE;;;CONEXTUBE;37.65;21;USD;0233311790009;Un;10;
23332149;Toma Movil 2P+T 32A 220V IP44;FICHAS Y TOMAS INDUSTRIALES PCE;;;CONEXTUBE;23.36;21;USD;0233321490001;Un;10;
23332179;Toma Movil 2P+T 32A 230V IP67;FICHAS Y TOMAS INDUSTRIALES PCE;;;CONEXTUBE;38.45;21;USD;0233321790008;Un;10;
23332179;Toma Movil 2P+T 32A 230V IP67;FICHAS Y TOMAS INDUSTRIALES PCE;;;CONEXTUBE;38.45;21;USD;0233321790008;Un;10;
23333179;Toma Movil 2P+T 63A 230V IP67;FICHAS Y TOMAS INDUSTRIALES PCE;;;CONEXTUBE;149.71;21;USD;2333317900007;Un;2;
23334179;Toma Movil 2P+T 125A 230V IP67;FICHAS Y TOMAS INDUSTRIALES PCE;;;CONEXTUBE;430.86;21;USD;2333417900006;Un;2;
23341249;Toma Movil 3P+T 16A 400V IP44;FICHAS Y TOMAS INDUSTRIALES PCE;;;CONEXTUBE;15.41;21;USD;0233412490006;Un;10;
23341279;Toma Movil 3P+T 16A 400V IP67;FICHAS Y TOMAS INDUSTRIALES PCE;;;CONEXTUBE;41.56;21;USD;0233412790003;Un;10;
23341279;Toma Movil 3P+T 16A 400V IP67;FICHAS Y TOMAS INDUSTRIALES PCE;;;CONEXTUBE;41.56;21;USD;0233412790003;Un;10;
23342249;Toma Movil 3P+T 32A 400V IP44;FICHAS Y TOMAS INDUSTRIALES PCE;;;CONEXTUBE;23.58;21;USD;0233422490005;Un;10;
23342274;"Toma Movil 3P+T 32A 400V IP67 ""3H""";FICHAS Y TOMAS INDUSTRIALES PCE;;;CONEXTUBE;81.85;21;USD;0233422740007;Un;10;
23342279;Toma Movil 3P+T 32A 400V IP67;FICHAS Y TOMAS INDUSTRIALES PCE;;;CONEXTUBE;51.83;21;USD;0233422790002;Un;10;
23342279;Toma Movil 3P+T 32A 400V IP67;FICHAS Y TOMAS INDUSTRIALES PCE;;;CONEXTUBE;51.83;21;USD;0233422790002;Un;10;
23343279;Toma Movil 3P+T 63A 400V IP67;FICHAS Y TOMAS INDUSTRIALES PCE;;;CONEXTUBE;151.25;21;USD;2334327900001;Un;2;
23344279;Toma Movil 3P+T 125A 400V IP67;FICHAS Y TOMAS INDUSTRIALES PCE;;;CONEXTUBE;424.83;21;USD;2334427900000;Un;2;
23351249;Toma Movil 3P+N+T 16A 400V IP44;FICHAS Y TOMAS INDUSTRIALES PCE;;;CONEXTUBE;20.63;21;USD;0233512490003;Un;10;
23351279;Toma Movil 3P+N+T 16A 400V IP67;FICHAS Y TOMAS INDUSTRIALES PCE;;;CONEXTUBE;47.79;21;USD;0233512790000;Un;10;
23351279;Toma Movil 3P+N+T 16A 400V IP67;FICHAS Y TOMAS INDUSTRIALES PCE;;;CONEXTUBE;47.79;21;USD;0233512790000;Un;10;
23352249;Toma Movil 3P+N+T 32A 400V IP44;FICHAS Y TOMAS INDUSTRIALES PCE;;;CONEXTUBE;27.16;21;USD;0233522490002;Un;10;
23352279;Toma Movil 3P+N+T 32A 400V IP67;FICHAS Y TOMAS INDUSTRIALES PCE;;;CONEXTUBE;59.15;21;USD;0233522790009;Un;10;
23352279;Toma Movil 3P+N+T 32A 400V IP67;FICHAS Y TOMAS INDUSTRIALES PCE;;;CONEXTUBE;59.15;21;USD;0233522790009;Un;10;
23353279;Toma Movil 3P+N+T 63A 400V IP67;FICHAS Y TOMAS INDUSTRIALES PCE;;;CONEXTUBE;161.53;21;USD;2335327900008;Un;2;
23354279;Toma Movil 3P+N+T 125A 400V IP67;FICHAS Y TOMAS INDUSTRIALES PCE;;;CONEXTUBE;463.10;21;USD;2335427900007;Un;2;
23421541;Toma Embutir 2P 16A 24V IP44;FICHAS Y TOMAS INDUSTRIALES PCE;;;CONEXTUBE;29.38;21;USD;;Un;10;
23421571;Toma Embutir 2P 16A 24V IP67;FICHAS Y TOMAS INDUSTRIALES PCE;;;CONEXTUBE;37.13;21;USD;;Un;10;
23431141;Toma Embutir 2P+T 16A 230V IP44;FICHAS Y TOMAS INDUSTRIALES PCE;;;CONEXTUBE;19.08;21;USD;0234311410005;Un;10;
23431171;Toma Embutir 2P+T 16A 230V IP67;FICHAS Y TOMAS INDUSTRIALES PCE;;;CONEXTUBE;29.73;21;USD;0234311710002;Un;10;
23432141;Toma Embutir 2P+T 32A 230V IP44;FICHAS Y TOMAS INDUSTRIALES PCE;;;CONEXTUBE;33.70;21;USD;0234321410004;Un;10;
23432171;Toma Embutir 2P+T 32A 230V IP67;FICHAS Y TOMAS INDUSTRIALES PCE;;;CONEXTUBE;53.60;21;USD;0234321710001;Un;10;
23433172;Toma Embutir 2P+T 63A 230V IP67;FICHAS Y TOMAS INDUSTRIALES PCE;;;CONEXTUBE;127.27;21;USD;2343317200007;Un;2;
23434173;Toma Embutir 2P+T 125A 220V IP67;FICHAS Y TOMAS INDUSTRIALES PCE;;;CONEXTUBE;334.61;21;USD;2343417300003;Un;2;
23441241;Toma Embutir 3P+T 16A 400V IP44;FICHAS Y TOMAS INDUSTRIALES PCE;;;CONEXTUBE;20.70;21;USD;0234412410009;Un;10;
23441271;Toma Embutir 3P+T 16A 400V IP67;FICHAS Y TOMAS INDUSTRIALES PCE;;;CONEXTUBE;33.64;21;USD;0234412710006;Un;10;
23442241;Toma Embutir 3P+T 32A 400V IP44;FICHAS Y TOMAS INDUSTRIALES PCE;;;CONEXTUBE;34.44;21;USD;0234422410008;Un;10;
23442271;Toma Embutir 3P+T 32A 400V IP67;FICHAS Y TOMAS INDUSTRIALES PCE;;;CONEXTUBE;47.97;21;USD;0234422710005;Un;10;
23442274;"Toma Embutir 3P+T 32A 400V IP67 ""3H""";FICHAS Y TOMAS INDUSTRIALES PCE;;;CONEXTUBE;76.99;21;USD;0234422740006;Un;10;
23443272;Toma Embutir 3P+T 63A 400V IP67;FICHAS Y TOMAS INDUSTRIALES PCE;;;CONEXTUBE;119.73;21;USD;2344327200001;Un;2;
23444273;Toma Embutir 3P+T 125A 380V IP67;FICHAS Y TOMAS INDUSTRIALES PCE;;;CONEXTUBE;331.15;21;USD;2344427300007;Un;2;
23451241;Toma Embutir 3P+N+T 16A 400V IP44;FICHAS Y TOMAS INDUSTRIALES PCE;;;CONEXTUBE;28.27;21;USD;0234512410006;Un;10;
23451271;Toma Embutir 3P+N+T 16A 400V IP67;FICHAS Y TOMAS INDUSTRIALES PCE;;;CONEXTUBE;41.61;21;USD;0234512710003;Un;10;
23452241;Toma Embutir 3P+N+T 32A 400V IP44;FICHAS Y TOMAS INDUSTRIALES PCE;;;CONEXTUBE;40.08;21;USD;0234522410005;Un;10;
23452271;Toma Embutir 3P+N+T 32A 400V IP67;FICHAS Y TOMAS INDUSTRIALES PCE;;;CONEXTUBE;51.83;21;USD;0234522710002;Un;10;
23453272;Toma Embutir 3P+N+T 63A 400V IP67;FICHAS Y TOMAS INDUSTRIALES PCE;;;CONEXTUBE;129.74;21;USD;2345327200008;Un;2;
23454273;Toma Embutir 3P+N+T 125A 400V IP67;FICHAS Y TOMAS INDUSTRIALES PCE;;;CONEXTUBE;368.43;21;USD;2345427300004;Un;2;
23531147;Ficha SOP 90° 2P+T 16A 230V IP44;FICHAS Y TOMAS INDUSTRIALES PCE;;;CONEXTUBE;33.42;21;USD;0235311470006;Un;10;
23532147;Ficha SOP 90° 2P+T 32A 230V IP44;FICHAS Y TOMAS INDUSTRIALES PCE;;;CONEXTUBE;54.81;21;USD;0235321470005;Un;10;
23533175;Ficha SOP 90° 2P+T 63A 230V IP67;FICHAS Y TOMAS INDUSTRIALES PCE;;;CONEXTUBE;200.16;21;USD;2353317500007;Un;2;
23534175;Ficha SOP 90° 2P+T 125A 230V IP67;FICHAS Y TOMAS INDUSTRIALES PCE;;;CONEXTUBE;339.56;21;USD;2353417500006;Un;2;
23541247;Ficha SOP 90° 3P+T 16A 400V IP44;FICHAS Y TOMAS INDUSTRIALES PCE;;;CONEXTUBE;37.82;21;USD;0235412470000;Un;10;
23542247;Ficha SOP 90° 3P+T 32A 400V IP44;FICHAS Y TOMAS INDUSTRIALES PCE;;;CONEXTUBE;58.41;21;USD;0235422470009;Un;10;
23543275;Ficha SOP 90° 3P+T 63A 400V IP67;FICHAS Y TOMAS INDUSTRIALES PCE;;;CONEXTUBE;194.35;21;USD;2354327500001;Un;2;
23544275;Ficha SOP 90° 3P+T 125A 400V IP67;FICHAS Y TOMAS INDUSTRIALES PCE;;;CONEXTUBE;332.56;21;USD;2354427500000;Un;2;
23551247;Ficha SOP 90° 3P+N+T 16A 400V IP44;FICHAS Y TOMAS INDUSTRIALES PCE;;;CONEXTUBE;49.10;21;USD;0235512470007;Un;10;
23552247;Ficha SOP 90° 3P+N+T 32A 400V IP44;FICHAS Y TOMAS INDUSTRIALES PCE;;;CONEXTUBE;59.89;21;USD;0235522470006;Un;10;
23553275;Ficha SOP 90° 3P+N+T 63A 400V IP67;FICHAS Y TOMAS INDUSTRIALES PCE;;;CONEXTUBE;206.32;21;USD;2355327500008;Un;2;
23554275;Ficha SOP 90° 3P+N+T 125A 400V IP67;FICHAS Y TOMAS INDUSTRIALES PCE;;;CONEXTUBE;381.57;21;USD;2355427500007;Un;2;
23631145;Ficha embutir 2P+T 16A 230V IP44;FICHAS Y TOMAS INDUSTRIALES PCE;;;CONEXTUBE;30.79;21;USD;0236311450001;Un;10;
23632145;Ficha Embutir 2P+T 32A 230V IP44;FICHAS Y TOMAS INDUSTRIALES PCE;;;CONEXTUBE;45.75;21;USD;0236321450000;Un;10;
23633175;Ficha Embutir 2P+T 63A 230V IP67;FICHAS Y TOMAS INDUSTRIALES PCE;;;CONEXTUBE;170.14;21;USD;2363317500006;Un;2;
23634175;Ficha Embutir 2P+T 125A 230V IP67;FICHAS Y TOMAS INDUSTRIALES PCE;;;CONEXTUBE;399.48;21;USD;2363417500005;Un;2;
23641245;Ficha Embutir 3P+T 16A 400V IP44;FICHAS Y TOMAS INDUSTRIALES PCE;;;CONEXTUBE;33.89;21;USD;0236412450005;Un;10;
23642245;Ficha Embutir 3P+T 32A 400V IP44;FICHAS Y TOMAS INDUSTRIALES PCE;;;CONEXTUBE;48.31;21;USD;0236422450004;Un;10;
23643275;Ficha Embutir 3P+T 63A 400V IP67;FICHAS Y TOMAS INDUSTRIALES PCE;;;CONEXTUBE;188.74;21;USD;2364327500000;Un;2;
23644275;Ficha Embutir 3P+T 125A 400V IP67;FICHAS Y TOMAS INDUSTRIALES PCE;;;CONEXTUBE;388.71;21;USD;2364427500009;Un;2;
23651245;Ficha Embutir 3P+N+T 16A 400V IP44;FICHAS Y TOMAS INDUSTRIALES PCE;;;CONEXTUBE;41.77;21;USD;0236512450002;Un;10;
23652245;Ficha Embutir 3P+N+T 32A 400V IP44;FICHAS Y TOMAS INDUSTRIALES PCE;;;CONEXTUBE;49.34;21;USD;0236522450001;Un;10;
23653275;Ficha Embutir 3P+N+T 63A 400V IP67;FICHAS Y TOMAS INDUSTRIALES PCE;;;CONEXTUBE;202.73;21;USD;2365327500007;Un;2;
23654275;Ficha Embutir 3P+N+T 125A 400V IP67;FICHAS Y TOMAS INDUSTRIALES PCE;;;CONEXTUBE;446.64;21;USD;2365427500006;Un;2;
23831140;Int.Bloqueo embutir 2P+T 16A 230V IP44;INTERRUPTORES DE BLOQUEO PCE;;;CONEXTUBE;188.54;21;USD;0238311400004;Un;1;
23831170;Int.Bloqueo embutir 2P+T 16A 230V IP67;INTERRUPTORES DE BLOQUEO PCE;;;CONEXTUBE;250.99;21;USD;0238311700001;Un;1;
23832140;Int.Bloqueo embutir 2P+T 32A 230V IP44;INTERRUPTORES DE BLOQUEO PCE;;;CONEXTUBE;219.58;21;USD;0238321400003;Un;1;
23832170;Int.Bloqueo embutir 2P+T 32A 230V IP67;INTERRUPTORES DE BLOQUEO PCE;;;CONEXTUBE;286.12;21;USD;0238321700000;Un;1;
23841240;Int.Bloqueo embutir 3P+T 16A 400V IP44;INTERRUPTORES DE BLOQUEO PCE;;;CONEXTUBE;211.16;21;USD;0238412400008;Un;1;
23841270;Int.Bloqueo embutir 3P+T 16A 400V IP67;INTERRUPTORES DE BLOQUEO PCE;;;CONEXTUBE;268.15;21;USD;0238412700005;Un;1;
23842240;Int.Bloqueo embutir 3P+T 32A 400V IP44;INTERRUPTORES DE BLOQUEO PCE;;;CONEXTUBE;249.60;21;USD;0238422400007;Un;1;
23842270;Int.Bloqueo embutir 3P+T 32A 400V IP67;INTERRUPTORES DE BLOQUEO PCE;;;CONEXTUBE;317.35;21;USD;0238422700004;Un;1;
23842274;Int.Bloqueo emb.3P+T 32A 400V IP67 3H;INTERRUPTORES DE BLOQUEO PCE;;;CONEXTUBE;317.35;21;USD;0238422740002;Un;1;
23851240;Int.Bloqueo embutir 3P+N+T 16A 400V IP44;INTERRUPTORES DE BLOQUEO PCE;;;CONEXTUBE;228.62;21;USD;0238512400005;Un;1;
23851270;Int.Bloqueo embutir 3P+N+T 16A 400V IP67;INTERRUPTORES DE BLOQUEO PCE;;;CONEXTUBE;284.50;21;USD;0238512700002;Un;1;
23852240;Int.Bloqueo embutir 3P+N+T 32A 400V IP44;INTERRUPTORES DE BLOQUEO PCE;;;CONEXTUBE;279.63;21;USD;0238522400004;Un;1;
23852270;Int.Bloqueo embutir 3P+N+T 32A 400V IP67;INTERRUPTORES DE BLOQUEO PCE;;;CONEXTUBE;355.90;21;USD;0238522700001;Un;1;
23931140;Int.Bloqueo SOB 2P+T 16A 230V IP44;INTERRUPTORES DE BLOQUEO PCE;;;CONEXTUBE;209.39;21;USD;0239311400003;Un;1;
23931170;Int.Bloqueo SOB 2P+T 16A 230V IP67;INTERRUPTORES DE BLOQUEO PCE;;;CONEXTUBE;291.15;21;USD;0239311700000;Un;1;
23932140;Int.Bloqueo SOB 2P+T 32A 230V IP44;INTERRUPTORES DE BLOQUEO PCE;;;CONEXTUBE;254.71;21;USD;0239321400002;Un;1;
23932170;Int.Bloqueo SOB 2P+T 32A 230V IP67;INTERRUPTORES DE BLOQUEO PCE;;;CONEXTUBE;331.90;21;USD;0239321700009;Un;1;
23941240;Int.Bloqueo SOB 3P+T 16A 400V IP44;INTERRUPTORES DE BLOQUEO PCE;;;CONEXTUBE;234.53;21;USD;0239412400007;Un;1;
23941270;Int.Bloqueo SOB 3P+T 16A 400V IP67;INTERRUPTORES DE BLOQUEO PCE;;;CONEXTUBE;311.06;21;USD;0239412700004;Un;1;
23942240;Int.Bloqueo SOB 3P+T 32A 400V IP44;INTERRUPTORES DE BLOQUEO PCE;;;CONEXTUBE;289.55;21;USD;0239422400006;Un;1;
23942270;Int.Bloqueo SOB 3P+T 32A 400V IP67;INTERRUPTORES DE BLOQUEO PCE;;;CONEXTUBE;368.13;21;USD;0239422700003;Un;1;
23942274;Int.Bloqueo SOB 3P+T 32A 400V IP67 3H;INTERRUPTORES DE BLOQUEO PCE;;;CONEXTUBE;309.84;21;USD;0239422740001;Un;1;
23951240;Int.Bloqueo SOB 3P+N+T 16A 400V IP44;INTERRUPTORES DE BLOQUEO PCE;;;CONEXTUBE;253.94;21;USD;0239512400004;Un;1;
23951270;Int.Bloqueo SOB 3P+N+T 16A 400V IP67;INTERRUPTORES DE BLOQUEO PCE;;;CONEXTUBE;330.02;21;USD;0239512700001;Un;1;
23952240;Int.Bloqueo SOB 3P+N+T 32A 400V IP44;INTERRUPTORES DE BLOQUEO PCE;;;CONEXTUBE;324.39;21;USD;0239522400003;Un;1;
23952270;Int.Bloqueo SOB 3P+N+T 32A 400V IP67;INTERRUPTORES DE BLOQUEO PCE;;;CONEXTUBE;412.85;21;USD;0239522700000;Un;1;
24111001;GUARDAMOTOR CXT J1 - 0.1/0.16 A - C/VEN;PROTECCIONES Y ACCESORIOS CONEXTUBE;;;CONEXTUBE;95.57;21;USD;2411100100008;Un;1;
24111002;GUARDAMOTOR CXT J1 - 0.16/0.25 A - C/VEN;PROTECCIONES Y ACCESORIOS CONEXTUBE;;;CONEXTUBE;95.57;21;USD;2411100200005;Un;1;
24111004;GUARDAMOTOR CXT J1 - 0.25/0.40 A - C/VEN;PROTECCIONES Y ACCESORIOS CONEXTUBE;;;CONEXTUBE;95.57;21;USD;2411100400009;Un;1;
24111006;GUARDAMOTOR CXT J1 - 0.40/0.63 A - C/VEN;PROTECCIONES Y ACCESORIOS CONEXTUBE;;;CONEXTUBE;95.57;21;USD;2411100600003;Un;1;
24111010;GUARDAMOTOR CXT J1 - 0.63/1 A - C/VEN;PROTECCIONES Y ACCESORIOS CONEXTUBE;;;CONEXTUBE;95.57;21;USD;2411101000000;Un;1;
24111016;GUARDAMOTOR CXT J1 - 1/1.6 A - C/VEN;PROTECCIONES Y ACCESORIOS CONEXTUBE;;;CONEXTUBE;95.57;21;USD;2411101600002;Un;1;
24111025;GUARDAMOTOR CXT J1 - 1.6/2.5 A - C/VEN;PROTECCIONES Y ACCESORIOS CONEXTUBE;;;CONEXTUBE;95.57;21;USD;2411102500004;Un;1;
24111040;GUARDAMOTOR CXT J1 - 2.5/4 A - C/VEN;PROTECCIONES Y ACCESORIOS CONEXTUBE;;;CONEXTUBE;95.57;21;USD;2411104000007;Un;1;
24111063;GUARDAMOTOR CXT J1 - 4/6.3 A - C/VEN;PROTECCIONES Y ACCESORIOS CONEXTUBE;;;CONEXTUBE;95.57;21;USD;2411106300006;Un;1;
24111100;GUARDAMOTOR CXT J1 - 6/10 A - C/VEN;PROTECCIONES Y ACCESORIOS CONEXTUBE;;;CONEXTUBE;95.57;21;USD;2411110000008;Un;1;
24111140;GUARDAMOTOR CXT J1 - 9/14 A - C/VEN;PROTECCIONES Y ACCESORIOS CONEXTUBE;;;CONEXTUBE;95.57;21;USD;2411114000004;Un;1;
24111180;GUARDAMOTOR CXT J1 - 13/18 A - C/VEN;PROTECCIONES Y ACCESORIOS CONEXTUBE;;;CONEXTUBE;95.57;21;USD;2411118000000;Un;1;
24111230;GUARDAMOTOR CXT J1 - 17/23 A - C/VEN;PROTECCIONES Y ACCESORIOS CONEXTUBE;;;CONEXTUBE;95.57;21;USD;2411123000002;Un;1;
24111250;GUARDAMOTOR CXT J1 - 20/25 A - C/VEN;PROTECCIONES Y ACCESORIOS CONEXTUBE;;;CONEXTUBE;95.57;21;USD;2411125000000;Un;1;
24111320;GUARDAMOTOR CXT J1 - 24/32 A - C/VEN;PROTECCIONES Y ACCESORIOS CONEXTUBE;;;CONEXTUBE;95.57;21;USD;2411132000000;Un;1;
24121400;GUARDAMOTOR CXT J2 - 25/40 A - C/VEN;PROTECCIONES Y ACCESORIOS CONEXTUBE;;;CONEXTUBE;274.12;21;USD;2412140000006;Un;1;
24121630;GUARDAMOTOR CXT J2 - 40/63 A - C/VEN;PROTECCIONES Y ACCESORIOS CONEXTUBE;;;CONEXTUBE;274.12;21;USD;2412163000007;Un;1;
24121800;GUARDAMOTOR CXT J2 - 56/80 A - C/VEN;PROTECCIONES Y ACCESORIOS CONEXTUBE;;;CONEXTUBE;274.12;21;USD;2412180000004;Un;1;
24213220;BOBINA DE MÍNIMA TENSIÓN 220V 50HZ;PROTECCIONES Y ACCESORIOS CONEXTUBE;;;CONEXTUBE;57.78;21;USD;2421322000000;Un;1;
24213380;BOBINA DE MÍNIMA TENSIÓN 380V 50HZ;PROTECCIONES Y ACCESORIOS CONEXTUBE;;;CONEXTUBE;60.44;21;USD;2421338000001;Un;1;
24214220;BOBINA DE APERTURA 220V;PROTECCIONES Y ACCESORIOS CONEXTUBE;;;CONEXTUBE;57.78;21;USD;2421422000009;Un;1;
24214380;BOBINA DE APERTURA 380V;PROTECCIONES Y ACCESORIOS CONEXTUBE;;;CONEXTUBE;60.44;21;USD;2421438000000;Un;1;
24215011;CONTACTO AUXILIAR FRONTAL 1NA+1NC;PROTECCIONES Y ACCESORIOS CONEXTUBE;;;CONEXTUBE;15.27;21;USD;0242150110002;Un;1;
24215020;CONTACTO AUXILIAR FRONTAL 2NA;PROTECCIONES Y ACCESORIOS CONEXTUBE;;;CONEXTUBE;15.27;21;USD;0242150200004;Un;1;
24216011;CONTACTO AUXILIAR LATERAL 1NA+1NC;PROTECCIONES Y ACCESORIOS CONEXTUBE;;;CONEXTUBE;21.93;21;USD;2421601100001;Un;1;
24216020;CONTACTO AUXILIAR LATERAL 2NA;PROTECCIONES Y ACCESORIOS CONEXTUBE;;;CONEXTUBE;20.59;21;USD;2421602000003;Un;1;
24217101;CONTACTO DE ALARMA 2NA;PROTECCIONES Y ACCESORIOS CONEXTUBE;;;CONEXTUBE;48.50;21;USD;2421710100008;Un;1;
24217111;CONTACTO DE ALARMA 1NC+1NA;PROTECCIONES Y ACCESORIOS CONEXTUBE;;;CONEXTUBE;48.50;21;USD;2421711100007;Un;1;
24223220;BOBINA DE MÍNIMA TENSIÓN 220V CXTJ2;PROTECCIONES Y ACCESORIOS CONEXTUBE;;;CONEXTUBE;57.78;21;USD;2422322000007;Un;1;
24223380;BOBINA DE MÍNIMA TENSIÓN 380V;PROTECCIONES Y ACCESORIOS CONEXTUBE;;;CONEXTUBE;60.44;21;USD;2422338000008;Un;1;
24224220;BOBINA DE APERTURA 220V;PROTECCIONES Y ACCESORIOS CONEXTUBE;;;CONEXTUBE;71.06;21;USD;2422422000006;Un;1;
24224380;BOBINA DE APERTURA 380V;PROTECCIONES Y ACCESORIOS CONEXTUBE;;;CONEXTUBE;60.44;21;USD;2422438000007;Un;1;
24227011;CONTACTO DE ALARMA 1NC+1NA JK2;PROTECCIONES Y ACCESORIOS CONEXTUBE;;;CONEXTUBE;48.50;21;USD;2422701100007;Un;1;
24227020;CONTACTO DE ALARMA 2NA;PROTECCIONES Y ACCESORIOS CONEXTUBE;;;CONEXTUBE;77.51;21;USD;;Un;1;
25070402;KIT HP 5/8 BSC S/GUARN/DES;PRENSACABLES POLIAMIDA;;;CONEXTUBE;1,048.03;21;ARS;2507040200004;Un;1;
26303210;INT.TERMOMAGNÉTICO ARGENBLOC -2X10A- 3KA;INTERRUPTORES CONEXTUBE;;;CONEXTUBE;23.81;21;USD;;Un;6;
26303216;INT.TERMOMAGNÉTICO ARGENBLOC -2X16A- 3KA;INTERRUPTORES CONEXTUBE;;;CONEXTUBE;23.81;21;USD;;Un;6;
26303220;INT.TERMOMAGNÉTICO ARGENBLOC -2X20A- 3KA;INTERRUPTORES CONEXTUBE;;;CONEXTUBE;23.81;21;USD;;Un;6;
26303225;INT.TERMOMAGNÉTICO ARGENBLOC -2X25A- 3KA;INTERRUPTORES CONEXTUBE;;;CONEXTUBE;23.81;21;USD;;Un;6;
26303232;INT.TERMOMAGNÉTICO ARGENBLOC -2X32A- 3KA;INTERRUPTORES CONEXTUBE;;;CONEXTUBE;23.81;21;USD;;Un;6;
27010100;FUSIBLE NH1-100;FUSIBLES IMPORTAD0S;;;CONEXTUBE;20.37;21;USD;;Un;3;
27010125;FUSIBLE NH1-125;FUSIBLES IMPORTAD0S;;;CONEXTUBE;20.37;21;USD;;Un;3;
27010160;FUSIBLE NH1-160;FUSIBLES IMPORTAD0S;;;CONEXTUBE;20.37;21;USD;;Un;3;
27010200;FUSIBLE NH1-200;FUSIBLES IMPORTAD0S;;;CONEXTUBE;20.77;21;USD;;Un;3;
27010224;FUSIBLE NH1-224;FUSIBLES IMPORTAD0S;;;CONEXTUBE;20.77;21;USD;;Un;3;
27010250;FUSIBLE NH1-250;FUSIBLES IMPORTAD0S;;;CONEXTUBE;20.77;21;USD;;Un;3;
27020125;FUSIBLE NH2-125;FUSIBLES IMPORTAD0S;;;CONEXTUBE;30.59;21;USD;;Un;3;
27020160;FUSIBLE NH2-160;FUSIBLES IMPORTAD0S;;;CONEXTUBE;30.59;21;USD;;Un;3;
27020200;FUSIBLE NH2-200;FUSIBLES IMPORTAD0S;;;CONEXTUBE;31.12;21;USD;;Un;3;
27020250;FUSIBLE NH2-250;FUSIBLES IMPORTAD0S;;;CONEXTUBE;31.12;21;USD;;Un;3;
27020315;FUSIBLE NH2-315;FUSIBLES IMPORTAD0S;;;CONEXTUBE;31.12;21;USD;;Un;3;
27020355;FUSIBLE NH2-355;FUSIBLES IMPORTAD0S;;;CONEXTUBE;31.45;21;USD;;Un;3;
27020400;FUSIBLE NH2-400;FUSIBLES IMPORTAD0S;;;CONEXTUBE;31.45;21;USD;;Un;3;
27030315;FUSIBLE NH3-315;FUSIBLES IMPORTAD0S;;;CONEXTUBE;41.40;21;USD;;Un;3;
27030400;FUSIBLE NH3-400;FUSIBLES IMPORTAD0S;;;CONEXTUBE;44.21;21;USD;;Un;3;
27030500;FUSIBLE NH3-500;FUSIBLES IMPORTAD0S;;;CONEXTUBE;44.21;21;USD;;Un;3;
27030630;FUSIBLE NH3-630;FUSIBLES IMPORTAD0S;;;CONEXTUBE;44.21;21;USD;;Un;3;
27030800;FUSIBLE NH3-800;FUSIBLES IMPORTAD0S;;;CONEXTUBE;52.29;21;USD;;Un;3;
27032240;INT.DIF ARGENBLOC 2X40A-30MA- CLASE AC;INTERRUPTORES CONEXTUBE;;;CONEXTUBE;75.98;21;USD;;Un;1;
27200004;FUSIBLE NH00-4;FUSIBLES IMPORTAD0S;;;CONEXTUBE;9.82;21;USD;;Un;3;
27200006;FUSIBLE NH00-6;FUSIBLES IMPORTAD0S;;;CONEXTUBE;9.82;21;USD;;Un;3;
27200010;FUSIBLE NH00-10;FUSIBLES IMPORTAD0S;;;CONEXTUBE;9.75;21;USD;;Un;3;
27200016;FUSIBLE NH00-16;FUSIBLES IMPORTAD0S;;;CONEXTUBE;9.35;21;USD;;Un;3;
27200020;FUSIBLE NH00-20;FUSIBLES IMPORTAD0S;;;CONEXTUBE;9.35;21;USD;;Un;3;
27200025;FUSIBLE NH00-25;FUSIBLES IMPORTAD0S;;;CONEXTUBE;9.35;21;USD;;Un;3;
27200032;FUSIBLE NH00-32;FUSIBLES IMPORTAD0S;;;CONEXTUBE;9.35;21;USD;;Un;3;
27200040;FUSIBLE NH00-40;FUSIBLES IMPORTAD0S;;;CONEXTUBE;9.35;21;USD;;Un;3;
27200050;FUSIBLE NH00-50;FUSIBLES IMPORTAD0S;;;CONEXTUBE;9.35;21;USD;;Un;3;
27200063;FUSIBLE NH00-63;FUSIBLES IMPORTAD0S;;;CONEXTUBE;9.35;21;USD;;Un;3;
27200080;FUSIBLE NH00-80;FUSIBLES IMPORTAD0S;;;CONEXTUBE;9.35;21;USD;;Un;3;
27200100;FUSIBLE NH00-100;FUSIBLES IMPORTAD0S;;;CONEXTUBE;9.35;21;USD;;Un;3;
27200125;FUSIBLE NH00-125;FUSIBLES IMPORTAD0S;;;CONEXTUBE;9.82;21;USD;;Un;3;
27200160;FUSIBLE NH00-160;FUSIBLES IMPORTAD0S;;;CONEXTUBE;9.82;21;USD;;Un;3;
29002001;TUERCA METÁLICA 1/2 BSC;ACCESORIOS -REPUESTOS VARIOS;;;CONEXTUBE;673.72;21;ARS;0029002001006;Un;100;
29002002;TUERCA METÁLICA 1/4 BSP;ACCESORIOS -REPUESTOS VARIOS;;;CONEXTUBE;673.72;21;ARS;0290020020003;Un;50;
29002003;TUERCA METÁLICA 5/8 BSC;ACCESORIOS -REPUESTOS VARIOS;;;CONEXTUBE;673.72;21;ARS;0029002003000;Un;100;
29002004;TUERCA METÁLICA 3/8 BSP;ACCESORIOS -REPUESTOS VARIOS;;;CONEXTUBE;673.72;21;ARS;0290020040007;Un;50;
29002005;TUERCA METÁLICA 3/4 BSC;ACCESORIOS -REPUESTOS VARIOS;;;CONEXTUBE;810.96;21;ARS;0029002005004;Un;100;
29002006;TUERCA METÁLICA 1/2 BSP;ACCESORIOS -REPUESTOS VARIOS;;;CONEXTUBE;873.33;21;ARS;0029002006001;Un;100;
29002007;TUERCA METÁLICA 7/8 BSC;ACCESORIOS -REPUESTOS VARIOS;;;CONEXTUBE;1,060.47;21;ARS;0029002007008;Un;100;
29002008;TUERCA METÁLICA 5/8 BSP;ACCESORIOS -REPUESTOS VARIOS;;;CONEXTUBE;1,010.56;21;ARS;0290020080005;Un;20;
29002009;TUERCA METÁLICA 1 BSC;ACCESORIOS -REPUESTOS VARIOS;;;CONEXTUBE;1,222.66;21;ARS;0290020090002;Un;50;
29002010;TUERCA METÁLICA 3/4 BSP;ACCESORIOS -REPUESTOS VARIOS;;;CONEXTUBE;1,172.77;21;ARS;0290020100008;Un;50;
29002011;TUERCA METÁLICA 1 1/4 BSC;ACCESORIOS -REPUESTOS VARIOS;;;CONEXTUBE;1,384.64;21;ARS;0290020110005;Un;20;
29002012;TUERCA METÁLICA 1 BSP;ACCESORIOS -REPUESTOS VARIOS;;;CONEXTUBE;1,421.72;21;ARS;0290020120002;Un;50;
29002013;TUERCA METÁLICA 1 1/2 BSC;ACCESORIOS -REPUESTOS VARIOS;;;CONEXTUBE;2,241.18;21;ARS;0290020130009;Un;20;
29002014;TUERCA METÁLICA 1 1/4 BSP;ACCESORIOS -REPUESTOS VARIOS;;;CONEXTUBE;2,241.18;21;ARS;0290020140006;Un;10;
29032015;TUERCA METÁLICA 2 BSC;ACCESORIOS -REPUESTOS VARIOS;;;CONEXTUBE;3,393.52;21;ARS;0290320150004;Un;10;
29032016;TUERCA METÁLICA 1 1/2 BSP;ACCESORIOS -REPUESTOS VARIOS;;;CONEXTUBE;2,358.02;21;ARS;0290320160001;Un;10;
29032017;TUERCA METÁLICA 2 BSP;ACCESORIOS -REPUESTOS VARIOS;;;CONEXTUBE;3,430.96;21;ARS;2903201700008;Un;1;
29032018;TUERCA METÁLICA 2 1/2 BSP;ACCESORIOS -REPUESTOS VARIOS;;;CONEXTUBE;8,546.20;21;ARS;2903201800005;Un;1;
29032019;TUERCA METÁLICA 3 BSP;ACCESORIOS -REPUESTOS VARIOS;;;CONEXTUBE;9,918.58;21;ARS;2903201900002;Un;1;
29032020;TUERCA METALICA 4'' BSP;ACCESORIOS -REPUESTOS VARIOS;;;CONEXTUBE;13,100.01;21;ARS;2903202000008;Un;1;
30001020;CONECTOR ZM P/CAÑO RE 1/2 BSC;CONECTORES ZM/ZR;;;CONEXTUBE;2,764.91;21;ARS;0030001020004;Un;120;
30001021;CONECTOR ZM P/CAÑO RE 5/8 BSC;CONECTORES ZM/ZR;;;CONEXTUBE;3,542.07;21;ARS;0030001021001;Un;100;
30001022;CONECTOR ZM P/CAÑO RE 3/4 BSC;CONECTORES ZM/ZR;;;CONEXTUBE;3,870.88;21;ARS;0300010220008;Un;80;
30001023;CONECTOR ZM P/CAÑO RE 7/8 BSC;CONECTORES ZM/ZR;;;CONEXTUBE;4,528.47;21;ARS;0300010230005;Un;60;
30001024;CONECTOR ZM P/CAÑO RE 1 BSC;CONECTORES ZM/ZR;;;CONEXTUBE;5,410.26;21;ARS;0300010240002;Un;36;
30001025;CONECTOR ZM P/CAÑO RE 1 1/4 BSC;CONECTORES ZM/ZR;;;CONEXTUBE;9,273.80;21;ARS;0300010250009;Un;24;
30001026;CONECTOR ZM P/CAÑO RE 1 1/2 BSC;CONECTORES ZM/ZR;;;CONEXTUBE;12,296.57;21;ARS;0300010260006;Un;15;
30001027;CONECTOR ZM P/CAÑO RE 2 BSC;CONECTORES ZM/ZR;;;CONEXTUBE;24,047.24;21;ARS;0300010270003;Un;12;
32201210;PULSADOR RAS Ø22 NA NEGRO - ;MANDO Y SEÑALIZACION CONEXTUBE;;;CONEXTUBE;6.59;21;USD;0322012100001;Un;20;
32201310;PULSADOR RAS Ø22 NA - VERDE;MANDO Y SEÑALIZACION CONEXTUBE;;;CONEXTUBE;6.59;21;USD;0322013100008;Un;20;
32201410;PULSADOR RAS Ø22 NC - ROJO;MANDO Y SEÑALIZACION CONEXTUBE;;;CONEXTUBE;6.59;21;USD;0322014100005;Un;20;
32201510;PULSADOR RAS Ø22 NA - AMARILLO;MANDO Y SEÑALIZACION CONEXTUBE;;;CONEXTUBE;6.59;21;USD;0322015100002;Un;20;
32201610;PULSADOR RAS Ø22 NA - AZUL;MANDO Y SEÑALIZACION CONEXTUBE;;;CONEXTUBE;6.59;21;USD;0322016100009;Un;20;
32202210;PULSADOR SAL Ø22 NA - NEGRO;MANDO Y SEÑALIZACION CONEXTUBE;;;CONEXTUBE;6.95;21;USD;0322022100000;Un;20;
32202310;PULSADOR SAL Ø22 NA - VERDE;MANDO Y SEÑALIZACION CONEXTUBE;;;CONEXTUBE;6.95;21;USD;0322023100007;Un;20;
32202420;PULSADOR SAL Ø22 NC - ROJO;MANDO Y SEÑALIZACION CONEXTUBE;;;CONEXTUBE;6.95;21;USD;0322024200003;Un;20;
32202510;PULSADOR SAL Ø22 NA - AMARILLO;MANDO Y SEÑALIZACION CONEXTUBE;;;CONEXTUBE;6.95;21;USD;0322025100001;Un;20;
32202610;PULSADOR SAL Ø22 NA - AZUL;MANDO Y SEÑALIZACION CONEXTUBE;;;CONEXTUBE;6.95;21;USD;0322026100008;Un;20;
32203210;SELECT MAN CORTA Ø22 2 POS F. NA ;MANDO Y SEÑALIZACION CONEXTUBE;;;CONEXTUBE;8.71;21;USD;0322032100009;Un;20;
32207332;PULS LUM Ø22 NA+NC VERDE LED 24V ACDC;MANDO Y SEÑALIZACION CONEXTUBE;;;CONEXTUBE;21.67;21;USD;0322073320004;Un;20;
32207333;PULS LUM Ø22 NA+NC VERDE LED 110V AC;MANDO Y SEÑALIZACION CONEXTUBE;;;CONEXTUBE;21.67;21;USD;0322073330001;Un;20;
32207334;PULS LUM Ø22 NA+NC VERDE LED 220V AC;MANDO Y SEÑALIZACION CONEXTUBE;;;CONEXTUBE;21.67;21;USD;0322073340008;Un;20;
32207432;PULS LUM Ø22 NA+NC ROJO LED 24 V AC/DC;MANDO Y SEÑALIZACION CONEXTUBE;;;CONEXTUBE;21.67;21;USD;0322074320001;Un;20;
32207433;PULS LUM Ø22 NA+NC ROJO LED 110 V AC;MANDO Y SEÑALIZACION CONEXTUBE;;;CONEXTUBE;21.67;21;USD;0322074330008;Un;20;
32207434;PULS LUM Ø22 NA+NC ROJO LED 220 V AC;MANDO Y SEÑALIZACION CONEXTUBE;;;CONEXTUBE;21.67;21;USD;0322074340005;Un;20;
32207532;PULS LUM Ø22 NA+NC AMAR LED 24V AC/DC;MANDO Y SEÑALIZACION CONEXTUBE;;;CONEXTUBE;21.67;21;USD;0322075320008;Un;20;
32207632;PULS LUM Ø22 NA+NC AZUL LED 24V AC/DC;MANDO Y SEÑALIZACION CONEXTUBE;;;CONEXTUBE;21.67;21;USD;0322076320005;Un;20;
32207732;PULS LUM Ø22 NA+NC BLANCO LED 24V AC/DC;MANDO Y SEÑALIZACION CONEXTUBE;;;CONEXTUBE;21.67;21;USD;0322077320002;Un;20;
32208302;PILOTO LUMINOSO Ø22 VERDE LD 24V AC/DC;MANDO Y SEÑALIZACION CONEXTUBE;;;CONEXTUBE;14.26;21;USD;0322083020006;Un;20;
32208304;PILOTO LUMINOSO Ø22 VERDE LD 220V AC;MANDO Y SEÑALIZACION CONEXTUBE;;;CONEXTUBE;14.26;21;USD;0322083040000;Un;20;
32208308;PILOTO LUMINOSO Ø22 VERDE LD 110V AC/DC;MANDO Y SEÑALIZACION CONEXTUBE;;;CONEXTUBE;14.26;21;USD;0322083080008;Un;20;
32208402;PILOTO LUMINOSO Ø22 ROJO LD 24V AC/DC;MANDO Y SEÑALIZACION CONEXTUBE;;;CONEXTUBE;14.26;21;USD;0322084020003;Un;20;
32208404;PILOTO LUMINOSO Ø22 ROJO LD 220V AC;MANDO Y SEÑALIZACION CONEXTUBE;;;CONEXTUBE;14.26;21;USD;0322084040007;Un;20;
32208502;PILOTO LUMINOSO Ø22 AMARILLO LD 24V ACDC;MANDO Y SEÑALIZACION CONEXTUBE;;;CONEXTUBE;14.26;21;USD;0322085020000;Un;20;
32208504;PILOTO LUMINOSO Ø22 AMARILLO LD 220V AC;MANDO Y SEÑALIZACION CONEXTUBE;;;CONEXTUBE;14.26;21;USD;0322085040004;Un;20;
32208602;PILOTO LUMINOSO Ø22 AZUL LD 24V AC/DC;MANDO Y SEÑALIZACION CONEXTUBE;;;CONEXTUBE;14.26;21;USD;0322086020007;Un;20;
32208604;PILOTO LUMINOSO Ø22 AZUL LD 220V AC;MANDO Y SEÑALIZACION CONEXTUBE;;;CONEXTUBE;14.26;21;USD;0322086040001;Un;20;
32208702;PILOTO LUMINOSO Ø22 BLANCO LD 24V AC/DC;MANDO Y SEÑALIZACION CONEXTUBE;;;CONEXTUBE;14.26;21;USD;0322087020004;Un;20;
32208704;PILOTO LUMINOSO Ø22 BLANCO LD 220V;MANDO Y SEÑALIZACION CONEXTUBE;;;CONEXTUBE;14.26;21;USD;0322087040008;Un;20;
32209420;PULSADOR HONGO Ø22 NC - ROJO Ø30 C/RET;MANDO Y SEÑALIZACION CONEXTUBE;;;CONEXTUBE;14.38;21;USD;0322094200006;Un;20;
32210210;PULSADOR HONGO Ø22 NA - NEGRO Ø40;MANDO Y SEÑALIZACION CONEXTUBE;;;CONEXTUBE;10.60;21;USD;0322102100009;Un;20;
32210420;PULSADOR HONGO Ø22 NC - ROJO Ø40;MANDO Y SEÑALIZACION CONEXTUBE;;;CONEXTUBE;10.60;21;USD;0322104200002;Un;20;
32211210;PULSADOR HONGO Ø22 NA - NEGRO Ø60;MANDO Y SEÑALIZACION CONEXTUBE;;;CONEXTUBE;14.38;21;USD;0322112100008;Un;20;
32211420;PULSADOR HONGO Ø22 NC - ROJO Ø60;MANDO Y SEÑALIZACION CONEXTUBE;;;CONEXTUBE;14.38;21;USD;0322114200001;Un;20;
32212420;PULSADOR HONGO Ø22 NC - ROJO Ø40 C/RET;MANDO Y SEÑALIZACION CONEXTUBE;;;CONEXTUBE;15.32;21;USD;0322124200000;Un;20;
32213420;PULSADOR HONGO Ø22 NC - ROJO Ø60 C/RET;MANDO Y SEÑALIZACION CONEXTUBE;;;CONEXTUBE;16.25;21;USD;0322134200009;Un;20;
32214240;SELECT MAN CORTA Ø22 3 POS F. NA+NA;MANDO Y SEÑALIZACION CONEXTUBE;;;CONEXTUBE;11.07;21;USD;0322142400002;Un;20;
32216210;SELECT MAN LARGA Ø22 2 POS F. NA ;MANDO Y SEÑALIZACION CONEXTUBE;;;CONEXTUBE;8.71;21;USD;0322162100003;Un;20;
32217240;SELECT MAN LARGA Ø22 3 POS F. NA+NA;MANDO Y SEÑALIZACION CONEXTUBE;;;CONEXTUBE;11.07;21;USD;0322172400009;Un;20;
32219240;SELECT MAN LARGA Ø22 3 POS RESET NA+NA;MANDO Y SEÑALIZACION CONEXTUBE;;;CONEXTUBE;11.07;21;USD;0322192400007;Un;20;
32220210;SELECT C/LLAVE Ø22 2 POS F NA;MANDO Y SEÑALIZACION CONEXTUBE;;;CONEXTUBE;14.26;21;USD;0322202100006;Un;20;
32221240;SELECT C/LLAVE Ø22 3 POS F NA+NA;MANDO Y SEÑALIZACION CONEXTUBE;;;CONEXTUBE;16.84;21;USD;0322212400002;Un;20;
32222210;SELECT C/LLAVE Ø22 2 POS RESET NA;MANDO Y SEÑALIZACION CONEXTUBE;;;CONEXTUBE;14.26;21;USD;0322222100004;Un;20;
32223240;SELECT C/LLAVE Ø22 3 POS RESET NA+NA;MANDO Y SEÑALIZACION CONEXTUBE;;;CONEXTUBE;16.84;21;USD;0322232400000;Un;20;
32224420;PULSADOR HONGO Ø22 NC - ROJO Ø40 PUSHPUL;MANDO Y SEÑALIZACION CONEXTUBE;;;CONEXTUBE;16.84;21;USD;0322244200005;Un;20;
32226240;SELECT MAN CORTA Ø22 3 POS RESET NA+NA;MANDO Y SEÑALIZACION CONEXTUBE;;;CONEXTUBE;11.07;21;USD;0322262400007;Un;20;
32227332;SELEC LUM Ø22 2POS F NA+NC VERD LD 24V;MANDO Y SEÑALIZACION CONEXTUBE;;;CONEXTUBE;20.61;21;USD;0322273320008;Un;20;
32227334;SELEC LUM Ø22 2POS F NA+NC VERD LD 220V;MANDO Y SEÑALIZACION CONEXTUBE;;;CONEXTUBE;20.61;21;USD;0322273340002;Un;20;
32227338;SELEC LUM Ø22 2POS F NA+NC VERD LD 110V;MANDO Y SEÑALIZACION CONEXTUBE;;;CONEXTUBE;20.61;21;USD;0322273380000;Un;20;
32227432;SELEC LUM Ø22 2POS F NA+NC ROJO LD 24V;MANDO Y SEÑALIZACION CONEXTUBE;;;CONEXTUBE;20.61;21;USD;0322274320005;Un;20;
32227434;SELEC LUM Ø22 2POS F NA+NC ROJO LD 220V;MANDO Y SEÑALIZACION CONEXTUBE;;;CONEXTUBE;20.61;21;USD;0322274340009;Un;20;
32227438;SELEC LUM Ø22 2POS F NA+NC ROJO LD 110V;MANDO Y SEÑALIZACION CONEXTUBE;;;CONEXTUBE;20.61;21;USD;0322274380007;Un;20;
32227532;SELEC LUM Ø22 2POS F NA+NC AMAR LD 24V;MANDO Y SEÑALIZACION CONEXTUBE;;;CONEXTUBE;20.61;21;USD;0322275320002;Un;20;
32227632;SELEC LUM Ø22 2POS F NA+NC AZUL LD 24V;MANDO Y SEÑALIZACION CONEXTUBE;;;CONEXTUBE;20.61;21;USD;0322276320009;Un;20;
32228332;SELEC LUM Ø22 3POS F NA+NC VERD LD 24V;MANDO Y SEÑALIZACION CONEXTUBE;;;CONEXTUBE;23.92;21;USD;0322283320007;Un;20;
32228334;SELEC LUM Ø22 3POS F NA+NC VERD LD 220V;MANDO Y SEÑALIZACION CONEXTUBE;;;CONEXTUBE;23.92;21;USD;0322283340001;Un;20;
32228338;SELEC LUM Ø22 3POS F NA+NC VERD LD 110V;MANDO Y SEÑALIZACION CONEXTUBE;;;CONEXTUBE;23.92;21;USD;0322283380009;Un;20;
32228432;SELEC LUM Ø22 3POS F NA+NC ROJO LD 24V;MANDO Y SEÑALIZACION CONEXTUBE;;;CONEXTUBE;23.92;21;USD;0322284320004;Un;20;
32228434;SELEC LUM Ø22 3POS F NA+NC ROJO LD 220V;MANDO Y SEÑALIZACION CONEXTUBE;;;CONEXTUBE;23.92;21;USD;0322284340008;Un;20;
32228534;SELEC LUM Ø22 3POS F NA+NC AMAR LD 220V;MANDO Y SEÑALIZACION CONEXTUBE;;;CONEXTUBE;23.92;21;USD;0322285340005;Un;20;
32228634;SELEC LUM Ø22 3POS F NA+NC AZUL LD 220V;MANDO Y SEÑALIZACION CONEXTUBE;;;CONEXTUBE;23.92;21;USD;0322286340002;Un;20;
32230830;PULSADOR DOBLE Ø22 NA+NC VER/ROJ - I/O;MANDO Y SEÑALIZACION CONEXTUBE;;;CONEXTUBE;15.90;21;USD;0322308300003;Un;20;
32232832;PULS DOBLE Ø22 NA+NC VER/ROJ - I/O L24V;MANDO Y SEÑALIZACION CONEXTUBE;;;CONEXTUBE;27.21;21;USD;0322328320005;Un;20;
32232834;PULS DOBLE Ø22 NA+NC VER/ROJ - I/O L220V;MANDO Y SEÑALIZACION CONEXTUBE;;;CONEXTUBE;27.21;21;USD;0322328340009;Un;20;
32240310;PULSADOR RAS Ø22 NA - VERDE ''I'';MANDO Y SEÑALIZACION CONEXTUBE;;;CONEXTUBE;7.30;21;USD;0322403100007;Un;20;
32241210;PULSADOR RAS Ø22 NA - NEGRO C/FLECHA;MANDO Y SEÑALIZACION CONEXTUBE;;;CONEXTUBE;7.30;21;USD;0322412100009;Un;20;
32241710;PULSADOR RAS Ø22 NA - BLANCO C/FLECHA;MANDO Y SEÑALIZACION CONEXTUBE;;;CONEXTUBE;7.30;21;USD;0322417100004;Un;20;
32242310;PULSADOR RAS Ø22 NA - VERDE ''START'';MANDO Y SEÑALIZACION CONEXTUBE;;;CONEXTUBE;7.30;21;USD;0322423100005;Un;20;
32243420;PULSADOR RAS Ø22 NC - ROJO ''0'';MANDO Y SEÑALIZACION CONEXTUBE;;;CONEXTUBE;7.30;21;USD;0322434200000;Un;20;
32244420;PULSADOR RAS Ø22 NC - ROJO ''STOP'';MANDO Y SEÑALIZACION CONEXTUBE;;;CONEXTUBE;7.30;21;USD;0322444200009;Un;20;
32545900;CUERPO PLÁSTICO PARA CXX22;MANDO Y SEÑALIZACION CONEXTUBE;;;CONEXTUBE;2.00;21;USD;0325459000002;Un;20;
32735910;MOD. CONTACTO NA PARA CXX22;MANDO Y SEÑALIZACION CONEXTUBE;;;CONEXTUBE;2.36;21;USD;0327359100002;Un;20;
32735920;MOD. CONTACTO NC PARA CXX22;MANDO Y SEÑALIZACION CONEXTUBE;;;CONEXTUBE;2.36;21;USD;0327359200001;Un;20;
32738302;MOD. PORTALÁMP.  BA9S 24V C/LAMP VERDE;MANDO Y SEÑALIZACION CONEXTUBE;;;CONEXTUBE;4.36;21;USD;0327383020002;Un;10;
32738304;MOD. PORTALÁMP.  BA9S 220V C/LAMP VERDE;MANDO Y SEÑALIZACION CONEXTUBE;;;CONEXTUBE;5.30;21;USD;0327383040006;Un;10;
32738402;MOD. PORTALÁMP.  BA9S 24V C/LAMP ROJO;MANDO Y SEÑALIZACION CONEXTUBE;;;CONEXTUBE;4.36;21;USD;0327384020009;Un;10;
32738404;MOD. PORTALÁMP.  BA9S 220V C/LAMP ROJO;MANDO Y SEÑALIZACION CONEXTUBE;;;CONEXTUBE;5.30;21;USD;0327384040003;Un;10;
32738502;MOD. PORTALÁMP.  BA9S 24V C/LAMP AMAR;MANDO Y SEÑALIZACION CONEXTUBE;;;CONEXTUBE;4.36;21;USD;0327385020006;Un;10;
32738504;MOD. PORTALÁMP.  BA9S 220V C/LAMP AMAR;MANDO Y SEÑALIZACION CONEXTUBE;;;CONEXTUBE;5.30;21;USD;0327385040000;Un;10;
32738602;MOD. PORTALÁMP.  BA9S 24V C/LAMP AZUL;MANDO Y SEÑALIZACION CONEXTUBE;;;CONEXTUBE;4.36;21;USD;0327386020003;Un;10;
32738604;MOD. PORTALÁMP.  BA9S 220V C/LAMP AZUL;MANDO Y SEÑALIZACION CONEXTUBE;;;CONEXTUBE;5.30;21;USD;0327386040007;Un;10;
32738702;MOD. PORTALÁMP.  BA9S 24V C/LAMP BLANCO;MANDO Y SEÑALIZACION CONEXTUBE;;;CONEXTUBE;5.30;21;USD;0327387020000;Un;10;
32738704;MOD. PORTALÁMP.  BA9S 220V C/LAMP BLANCO;MANDO Y SEÑALIZACION CONEXTUBE;;;CONEXTUBE;5.30;21;USD;0327387040004;Un;10;
32834302;PILOTO MONOB Ø22 24V DC-AC LED VERDE;MANDO Y SEÑALIZACION CONEXTUBE;;;CONEXTUBE;5.07;21;USD;0328343020005;Un;10;
32834304;PILOTO MONOB Ø22 220/230V AC LD VERDE;MANDO Y SEÑALIZACION CONEXTUBE;;;CONEXTUBE;5.07;21;USD;0328343040009;Un;10;
32834402;PILOTO MONOB Ø22 24V DCAC LED ROJO;MANDO Y SEÑALIZACION CONEXTUBE;;;CONEXTUBE;5.07;21;USD;0328344020002;Un;10;
32834404;PILOTO MONOB Ø22 220/230V AC LED ROJO;MANDO Y SEÑALIZACION CONEXTUBE;;;CONEXTUBE;5.07;21;USD;0328344040006;Un;10;
32834502;PILOTO MONOB Ø22 24V DC-AC LED AMAR;MANDO Y SEÑALIZACION CONEXTUBE;;;CONEXTUBE;5.07;21;USD;0328345020009;Un;10;
32834504;PILOTO MONOB Ø22 220/230V AC LD AMAR;MANDO Y SEÑALIZACION CONEXTUBE;;;CONEXTUBE;5.07;21;USD;0328345040003;Un;10;
32834602;PILOTO MONOB Ø22 24V DC-AC LED AZUL;MANDO Y SEÑALIZACION CONEXTUBE;;;CONEXTUBE;5.07;21;USD;0328346020006;Un;10;
32834604;PILOTO MONOB Ø22 220/230V AC LD AZUL;MANDO Y SEÑALIZACION CONEXTUBE;;;CONEXTUBE;5.07;21;USD;0328346040000;Un;10;
32834702;PILOTO MONOB Ø22 24V DC-AC LED BLANCO;MANDO Y SEÑALIZACION CONEXTUBE;;;CONEXTUBE;5.42;21;USD;0328347020003;Un;10;
32834704;PILOTO MONOB Ø22 220/230V AC LD BLANCO;MANDO Y SEÑALIZACION CONEXTUBE;;;CONEXTUBE;5.42;21;USD;0328347040007;Un;10;
32846902;BUZZER Ø22 DC-AC- 24V N;MANDO Y SEÑALIZACION CONEXTUBE;;;CONEXTUBE;13.43;21;USD;0328469020002;Un;10;
32846904;BUZZER Ø22- AC- 220/230V N;MANDO Y SEÑALIZACION CONEXTUBE;;;CONEXTUBE;13.43;21;USD;0328469040006;Un;10;
32847402;BUZZER FLASH Ø22- DC-AC- 24V ROJO;MANDO Y SEÑALIZACION CONEXTUBE;;;CONEXTUBE;14.61;21;USD;0328474020006;Un;10;
32847404;BUZZER FLASH Ø22- AC- 220/230 V ROJO;MANDO Y SEÑALIZACION CONEXTUBE;;;CONEXTUBE;14.61;21;USD;0328474040000;Un;10;
32945700;COVER RECT SILICONA PARA CXX22;MANDO Y SEÑALIZACION CONEXTUBE;;;CONEXTUBE;1.65;21;USD;0329457000004;Un;20;
32948700;ARANDELA SILICONA Ø22 - IP65;MANDO Y SEÑALIZACION CONEXTUBE;;;CONEXTUBE;0.50;21;USD;0329487000001;Un;20;
32949700;COVER CIRC SILICONA PARA CXX22;MANDO Y SEÑALIZACION CONEXTUBE;;;CONEXTUBE;1.30;21;USD;0329497000000;Un;20;
35001100;CONECTOR ZR P/CAÑO LT 3/8 BSP -ROSCA 1/2;CONECTORES ZM/ZR;;;CONEXTUBE;4,899.93;21;ARS;0350011000008;Un;50;
35001101;CONECTOR ZR P/CAÑO LT 1/2 BSP;CONECTORES ZM/ZR;;;CONEXTUBE;5,149.94;21;ARS;0350011010005;Un;50;
35001102;CONECTOR ZR P/CAÑO LT 3/4 BSP;CONECTORES ZM/ZR;;;CONEXTUBE;6,837.41;21;ARS;0350011020002;Un;30;
35001103;CONECTOR ZR P/CAÑO LT 1 BSP;CONECTORES ZM/ZR;;;CONEXTUBE;9,124.89;21;ARS;0350011030009;Un;16;
35001104;CONECTOR ZR P/CAÑO LT 1 1/4 BSP;CONECTORES ZM/ZR;;;CONEXTUBE;23,137.19;21;ARS;0350011040006;Un;10;
35001105;CONECTOR ZR P/CAÑO LT 1 1/2 BSP;CONECTORES ZM/ZR;;;CONEXTUBE;25,212.17;21;ARS;3500110500003;Un;1;
35001106;CONECTOR ZR P/CAÑO LT 2 BSP;CONECTORES ZM/ZR;;;CONEXTUBE;34,474.55;21;ARS;3500110600000;Un;1;
35011100;CONEC 90º ZR P/CAÑO LT 3/8BSP -ROSCA 1/2;CONECTORES ZM/ZR;;;CONEXTUBE;12,278.58;21;ARS;0350111000005;Un;25;
35011101;CONECTOR 90º ZR P/CAÑO LT 1/2 BSP;CONECTORES ZM/ZR;;;CONEXTUBE;12,787.33;21;ARS;0350111010002;Un;25;
35011102;CONECTOR 90º ZR P/CAÑO LT 3/4 BSP;CONECTORES ZM/ZR;;;CONEXTUBE;13,571.07;21;ARS;0350111020009;Un;20;
35011103;CONECTOR 90º ZR P/CAÑO LT 1 BSP;CONECTORES ZM/ZR;;;CONEXTUBE;17,668.51;21;ARS;0350111030006;Un;10;
35011104;CONECTOR 90º ZR P/CAÑO LT 1 1/4 BSP;CONECTORES ZM/ZR;;;CONEXTUBE;35,034.53;21;ARS;3501110400003;Un;8;
35011105;CONECTOR 90º ZR P/CAÑO LT 1 1/2 BSP;CONECTORES ZM/ZR;;;CONEXTUBE;42,858.18;21;ARS;3501110500000;Un;1;
35011106;CONECTOR 90º ZR P/CAÑO LT 2 BSP;CONECTORES ZM/ZR;;;CONEXTUBE;48,550.61;21;ARS;3501110600007;Un;1;
40002714;CAJA CONEXPOL TAPA OPACA 135X135X80;CONEXPOL / TABLEPOL;;;CONEXTUBE;15,164.47;21;ARS;0400027140000;Un;10;
40002715;CAJA CONEXPOL TAPA TRANSP 180X135X130;CONEXPOL / TABLEPOL;;;CONEXTUBE;28,231.70;21;ARS;4000271500007;Un;6;
40002716;CAJA CONEXPOL TAPA OPACA 180X135X130;CONEXPOL / TABLEPOL;;;CONEXTUBE;22,745.95;21;ARS;4000271600004;Un;6;
40002717;CAJA CONEXPOL TAPA TRANSP 180X180X130;CONEXPOL / TABLEPOL;;;CONEXTUBE;35,114.68;21;ARS;4000271700001;Un;4;
40002718;CAJA CONEXPOL TAPA OPACA 180X180X130;CONEXPOL / TABLEPOL;;;CONEXTUBE;28,324.39;21;ARS;4000271800008;Un;4;
40012717;CAJA CONEXPOL TAPA OPACA 270X180X107;CONEXPOL / TABLEPOL;;;CONEXTUBE;38,559.61;21;ARS;4001271700008;Un;4;
40012718;CAJA CONEXPOL TAPA OPACA 270X180X171;CONEXPOL / TABLEPOL;;;CONEXTUBE;42,396.03;21;ARS;4001271800005;Un;2;
40012727;CAJA CONEXPOL TAPA OPACA 270X270X171;CONEXPOL / TABLEPOL;;;CONEXTUBE;54,585.23;21;ARS;4001272700007;Un;1;
40012736;CAJA CONEXPOL TAPA OPACA 270X360X171;CONEXPOL / TABLEPOL;;;CONEXTUBE;66,058.83;21;ARS;4001273600009;Un;1;
40013636;CAJA CONEXPOL TAPA OPACA 360X360X171;CONEXPOL / TABLEPOL;;;CONEXTUBE;88,118.31;21;ARS;4001363600001;Un;1;
40015427;CAJA CONEXPOL TAPA OPACA 540X270X171;CONEXPOL / TABLEPOL;;;CONEXTUBE;95,322.31;21;ARS;4001542700003;Un;1;
40015436;CAJA CONEXPOL TAPA OPACA 540X360X171;CONEXPOL / TABLEPOL;;;CONEXTUBE;122,483.91;21;ARS;4001543600005;Un;1;
40022717;CAJA TABLEPOL TAPA OPACA 270X180X107;CONEXPOL / TABLEPOL;;;CONEXTUBE;53,774.14;21;ARS;;Un;4;
40022718;CAJA TABLEPOL TAPA OPACA 270X180X171;CONEXPOL / TABLEPOL;;;CONEXTUBE;62,181.53;21;ARS;;Un;2;
40022719;CAJA TABLEPOL TO 270X180X107 P/CANDADO;CONEXPOL / TABLEPOL;;;CONEXTUBE;71,130.52;21;ARS;4002271900009;Un;1;
40022720;CAJA TABLEPOL TT 270X180X107 P/CANDADO;CONEXPOL / TABLEPOL;;;CONEXTUBE;72,551.86;21;ARS;4002272000005;Un;1;
40022727;CAJA TABLEPOL TAPA OPACA 270X270X171;CONEXPOL / TABLEPOL;;;CONEXTUBE;80,284.51;21;ARS;4002272700004;Un;1;
40022728;CAJA TABLEPOL TAPA OPACA 270X270X171S/PM;CONEXPOL / TABLEPOL;;;CONEXTUBE;66,539.88;21;ARS;4002272800001;Un;1;
40022736;CAJA TABLEPOL TAPA OPACA 270X360X171;CONEXPOL / TABLEPOL;;;CONEXTUBE;92,624.64;21;ARS;4002273600006;Un;1;
40022737;CAJA TABLEPOL TAPA OPACA 270X360X171S/PM;CONEXPOL / TABLEPOL;;;CONEXTUBE;79,964.57;21;ARS;4002273700003;Un;1;
40023636;CAJA TABLEPOL TAPA OPACA 360X360X171;CONEXPOL / TABLEPOL;;;CONEXTUBE;119,504.81;21;ARS;4002363600008;Un;1;
40025427;CAJA TABLEPOL TAPA OPACA 540X270X171;CONEXPOL / TABLEPOL;;;CONEXTUBE;143,400.76;21;ARS;4002542700000;Un;1;
40025436;CAJA TABLEPOL TAPA OPACA 540X360X171;CONEXPOL / TABLEPOL;;;CONEXTUBE;182,843.77;21;ARS;;Un;1;
40032717;CAJA CONEXPOL TAPA TRANSP 270X180X107;CONEXPOL / TABLEPOL;;;CONEXTUBE;64,217.24;21;ARS;4003271700002;Un;4;
40032718;CAJA CONEXPOL TAPA TRANSP 270X180X171;CONEXPOL / TABLEPOL;;;CONEXTUBE;61,489.18;21;ARS;4003271800009;Un;2;
40032727;CAJA CONEXPOL TAPA TRANSP 270X270X171;CONEXPOL / TABLEPOL;;;CONEXTUBE;70,640.54;21;ARS;4003272700001;Un;1;
40032736;CAJA CONEXPOL TAPA TRANSP 270X360X171;CONEXPOL / TABLEPOL;;;CONEXTUBE;95,636.67;21;ARS;4003273600003;Un;1;
40033636;CAJA CONEXPOL TAPA TRANSP 360X360X171;CONEXPOL / TABLEPOL;;;CONEXTUBE;122,288.80;21;ARS;4003363600005;Un;1;
40035427;CAJA CONEXPOL TAPA TRANSP 540X270X171;CONEXPOL / TABLEPOL;;;CONEXTUBE;150,527.89;21;ARS;4003542700007;Un;1;
40035436;CAJA CONEXPOL TAPA TRANSP 540X360X171;CONEXPOL / TABLEPOL;;;CONEXTUBE;213,943.47;21;ARS;4003543600009;Un;1;
40042717;CAJA TABLEPOL TAPA TRANSP 270X180X107;CONEXPOL / TABLEPOL;;;CONEXTUBE;81,030.49;21;ARS;4004271700009;Un;4;
40042718;CAJA TABLEPOL TAPA TRANSP 270X180X171;CONEXPOL / TABLEPOL;;;CONEXTUBE;76,220.12;21;ARS;4004271800006;Un;2;
40042727;CAJA TABLEPOL TAPA TRANSP 270X270X171;CONEXPOL / TABLEPOL;;;CONEXTUBE;90,425.42;21;ARS;4004272700008;Un;1;
40042736;CAJA TABLEPOL TAPA TRANSP 270X360X171;CONEXPOL / TABLEPOL;;;CONEXTUBE;119,684.39;21;ARS;4004273600000;Un;1;
40043636;CAJA TABLEPOL TAPA TRANSP 360X360X171;CONEXPOL / TABLEPOL;;;CONEXTUBE;155,841.00;21;ARS;4004363600002;Un;1;
40045427;CAJA TABLEPOL TAPA TRANSP 540X270X171;CONEXPOL / TABLEPOL;;;CONEXTUBE;202,590.43;21;ARS;4004542700004;Un;1;
40045436;CAJA TABLEPOL TAPA TRANSP 540X360X171;CONEXPOL / TABLEPOL;;;CONEXTUBE;280,509.77;21;ARS;4004543600006;Un;1;
40402729;TAPA 270 X 270 PC CRISTAL CON BISAGRA;SEMIELABORADOS;;;CONEXTUBE;12,832.79;21;ARS;;Un;1;
40402737;TAPA 360 X 270 TRANSPARENTE S/BISAGRA;SEMIELABORADOS;;;CONEXTUBE;16,537.98;21;ARS;;Un;1;
40405428;TAPA 540X270 TRANS C/BISAGRA;SEMIELABORADOS;;;CONEXTUBE;26,257.08;21;ARS;;Un;1;
40472731;TAPA 270 X 270 PC CRISTAL EDENOR COLUMNA;SEMIELABORADOS;;;CONEXTUBE;11,744.01;21;ARS;;Un;1;
40474006;TAPA 360 X 270 OPACA RAL 7035 S/BISAGRA;SEMIELABORADOS;;;CONEXTUBE;16,888.54;21;ARS;;Un;1;
40474009;TAPA 540 X 360 OPACA RAL 7035 S/BISAGRA;SEMIELABORADOS;;;CONEXTUBE;40,616.39;21;ARS;;Un;1;
40475015;CAJA P/COLUMNA 270X270X171 PC RAL 7035;SEMIELABORADOS;;;CONEXTUBE;24,739.79;21;ARS;;Un;1;
40475016;CAJA P/COLUMNA 360X270X171 RAL 7035;SEMIELABORADOS;;;CONEXTUBE;34,161.25;21;ARS;;Un;1;
40475018;CAJA P/CO540X270X171 C/BISAG 7035;SEMIELABORADOS;;;CONEXTUBE;38,179.53;21;ARS;;Un;1;
40475019;CAJA P/COLUMNA 540X360X171 RAL 7035;SEMIELABORADOS;;;CONEXTUBE;56,549.67;21;ARS;;Un;1;
40478149;TORNILLO RANURA CHICO GRIS;SEMIELABORADOS;;;CONEXTUBE;310.61;21;ARS;;Un;1;
40478150;TORNILLO CIERRE RANURA NYLON GRIS GDE.;SEMIELABORADOS;;;CONEXTUBE;312.61;21;ARS;;Un;1;
41001001;CAJA TABLEPOL TAPA TRANSP 180X135X130;CONEXPOL / TABLEPOL;;;CONEXTUBE;38,967.72;21;ARS;4100100100009;Un;6;
41001002;CAJA TABLEPOL TAPA OPACA 180X135X130;CONEXPOL / TABLEPOL;;;CONEXTUBE;33,132.34;21;ARS;4100100200006;Un;6;
41001003;CAJA TABLEPOL TAPA OPACA 180X180X130;CONEXPOL / TABLEPOL;;;CONEXTUBE;39,644.50;21;ARS;4100100300003;Un;4;
41001011;CAJA TABLEPOL TAPA TRANSP 180X180X130;CONEXPOL / TABLEPOL;;;CONEXTUBE;46,741.74;21;ARS;4100101100008;Un;4;
41478147;TORNILLO PERILLA GRIS;SEMIELABORADOS;;;CONEXTUBE;679.44;21;ARS;;Un;1;
43420001;GABINETE TMD 4242 C/PLACA Y ESTANTE;ARGENPOL;;;CONEXTUBE;163.50;21;USD;;Un;1;
43421101;GABINETE TMD 4242 C/VENT Y SOPORTE;ARGENPOL;;;CONEXTUBE;206.81;21;USD;;Un;1;
43640001;GABINETE TMD 6452 C/PLACA Y ESTANTE;ARGENPOL;;;CONEXTUBE;313.68;21;USD;;Un;1;
44000000;CONEXTAB SFYT IP65 CIEGA 44x17x9cm;TABLEROS DE CONEXIÓN;;;CONEXTUBE;48,945.83;21;ARS;4400000000004;Un;1;
44000004;CONEXTAB SFYT IP65 P/4 TOMAS 44x17x9cm;TABLEROS DE CONEXIÓN;;;CONEXTUBE;53,205.45;21;ARS;4400000400002;Un;1;
44000044;CAJA DIN IP55 PARA 4 POLOS - 122x162x101;CONEXDIN TABLERO PILAR;;;CONEXTUBE;15,093.41;21;ARS;0440000440008;Un;20;
44000055;CAJA DIN IP55 PARA 8 POLOS - 176x162x108;CONEXDIN TABLERO PILAR;;;CONEXTUBE;24,286.82;21;ARS;;Un;10;
44000066;CAJA DIN IP55 PARA 12 POLOS-162x272x101;CONEXDIN TABLERO PILAR;;;CONEXTUBE;32,044.95;21;ARS;0440000660000;Un;7;
44000081;CONEXBOX DIN 12 MODULOS IP65;CONEXDIN TABLERO PILAR;;;CONEXTUBE;96,173.04;21;ARS;4400008100003;Un;1;
44000111;CONEXBOX DIN 24 MODULOS IP65;CONEXDIN TABLERO PILAR;;;CONEXTUBE;186,109.27;21;ARS;4400011100007;Un;1;
44000800;CONEXTAB SFYT IP65 8M CIEGA 44x17x11cm;TABLEROS DE CONEXIÓN;;;CONEXTUBE;55,335.27;21;ARS;4400080000000;Un;1;
44000803;CONEXTAB SFYT IP65 8M P/3 TOMAS 44x17x11;TABLEROS DE CONEXIÓN;;;CONEXTUBE;55,335.27;21;ARS;4400080300001;Un;1;
44000804;CONEXTAB SFYT IP65 16M 8 TOMAS 54x36x17;TABLEROS DE CONEXIÓN;;;CONEXTUBE;253,636.57;21;ARS;;Un;1;
44000810;CONEXTAB IP65 8M P/1 INTERR DE BLOQUEO;TABLEROS DE CONEXIÓN;;;CONEXTUBE;59,762.10;21;ARS;;Un;1;
44000820;CONEXTAB IP65 8M P/2 INTERR DE BLOQUEO;TABLEROS DE CONEXIÓN;;;CONEXTUBE;108,023.20;21;ARS;;Un;1;
44001200;CONEXTAB SFYT IP65 12M CIEGA 44x27x12cm;TABLEROS DE CONEXIÓN;;;CONEXTUBE;85,112.93;21;ARS;4400120000007;Un;1;
44001202;CONEXTAB SFYT IP65 12M P/2TOMAS 30x27x12;TABLEROS DE CONEXIÓN;;;CONEXTUBE;79,865.03;21;ARS;;Un;1;
44001204;CONEXTAB SFYT IP65 12M 4TOMAS 44x27x12cm;TABLEROS DE CONEXIÓN;;;CONEXTUBE;100,021.48;21;ARS;;Un;1;
44001208;CONEXTAB CXDIN C/CABLE Y BAST -MAX. 32A;TABLEROS DE CONEXIÓN;;;CONEXTUBE;939.25;21;USD;;Un;1;
44001210;CONEXTAB SFYT IP65 12M CIEGA 30x27x12cm;TABLEROS DE CONEXIÓN;;;CONEXTUBE;76,004.48;21;ARS;4400121000006;Un;1;
44001211;CONEXTAB CXDIN C/BAST MAX. 32A S/CABLE E;TABLEROS DE CONEXIÓN;;;CONEXTUBE;818.74;21;USD;4400121100003;Un;1;
44001213;CONEXTAB MONOF EDENOR C/PINZAS MAT28106;TABLEROS DE CONEXIÓN;;;CONEXTUBE;1,301.54;21;USD;4400121300007;Un;1;
44001218;CONEXTAB CXDIN PARA SOBREPONER -MÁX. 32A;TABLEROS DE CONEXIÓN;;;CONEXTUBE;569.99;21;USD;;Un;1;
44001219;CONEXTAB CXDIN SOBREP. MÁX32A (3P+N+T32);TABLEROS DE CONEXIÓN;;;CONEXTUBE;473.36;21;USD;4400121900009;Un;1;
44001220;CONEXTAB CXDIN PARA SOBREPONER - 32A REF;TABLEROS DE CONEXIÓN;;;CONEXTUBE;496.56;21;USD;4400122000005;Un;1;
44001221;CONEXTAB CXDIN SP-32A 2P+T - 3P+T 16A;TABLEROS DE CONEXIÓN;;;CONEXTUBE;488.04;21;USD;4400122100002;Un;1;
44001222;CONEXTAB CXDIN P/SOB. MÁX.32A 2X32+T+N;TABLEROS DE CONEXIÓN;;;CONEXTUBE;505.05;21;USD;4400122200009;Un;1;
44001223;CONEXTAB CXDIN C/CABLE ;TABLEROS DE CONEXIÓN;;;CONEXTUBE;814.69;21;USD;;Un;1;
44001228;CONEXTAB CXDIN CON PORTA ZUNCHO -MAX 32A;TABLEROS DE CONEXIÓN;;;CONEXTUBE;580.29;21;USD;4400122800001;Un;1;
44001238;CONEXTAB CXDIN SOBREPONER MAX16A;TABLEROS DE CONEXIÓN;;;CONEXTUBE;287.20;21;USD;4400123800000;Un;1;
44001239;CONEXTAB CXDIN SOBREPONER MAX20A;TABLEROS DE CONEXIÓN;;;CONEXTUBE;296.40;21;USD;4400123900007;Un;1;
44001248;CONEXTAB CXDIN CON P/ZUNCHO -MAX 16A;TABLEROS DE CONEXIÓN;;;CONEXTUBE;280.84;21;USD;4400124800009;Un;1;
44001258;CONEXTAB CXDIN C/CABLE Y BASTIDOR MAX16A;TABLEROS DE CONEXIÓN;;;CONEXTUBE;699.32;21;USD;4400125800008;Un;1;
44001268;CONEXTAB 5436   C/8 TOMAS;TABLEROS DE CONEXIÓN;;;CONEXTUBE;1,430.24;21;USD;;Un;1;
44001269;CONEXTAB 5436 C/6 TOMAS C/SOP SIN CABLE;TABLEROS DE CONEXIÓN;;;CONEXTUBE;2,158.76;21;USD;;Un;1;
44001270;CONEXTAB 5436 C/6 TOMAS 3 TRIF+3 MONO;TABLEROS DE CONEXIÓN;;;CONEXTUBE;1,194.65;21;USD;;Un;1;
44001301;CONEXTAB PORT -  MÁX. 30A 220V 3x10A;TABLEROS DE CONEXIÓN;;;CONEXTUBE;341.16;21;USD;4400130100001;Un;1;
44001302;CONEXTAB PORT -  MÁX 48A 220V 3 2P+T 16A;TABLEROS DE CONEXIÓN;;;CONEXTUBE;346.66;21;USD;4400130200008;Un;1;
44001401;CONEXTAB PORT -  S/Prot 220V 4 2P+T 10A;TABLEROS DE CONEXIÓN;;;CONEXTUBE;183.69;21;USD;4400140100008;Un;1;
44001501;CONEXTAB PORT -  MAX 20A 220V 2X2P+T 10A;TABLEROS DE CONEXIÓN;;;CONEXTUBE;287.18;21;USD;4400150100005;Un;1;
44001502;CONEXTAB PORT  MAX 32A 2P+T / 2P+N+T 16A;TABLEROS DE CONEXIÓN;;;CONEXTUBE;401.11;21;USD;4400150200002;Un;1;
44003627;CONEXTAB 3627 PORTABLE - MÁX. 32A;TABLEROS DE CONEXIÓN;;;CONEXTUBE;664.23;21;USD;4400362700000;Un;1;
44003637;CONEXTAB 3637 CON PORTA ZUNCHO- MÁX. 32A;TABLEROS DE CONEXIÓN;;;CONEXTUBE;671.60;21;USD;4400363700009;Un;1;
44005436;CONEXTAB 5436 CON BASTIDOR - MÁX. 63A;TABLEROS DE CONEXIÓN;;;CONEXTUBE;1,836.61;21;USD;;Un;1;
44005437;CONEXTAB 5436 CON BASTIDOR - MÁX. 63A E2;TABLEROS DE CONEXIÓN;;;CONEXTUBE;1,452.12;21;USD;4400543700003;Un;1;
44005438;CONEXTAB 5436 E3 MAX.63A;TABLEROS DE CONEXIÓN;;;CONEXTUBE;1,448.72;21;USD;4400543800000;Un;1;
44005446;CONEXTAB 5436 CON BASTIDOR - MÁX. 63A E1;TABLEROS DE CONEXIÓN;;;CONEXTUBE;1,430.97;21;USD;4400544600005;Un;1;
44005600;BANCO FIJO CAP P/BT 5 Kvar 3x400Vca c/TM;TABLEROS DE CONEXIÓN;;;CONEXTUBE;929.69;21;USD;;Un;3;
44005601;BANCO FIJO CAP P/BT 10Kvar 3x400Vca c/TM;TABLEROS DE CONEXIÓN;;;CONEXTUBE;952.82;21;USD;;Un;3;
44005602;BANCO FIJO CAP P/BT 10Kvar 3x400Vca c/TM;TABLEROS DE CONEXIÓN;;;CONEXTUBE;1,434.43;21;USD;;Un;3;
44005603;BANCO FIJO CAP P/BT 5Kvar 3x400Vca c/TM;TABLEROS DE CONEXIÓN;;;CONEXTUBE;882.05;21;USD;;Un;3;
44005604;BANCO FIJO CAP P/BT 20Kvar 3x400Vca c/TM;TABLEROS DE CONEXIÓN;;;CONEXTUBE;1,311.67;21;USD;;Un;3;
44007000;CONEXPOL calado para un toma 16/32A;TABLEROS DE CONEXIÓN;;;CONEXTUBE;24,446.09;21;ARS;4400700000007;Un;1;
44007001;CONEXPOL 1-3Px10A;TABLEROS DE CONEXIÓN;;;CONEXTUBE;44.60;21;USD;4400700100004;Un;1;
44007002;CONEXPOL 1-3Px16A;TABLEROS DE CONEXIÓN;;;CONEXTUBE;52.99;21;USD;4400700200001;Un;1;
44007003;CONEXPOL 1- 5Px16A;TABLEROS DE CONEXIÓN;;;CONEXTUBE;56.02;21;USD;4400700300008;Un;1;
44007004;CONEXPOL 1-5Px32A;TABLEROS DE CONEXIÓN;;;CONEXTUBE;69.64;21;USD;4400700400005;Un;1;
44007100;CONEXPOL calado para 3 tomas 16/32A;TABLEROS DE CONEXIÓN;;;CONEXTUBE;61,264.09;21;ARS;4400710000004;Un;1;
44007101;CONEXPOL 3- 3Px10A;TABLEROS DE CONEXIÓN;;;CONEXTUBE;113.32;21;USD;4400710100001;Un;1;
44007102;CONEXPOL 1- 3Px16A 1- 5Px16A 1- 5Px32A;TABLEROS DE CONEXIÓN;;;CONEXTUBE;152.55;21;USD;4400710200008;Un;1;
44007200;CONEXPOL calado para 4 tomas 16/32A;TABLEROS DE CONEXIÓN;;;CONEXTUBE;68,572.79;21;ARS;4400720000001;Un;1;
44007201;CONEXPOL 2- 3Px10A 1- 3Px16A 1- 5Px16A;TABLEROS DE CONEXIÓN;;;CONEXTUBE;163.83;21;USD;4400720100008;Un;1;
44007400;CONEXPOL PARA 8 TOMAS 16DIN;CONEXPOL / TABLEPOL;;;CONEXTUBE;217.97;21;USD;;Un;1;
44008000;CAP calado para un toma 16/32A;TABLEROS DE CONEXIÓN;;;CONEXTUBE;77,497.93;21;ARS;4400800000006;Un;1;
44008001;CAP 1- 3Px10A;TABLEROS DE CONEXIÓN;;;CONEXTUBE;96.78;21;USD;4400800100003;Un;1;
44008002;CAP 1- 3Px16A;TABLEROS DE CONEXIÓN;;;CONEXTUBE;97.49;21;USD;4400800200000;Un;1;
44008003;CAP 1- 5Px16A;TABLEROS DE CONEXIÓN;;;CONEXTUBE;100.76;21;USD;4400800300007;Un;1;
44008004;CAP 1- 5Px32A;TABLEROS DE CONEXIÓN;;;CONEXTUBE;115.59;21;USD;4400800400004;Un;1;
44008100;CAP calado para 2 tomas 16/32A;TABLEROS DE CONEXIÓN;;;CONEXTUBE;130,462.91;21;ARS;4400810000003;Un;1;
44008101;CAP  2- 3Px10A;TABLEROS DE CONEXIÓN;;;CONEXTUBE;157.22;21;USD;4400810100000;Un;1;
44008102;CAP 1- 3Px16A 1- 5Px16A;TABLEROS DE CONEXIÓN;;;CONEXTUBE;161.89;21;USD;4400810200007;Un;1;
44008103;CAP 2- 3Px10A 1- 3Px16A 1- 5Px16A;TABLEROS DE CONEXIÓN;;;CONEXTUBE;214.68;21;USD;4400810300004;Un;1;
44008104;CAP 1- 3Px16A 1- 5Px32A;TABLEROS DE CONEXIÓN;;;CONEXTUBE;176.71;21;USD;4400810400001;Un;1;
44008105;CAP 2- 3Px10A 1- 3Px16A 1- 5Px32A;TABLEROS DE CONEXIÓN;;;CONEXTUBE;229.49;21;USD;4400810500008;Un;1;
44008201;CAP 2- 3Px16A 2- 3Px10A 2- 5Px16A;TABLEROS DE CONEXIÓN;;;CONEXTUBE;645.77;21;USD;4400820100007;Un;1;
44008202;CAP 1- 3Px16A 1- 5Px16A 1- 5Px32A;TABLEROS DE CONEXIÓN;;;CONEXTUBE;621.89;21;USD;4400820200004;Un;1;
44120046;TABLERO PILAR EDESUR MAT.:0112-0479;CONEXDIN TABLERO PILAR;;;CONEXTUBE;26.86;21;USD;;Un;64;
44498044;PANEL PROTECTOR A 2727 ;SEMIELABORADOS;;;CONEXTUBE;7,557.47;21;ARS;;Un;1;
45000000;CAJA DE PASO CONEXBOX 70X70X40;CONEXBOX - CONEXPISO;;;CONEXTUBE;2,441.10;21;ARS;;Un;20;
45000005;CAJA DE PASO CONEXBOX 80X80X40;CONEXBOX - CONEXPISO;;;CONEXTUBE;2,937.69;21;ARS;;Un;20;
45000036;CENTRAL DIN EMBUTIR 4 POLOS - BOMBE;CENTRAL DIN;;;CONEXTUBE;7,967.18;21;ARS;;Un;50;
45000040;CENTRAL DIN EMBUTIR 8 POLOS - BOMBE;CENTRAL DIN;;;CONEXTUBE;11,359.24;21;ARS;;Un;30;
45000044;CENTRAL DIN EMBUTIR 12 POLOS - BOMBE;CENTRAL DIN;;;CONEXTUBE;17,976.65;21;ARS;;Un;20;
45000074;CENTRAL DIN EMBUTIR 24 POLOS - BOMBE;CENTRAL DIN;;;CONEXTUBE;36,175.69;21;ARS;;Un;10;
45000084;CENTRAL DIN EMBUTIR 36 POLOS - BOMBE;CENTRAL DIN;;;CONEXTUBE;49,674.05;21;ARS;;Un;6;
45003036;CENTRAL DIN SUPERFICIE 4 POLOS - BOMBE;CENTRAL DIN;;;CONEXTUBE;9,871.11;21;ARS;;Un;45;
45003040;CENTRAL DIN SUPERFICIE 8 POLOS - BOMBE;CENTRAL DIN;;;CONEXTUBE;14,819.28;21;ARS;;Un;30;
45003044;CENTRAL DIN SUPERFICIE 12 POLOS - BOMBE;CENTRAL DIN;;;CONEXTUBE;23,361.20;21;ARS;;Un;20;
45009951;CAJA DE PASO CONEXBOX 120X80X50;CONEXBOX - CONEXPISO;;;CONEXTUBE;7,492.78;21;ARS;;Un;20;
45009961;CAJA DE PASO CONEXBOX 80X80X50;CONEXBOX - CONEXPISO;;;CONEXTUBE;3,747.49;21;ARS;;Un;30;
45009981;CAJA DE PASO CONEXBOX 100X100X50;CONEXBOX - CONEXPISO;;;CONEXTUBE;5,355.87;21;ARS;;Un;24;
45009982;CAJA DE PASO CONEXBOX100X100X80;CONEXBOX - CONEXPISO;;;CONEXTUBE;5,737.60;21;ARS;;Un;12;
45010000;CAJA DE PASO CONEXBOX 150X150X80;CONEXBOX - CONEXPISO;;;CONEXTUBE;10,883.14;21;ARS;0450100000008;Un;15;
45010001;CAJA DE PASO CONEXBOX 150X110X70;CONEXBOX - CONEXPISO;;;CONEXTUBE;7,931.03;21;ARS;;Un;12;
45010021;CAJA DE PASO CONEXBOX 190X140X70;CONEXBOX - CONEXPISO;;;CONEXTUBE;11,566.53;21;ARS;;Un;7;
45010031;CAJA DE PASO CONEXBOX 200X200X80 CAL.INF;CONEXBOX - CONEXPISO;;;CONEXTUBE;12,286.31;21;ARS;0450100310002;Un;10;
45010032;CONEXBOX 190x140x70 IOT ADRA;CONEXBOX - CONEXPISO;;;CONEXTUBE;17,354.62;21;ARS;;Un;10;
45010041;CAJA DE PASO CONEXBOX 200X200X80 CIEGA;CONEXBOX - CONEXPISO;;;CONEXTUBE;12,056.99;21;ARS;0450100410001;Un;10;
45010081;CAJA DE PASO CONEXBOX 240X190X90;CONEXBOX - CONEXPISO;;;CONEXTUBE;16,287.80;21;ARS;;Un;8;
45010082;CAJA DE PASO CONEXBOX 240X190X125;CONEXBOX - CONEXPISO;;;CONEXTUBE;25,879.40;21;ARS;;Un;6;
45010101;CAJA DE PASO CONEXBOX 300X220X120;CONEXBOX - CONEXPISO;;;CONEXTUBE;30,226.93;21;ARS;;Un;4;
45010111;CAJA DE PASO CONEXBOX 380X300X120;CONEXBOX - CONEXPISO;;;CONEXTUBE;45,435.80;21;ARS;;Un;6;
45100102;CAJA MYS C/PULS. RAS. VERDE NA B102;CAJAS AISLANTES EQUIPADAS;;;CONEXTUBE;23,412.72;21;ARS;4510010200001;Un;3;
45100112;CAJA MYS C/PULS. RAS. ROJO NC B112;CAJAS AISLANTES EQUIPADAS;;;CONEXTUBE;23,412.72;21;ARS;4510011200000;Un;3;
45100134;CAJA MYS C/SELEC 2 POS FIJAS NA B134;CAJAS AISLANTES EQUIPADAS;;;CONEXTUBE;25,107.76;21;ARS;4510013400002;Un;3;
45100174;CAJA GOLPE PUÑO D:40MM RJO C/RET NC B174;CONEXBOX - CONEXPISO;;;CONEXTUBE;28,526.44;21;ARS;4510017400008;Un;3;
45109661;CAJA AISLANTE P/BOTONERA C/1 PERFORACION;CAJAS AISLANTES EQUIPADAS;;;CONEXTUBE;11,113.11;21;ARS;0451096610004;Un;10;
45130000;CAJA DE PASO CONEXBOX 70X70X40 *J*;CONEXBOX - CONEXPISO;;;CONEXTUBE;2,441.10;21;ARS;;Un;1;
45130001;CAJA DE PASO CONEXBOX 150X110X70 *J*;CONEXBOX - CONEXPISO;;;CONEXTUBE;7,931.03;21;ARS;;Un;1;
45130005;CAJA DE PASO CONEXBOX 80X80X40 *J*;CONEXBOX - CONEXPISO;;;CONEXTUBE;2,937.69;21;ARS;;Un;1;
45130021;CAJA DE PASO CONEXBOX 190X140X70 *J*;CONEXBOX - CONEXPISO;;;CONEXTUBE;11,566.53;21;ARS;;Un;1;
45130031;CAJA DE P.CONEXBOX 200X200X80 CAL.INF*J*;CONEXBOX - CONEXPISO;;;CONEXTUBE;12,286.31;21;ARS;;Un;1;
45130036;CENTRAL DIN EMBUTIR 4 POLOS - BOMBE *J*;CENTRAL DIN;;;CONEXTUBE;7,967.18;21;ARS;;Un;1;
45130040;CENTRAL DIN EMBUTIR 8 POLOS - BOMBE*J*;CENTRAL DIN;;;CONEXTUBE;11,359.24;21;ARS;;Un;1;
45130041;CAJA DE P. CONEXBOX 200X200X80 CIEGA*J*;CONEXBOX - CONEXPISO;;;CONEXTUBE;12,056.99;21;ARS;;Un;1;
45130044;CENTRAL DIN EMBUTIR 12 POLOS - BOMBE*J*;CENTRAL DIN;;;CONEXTUBE;17,976.65;21;ARS;;Un;1;
45130074;CENTRAL DIN EMBUTIR 24 POLOS - BOMBE*J*;CENTRAL DIN;;;CONEXTUBE;36,175.69;21;ARS;;Un;1;
45130081;CAJA DE PASO CONEXBOX 240X190X90*J*;CONEXBOX - CONEXPISO;;;CONEXTUBE;16,287.80;21;ARS;;Un;1;
45130082;CAJA DE PASO CONEXBOX 240X190X125 *J*;CONEXBOX - CONEXPISO;;;CONEXTUBE;25,879.40;21;ARS;;Un;1;
45130084;CENTRAL DIN EMBUTIR 36 POLOS - BOMBE*J*;CENTRAL DIN;;;CONEXTUBE;49,674.05;21;ARS;;Un;1;
45130101;CAJA DE PASO CONEXBOX 300X220X120*J*;CONEXBOX - CONEXPISO;;;CONEXTUBE;30,226.93;21;ARS;;Un;1;
45130111;CAJA DE PASO CONEXBOX 380X300X120 *J*;CONEXBOX - CONEXPISO;;;CONEXTUBE;45,435.80;21;ARS;;Un;1;
45131515;CAJA DE PASO CONEXBOX 150X150X80 *J*;CONEXBOX - CONEXPISO;;;CONEXTUBE;10,883.14;21;ARS;;Un;1;
45133036;CENTRAL DIN SUP. 4 POLOS - BOMBE*J*;CENTRAL DIN;;;CONEXTUBE;9,871.11;21;ARS;;Un;1;
45133040;CENTRAL DIN SUPERFICIE 8 POLOS - BOMBE;CENTRAL DIN;;;CONEXTUBE;14,819.28;21;ARS;;Un;1;
45133044;CENTRAL DIN SUPE 12 POLOS - BOMBE*J*;CENTRAL DIN;;;CONEXTUBE;23,361.20;21;ARS;;Un;1;
45139951;CAJA DE PASO CONEXBOX 120X80X50 *J*;CONEXBOX - CONEXPISO;;;CONEXTUBE;7,492.78;21;ARS;;Un;1;
45139961;CAJA DE PASO CONEXBOX 80X80X50*J*;CONEXBOX - CONEXPISO;;;CONEXTUBE;3,747.49;21;ARS;;Un;1;
45139981;CAJA DE PASO CONEXBOX 100X100X50*J*;CONEXBOX - CONEXPISO;;;CONEXTUBE;5,355.87;21;ARS;;Un;1;
45139982;CAJA DE PASO CONEXBOX100X100X80 *J*;CONEXBOX - CONEXPISO;;;CONEXTUBE;5,737.60;21;ARS;;Un;1;
45200213;CAJA MYS C/PULS VERDE-ROJO NA-NC B213;CAJAS AISLANTES EQUIPADAS;;;CONEXTUBE;35,344.88;21;ARS;4520021300003;Un;6;
45209951;CAJA AISL P/BOTONERA C/2 PERFORACIONES;CAJAS AISLANTES EQUIPADAS;;;CONEXTUBE;15,669.14;21;ARS;4520995100005;Un;9;
45300164;CAJA GOLPE PUÑO D:40MM ROJO NC B164;CAJAS AISLANTES EQUIPADAS;;;CONEXTUBE;27,367.84;21;ARS;4530016400007;Un;3;
45300324;CAJA MYS C/FLEC NA B/N+RAS RJO NC B324;CAJAS AISLANTES EQUIPADAS;;;CONEXTUBE;49,430.06;21;ARS;4530032400005;Un;6;
45300363;CAJA MYS C/PULS V-R/NA-NC+PIL R 220 B363;CAJAS AISLANTES EQUIPADAS;;;CONEXTUBE;46,746.38;21;ARS;4530036300004;Un;6;
45309951;CAJA AISL P/BOTONERA C/3 PERFORACIONES;CAJAS AISLANTES EQUIPADAS;;;CONEXTUBE;18,364.94;21;ARS;4530995100004;Un;9;
45400101;SCONJ TAPA CXPOL 2727 OPACA BURL;SEMIELABORADOS;;;CONEXTUBE;17,223.21;21;ARS;;Un;1;
45400102;SCONJ TAPA CXPOL 3627 OPA BURL ;SEMIELABORADOS;;;CONEXTUBE;20,217.19;21;ARS;;Un;1;
45400105;SCONJ TAPA CXPOL 5436 OPACA BURL;SEMIELABORADOS;;;CONEXTUBE;45,544.63;21;ARS;;Un;1;
45401101;SCONJ TAPA TABPOL 2727 TRANSP BURL;SEMIELABORADOS;;;CONEXTUBE;13,753.53;21;ARS;;Un;1;
45401102;SCONJ TAPA CXPOL 3627 TRANSP BURL;SEMIELABORADOS;;;CONEXTUBE;19,866.54;21;ARS;;Un;1;
45401104;SCONJ TAPA TABPOL 5427 TRANSP BURL;SEMIELABORADOS;;;CONEXTUBE;28,972.33;21;ARS;;Un;1;
45401105;SCONJ TAPA CXPOL 5436 TRANSP BURL;SEMIELABORADOS;;;CONEXTUBE;38,991.66;21;ARS;;Un;10;
46010200;CENTRAL DIN CUBREBORNE 2 MODULOS;CENTRAL DIN;;;CONEXTUBE;2,736.74;21;ARS;;Un;96;
46010400;CENTRAL DIN CUBREBORNE 4 MODULOS;CENTRAL DIN;;;CONEXTUBE;3,416.34;21;ARS;;Un;60;
46010412;CENTRAL DIN 4 POLOS EMB T.FUME LUXURY;LUXURY;;;CONEXTUBE;12,247.88;21;ARS;;Un;20;
46010413;CENTRAL DIN 4 POLOS EMB BLACK LUXURY;LUXURY;;;CONEXTUBE;12,247.88;21;ARS;;Un;1;
46010413;CENTRAL DIN 4 POLOS EMB BLACK LUXURY;LUXURY;;;CONEXTUBE;12,247.88;21;ARS;;Un;20;
46010422;CENTRAL DIN 4 POLOS SOBR T.FUME LUXURY;LUXURY;;;CONEXTUBE;15,376.28;21;ARS;;Un;20;
46010432;CENTRAL LUXURY MAX 4 POLOS IP66 EXTERIOR;LUXURY;;;CONEXTUBE;19,511.46;21;ARS;0460104320004;Un;20;
46010812;CENTRAL DIN 8 POLOS EMB T.FUME LUXURY;LUXURY;;;CONEXTUBE;18,521.75;21;ARS;;Un;20;
46010813;CENTRAL DIN 8 POLOS EMB BLACK LUXURY;LUXURY;;;CONEXTUBE;18,521.75;21;ARS;;Un;1;
46010813;CENTRAL DIN 8 POLOS EMB BLACK LUXURY;LUXURY;;;CONEXTUBE;18,521.75;21;ARS;;Un;20;
46010822;CENTRAL DIN 8 POLOS SOBR T.FUME LUXURY;LUXURY;;;CONEXTUBE;22,717.12;21;ARS;;Un;20;
46010832;CENTRAL LUXURY MAX 8 POLOS IP66 EXTERIOR;LUXURY;;;CONEXTUBE;29,746.68;21;ARS;0460108320002;Un;20;
46011200;CENTRAL DIN CUBREBORNE 2 M C/VISOR;CENTRAL DIN;;;CONEXTUBE;3,805.68;21;ARS;0460112000008;Un;70;
46011212;CENTRAL DIN 12 POLOS EMB T.FUME LUXURY;LUXURY;;;CONEXTUBE;28,693.59;21;ARS;;Un;15;
46011213;CENTRAL DIN 12 POLOS EMB BLACK LUXURY;LUXURY;;;CONEXTUBE;28,693.59;21;ARS;;Un;1;
46011213;CENTRAL DIN 12 POLOS EMB BLACK LUXURY;LUXURY;;;CONEXTUBE;28,693.59;21;ARS;;Un;15;
46011222;CENTRAL DIN 12 POLOS SOBR T.FUME LUXURY;LUXURY;;;CONEXTUBE;37,182.26;21;ARS;;Un;15;
46011232;CENTRAL LUXURY MAX 12POLOS IP66 EXTERIOR;LUXURY;;;CONEXTUBE;37,963.02;21;ARS;0460112320009;Un;15;
46011400;CENTRAL DIN CUBREBORNE 4M C/VISOR;CENTRAL DIN;;;CONEXTUBE;4,529.17;21;ARS;0460114000002;Un;36;
46011812;CENTRAL DIN 18 POLOS EMB T.FUME LUXURY;LUXURY;;;CONEXTUBE;44,177.23;21;ARS;;Un;10;
46011822;CENTRAL DIN 18 POLOS SOBR T.FUME LUXURY;LUXURY;;;CONEXTUBE;53,636.90;21;ARS;;Un;10;
46011832;CENTRAL LUXURY MAX 18POLOS IP66 EXTERIOR;LUXURY;;;CONEXTUBE;68,490.34;21;ARS;0460118320001;Un;10;
46012412;CENTRAL DIN 24 POLOS EMB T.FUME LUXURY;LUXURY;;;CONEXTUBE;55,679.20;21;ARS;;Un;6;
46012422;CENTRAL DIN 24 POLOS SOBR T.FUME LUXURY;LUXURY;;;CONEXTUBE;72,967.22;21;ARS;;Un;6;
46012432;CENTRAL LUXURY MAX 24 POLOS IP66 EXTERIO;LUXURY;;;CONEXTUBE;76,266.49;21;ARS;4601243200002;Un;6;
46013612;CENTRAL DIN 36 POLOS EMB T.FUME LUXURY;LUXURY;;;CONEXTUBE;82,560.61;21;ARS;;Un;4;
46013613;CENTRAL DIN 36 POLOS EMB BLACK LUXURY;LUXURY;;;CONEXTUBE;84,133.19;21;ARS;;Un;1;
46013613;CENTRAL DIN 36 POLOS EMB BLACK LUXURY;LUXURY;;;CONEXTUBE;84,133.19;21;ARS;;Un;4;
46013622;CENTRAL DIN 36 POLOS SOBR T.FUME LUXURY;LUXURY;;;CONEXTUBE;107,637.35;21;ARS;4601362200006;Un;4;
46013632;CENTRAL LUXURY MAX 36 POLOS IP66 EXTERIO;LUXURY;;;CONEXTUBE;122,183.76;21;ARS;4601363200005;Un;1;
46015412;CENTRAL DIN 54 POLOS EMB T.FUME LUXURY;LUXURY;;;CONEXTUBE;136,252.63;21;ARS;;Un;3;
46015413;CENTRAL DIN 54  POLOS EMB BLACK LUXURY ;LUXURY;;;CONEXTUBE;136,252.63;21;ARS;4601541300008;Un;1;
46015413;CENTRAL DIN 54  POLOS EMB BLACK LUXURY ;LUXURY;;;CONEXTUBE;136,252.63;21;ARS;;Un;3;
46015422;CENTRAL DIN 54 POLOS SOBR T.FUME LUXURY;LUXURY;;;CONEXTUBE;178,090.99;21;ARS;4601542200000;Un;3;
46130200;CENTRAL DIN CUBREBORNE 2 MODULOS*J*;CENTRAL DIN;;;CONEXTUBE;2,736.74;21;ARS;;Un;1;
46130400;CENTRAL DIN CUBREBORNE 4 MODULOS*J*;CENTRAL DIN;;;CONEXTUBE;3,416.34;21;ARS;;Un;1;
46130412;CAJA DIN 4 M EMB LUXURY  *J*;LUXURY;;;CONEXTUBE;12,804.61;21;ARS;;Un;1;
46130413;CENTRAL DIN 4 POLOS EMB BLACK LUXURY *J*;LUXURY;;;CONEXTUBE;12,804.61;21;ARS;;Un;1;
46130422;CENTRAL DIN 4POLOS SOBR T.FUME LUXURY*J*;LUXURY;;;CONEXTUBE;15,376.28;21;ARS;;Un;1;
46130432;CENTRAL LUXURY MAX 4 POLOS IP66 EXT*J*;LUXURY;;;CONEXTUBE;19,511.46;21;ARS;;Un;1;
46130812;CAJA DIN 8 M EMB LUXURY  *J*;LUXURY;;;CONEXTUBE;18,521.75;21;ARS;;Un;1;
46130813;CENTRAL DIN 8 POLOS EMB BLACK LUXURY*J*;LUXURY;;;CONEXTUBE;18,521.75;21;ARS;;Un;1;
46130822;CENTRAL DIN 8POLOS SOBR T.FUME LUXURY*J*;LUXURY;;;CONEXTUBE;22,717.12;21;ARS;;Un;1;
46130832;CENTRAL LUXURY MAX 8 POLOS IP66 EXT*J*;LUXURY;;;CONEXTUBE;29,746.68;21;ARS;;Un;1;
46131200;CENTRAL DIN CUBREBORNE 2 M C/VISOR*J*;CENTRAL DIN;;;CONEXTUBE;3,640.22;21;ARS;;Un;1;
46131212;CAJA DIN 12 M EMB LUXURY  *J*;LUXURY;;;CONEXTUBE;28,693.59;21;ARS;;Un;1;
46131213;CENTRAL DIN 12 POLOS EMB BLACK LUXURY*J*;LUXURY;;;CONEXTUBE;28,693.59;21;ARS;;Un;1;
46131222;CENTRAL DIN 12POLOS SOBRT.FUME LUXURY*J*;LUXURY;;;CONEXTUBE;37,182.26;21;ARS;;Un;1;
46131232;CENTRAL LUXURY MAX 12POLOS IP66 EXT*J*;LUXURY;;;CONEXTUBE;37,963.02;21;ARS;;Un;1;
46131400;CENTRAL DIN CUBREBORNE 4M C/VISOR*J*;CENTRAL DIN;;;CONEXTUBE;4,332.25;21;ARS;;Un;1;
46131812;CAJA DIN 18 M EMB LUXURY  *J*;LUXURY;;;CONEXTUBE;44,177.23;21;ARS;;Un;1;
46131822;CENTRAL DIN 18POLOS SOBRT.FUME LUXURY*J*;LUXURY;;;CONEXTUBE;53,636.90;21;ARS;;Un;1;
46131832;CENTRAL LUXURY MAX 18POLOS IP66 EXT*J*;LUXURY;;;CONEXTUBE;68,490.34;21;ARS;;Un;1;
46132412;CAJA DIN 24 M EMB LUXURY  *J*;LUXURY;;;CONEXTUBE;55,679.20;21;ARS;;Un;1;
46132422;CENTRAL DIN 24POLOS SOBRT.FUME LUXURY*J*;LUXURY;;;CONEXTUBE;72,967.22;21;ARS;;Un;1;
46132432;CENTRAL LUXURY MAX 24 POLOS IP66 EXT*J*;LUXURY;;;CONEXTUBE;76,266.49;21;ARS;;Un;1;
46133612;CAJA DIN 36 M EMB LUXURY  *J*;LUXURY;;;CONEXTUBE;82,560.61;21;ARS;;Un;1;
46133613;CENTRAL DIN 36 POLOS EMB BLACK LUXURY*J*;LUXURY;;;CONEXTUBE;84,133.19;21;ARS;;Un;1;
46133622;CENTRAL DIN 36POLOS SOBRT.FUME LUXUR*J*Y;LUXURY;;;CONEXTUBE;107,637.35;21;ARS;;Un;1;
46133632;CENTRAL LUXURY MAX 36 POLOS IP66 EXTERIO;LUXURY;;;CONEXTUBE;122,183.76;21;ARS;;Un;1;
46135412;CAJA DIN 54 M EMB LUXURY  *J*;LUXURY;;;CONEXTUBE;136,252.63;21;ARS;;Un;1;
46135413;CENTRAL DIN 54 POLOS EMB BLACK LUXURY*J*;LUXURY;;;CONEXTUBE;138,847.93;21;ARS;;Un;1;
46135422;CENTRAL DIN 54POLOS SOBRT.FUME LUXURY*J*;LUXURY;;;CONEXTUBE;178,090.99;21;ARS;;Un;1;
46201000;ACCESORIO FIJACION A DURLOCK P/LUXURY;ACCESORIOS -REPUESTOS VARIOS;;;CONEXTUBE;3,667.47;21;ARS;0462010000005;Un;10;
46201010;BRIDA ACOPLE P/24-36-54 POLOS LUXURY;ACCESORIOS -REPUESTOS VARIOS;;;CONEXTUBE;4,883.49;21;ARS;0462010100004;Un;10;
46201020;LLAVE TRIANGULAR LINEA LUXURY;ACCESORIOS -REPUESTOS VARIOS;;;CONEXTUBE;1,831.32;21;ARS;4620102000003;Un;1;
46440148;SOPORTE ATRIL  P/CONEXTAB PORTABLE;MATERIA PRIMA;;;CONEXTUBE;226,572.50;21;ARS;;Un;1;
46440304;PUERTA FUME 4 MOD. CJTO;SEMIELABORADOS;;;CONEXTUBE;6,429.65;21;ARS;;Un;1;
46440312;PUERTA FUME 12 MOD. CJTO.;SEMIELABORADOS;;;CONEXTUBE;19,132.34;21;ARS;;Un;1;
46440454;PUERTA FUME 54 MOD. CJTO;SEMIELABORADOS;;;CONEXTUBE;70,221.66;21;ARS;;Un;1;
46440724;PUERTA FUME 24 MOD. CJTO ;SEMIELABORADOS;;;CONEXTUBE;39,001.07;21;ARS;;Un;1;
46440736;PUERTA FUME 36 MOD. CJTO ;SEMIELABORADOS;;;CONEXTUBE;49,637.76;21;ARS;;Un;1;
46470300;CIERRE 1/4 DE VUELTA P/ MARCO;SEMIELABORADOS;;;CONEXTUBE;164.14;21;ARS;;Un;1;
46470463;BRIDA MULTIMARCA;ACCESORIOS -REPUESTOS VARIOS;;;CONEXTUBE;3,773.35;21;ARS;;Un;2;
47500003;BISAGRA CAJA AGP.ZAMAC;SEMIELABORADOS;;;CONEXTUBE;3,518.76;21;ARS;;Un;1;
47500004;SOP. BISAGRA CAJA MIP.ZAMAC;SEMIELABORADOS;;;CONEXTUBE;1,211.18;21;ARS;;Un;1;
47500005;ANILLO CUADRADO CERRADURA AGP 17;SEMIELABORADOS;;;CONEXTUBE;1,211.18;21;ARS;;Un;1;
48008500;GABINETE ARGENPOL 3227 PUERTA OPACA IP65;ARGENPOL;;;CONEXTUBE;129,183.10;21;ARS;4800850000009;Un;1;
48008510;GABINETE ARGENPOL 3227 PUERTA TRANS IP65;ARGENPOL;;;CONEXTUBE;151,954.51;21;ARS;4800851000008;Un;1;
48008520;GABINETE AGP 6452 WIFI;ARGENPOL WIFI;;;CONEXTUBE;1,199,256.47;21;ARS;4800852000007;Un;1;
48008521;GABINETE ARGENPOL 4232 PUERTA OPACA IP65;ARGENPOL;;;CONEXTUBE;209,578.81;21;ARS;4800852100004;Un;1;
48008522;GABINETE ARGENPOL 4242 PUERTA OPACA IP65;ARGENPOL;;;CONEXTUBE;222,125.29;21;ARS;;Un;1;
48008523;GABINETE ARGENPOL 5242 PUERTA OPACA IP65;ARGENPOL;;;CONEXTUBE;276,029.81;21;ARS;;Un;1;
48008525;GABINETE ARGENPOL 6452 PUERTA OPACA IP65;ARGENPOL;;;CONEXTUBE;354,094.37;21;ARS;4800852500002;Un;1;
48008526;GABINETE AGP Wi Fi V2022 Vacio;ARGENPOL WIFI;;;CONEXTUBE;468,850.18;21;ARS;;Un;1;
48008531;GABINETE ARGENPOL 4232 PUERTA TRANS IP65;ARGENPOL;;;CONEXTUBE;243,499.07;21;ARS;4800853100003;Un;1;
48008532;GABINETE ARGENPOL 4242 PUERTA TRANS IP65;ARGENPOL;;;CONEXTUBE;261,156.26;21;ARS;4800853200000;Un;1;
48008533;GABINETE ARGENPOL 5242 PUERTA TRANS IP65;ARGENPOL;;;CONEXTUBE;318,292.69;21;ARS;4800853300007;Un;1;
48008535;GABINETE ARGENPOL 6452 PUERTA TRANS IP65;ARGENPOL;;;CONEXTUBE;411,718.38;21;ARS;4800853500001;Un;1;
48008536;GABINETE AGP 3227 TO CON PORTACANDADO;ARGENPOL;;;CONEXTUBE;164,866.16;21;ARS;4800853600008;Un;1;
48008537;GABINETE AGP 4232 TO CON PORTACANDADO;ARGENPOL;;;CONEXTUBE;222,479.56;21;ARS;4800853700005;Un;1;
48008538;GABINETE AGP 4242 TO CON PORTACANDADO;ARGENPOL;;;CONEXTUBE;252,981.65;21;ARS;4800853800002;Un;1;
48008539;GABINETE AGP 5242 TO CON PORTACANDADO;ARGENPOL;;;CONEXTUBE;286,385.30;21;ARS;4800853900009;Un;1;
48008540;GABINETE AGP 6452 TO CON PORTACANDADO;ARGENPOL;;;CONEXTUBE;413,963.47;21;ARS;;Un;1;
48008541;GABINETE AGP 3227 TT CON PORTACANDADO;ARGENPOL;;;CONEXTUBE;146,599.65;21;ARS;4800854100002;Un;1;
48008566;GAB AGP 4242 C/PLACA BASE Y TAPA TRANSP ;ARGENPOL;;;CONEXTUBE;231,353.81;21;ARS;;Un;1;
48008567;GAB AGP6452 C/PLACA BASE Y CONTRAT EMSA;ARGENPOL;;;CONEXTUBE;352,673.28;21;ARS;;Un;1;
48008568;GAB AGP6452 C/PLACA BASE EMSA;ARGENPOL;;;CONEXTUBE;299,261.98;21;ARS;;Un;1;
48008570;GAB AGP5242 C/PLC BASE Y TORN PALA EMSA;ARGENPOL;;;CONEXTUBE;352,673.28;21;ARS;;Un;1;
48008576;GAB AGP 4242 C/PLACA BASE Y TAPA OPACA  ;ARGENPOL;;;CONEXTUBE;214,102.85;21;ARS;;Un;1;
48008700;GAB. ARGENPOL AGP MAX 3227 T.O. 320X270X;ARGENPOL;;;CONEXTUBE;123,797.30;21;ARS;4800870000003;Un;1;
48008701;GAB. ARGENPOL AGP  MAX 4232 T.O. 420X320;ARGENPOL;;;CONEXTUBE;199,750.65;21;ARS;4800870100000;Un;1;
48008702;GAB. ARGENPOL AGP MAX 4242 T.O. 420X420X;ARGENPOL;;;CONEXTUBE;228,039.63;21;ARS;;Un;1;
48008703;GAB. ARGENPOL AGP MAX 5242 T.O. 520X420X;ARGENPOL;;;CONEXTUBE;278,345.01;21;ARS;4800870300004;Un;1;
48008704;GAB.ARGENPOL  AGP MAX 6452 T.O. 640X520X;ARGENPOL;;;CONEXTUBE;370,842.76;21;ARS;4800870400001;Un;1;
48008705;GAB.AGP MAX 6452 C/TO Y C/CTT 640X520X;ARGENPOL;;;CONEXTUBE;570,338.58;21;ARS;4800870500008;Un;1;
48008706;GAB.AGEP MAX 6452 C/CIERRE T/ PALA;ARGENPOL;;;CONEXTUBE;369,587.46;21;ARS;;Un;1;
48009522;GABINETE AGP DIN 4242 PTA.OPACA 38 POLOS;ARGENPOL;;;CONEXTUBE;310,103.57;21;ARS;4800952200000;Un;1;
48009523;GABINETE AGP DIN 5242 PTA.OPACA 57 POLOS;ARGENPOL;;;CONEXTUBE;383,012.36;21;ARS;4800952300007;Un;1;
48009524;GABINETE AGP DIN 6452 PTA.OPACA 72 POLOS;ARGENPOL;;;CONEXTUBE;478,207.73;21;ARS;4800952400004;Un;1;
48009525;GABINETE AGP DIN 6452 PTA.OPACA 96 POLOS;ARGENPOL;;;CONEXTUBE;499,858.70;21;ARS;4800952500001;Un;1;
48009532;GABINETE AGP DIN 4242 PTA.TRANS 38 POLOS;ARGENPOL;;;CONEXTUBE;322,519.84;21;ARS;4800953200009;Un;1;
48009533;GABINETE AGP DIN 5242 PTA.TRANS 57 POLOS;ARGENPOL;;;CONEXTUBE;397,340.81;21;ARS;4800953300006;Un;1;
48009534;GABINETE AGP DIN 6452 PTA.TRANS 72 POLOS;ARGENPOL;;;CONEXTUBE;492,854.67;21;ARS;4800953400003;Un;1;
48009535;GABINETE AGP DIN 6452 PTA.TRANS 96 POLOS;ARGENPOL;;;CONEXTUBE;514,186.98;21;ARS;4800953500000;Un;1;
48009537;GABINETE AGP 6452 ALTA SIN VENTILACION;ARGENPOL;;;CONEXTUBE;459,460.73;21;ARS;4800953700004;Un;1;
48009538;GABINETE AGP 6452 C/8 VENT. Y BASTIDOR;ARGENPOL;;;CONEXTUBE;426,687.63;21;ARS;4800953800001;Un;1;
48009623;GAB. ARGENPOL AGP 5242 TO-3P. C/ P.I.O.;ARGENPOL;;;CONEXTUBE;334,332.59;21;ARS;4800962300004;Un;1;
48009624;GAB. ARGENPOL AGP 4242 TT- 3P C/ P.I.O.;ARGENPOL;;;CONEXTUBE;275,355.59;21;ARS;4800962400001;Un;1;
48009625;GAB. ARGENPOL AGP 6452 TO - 3P C/ P.I.O.;ARGENPOL;;;CONEXTUBE;424,948.71;21;ARS;4800962500008;Un;1;
48009631;GAB. ARGENPOL AGP 4242 TO- 3P C/ P.I.T.;ARGENPOL;;;CONEXTUBE;272,001.31;21;ARS;4800963100009;Un;1;
48009632;GAB. ARGENPOL AGP 4242 TO- 3P C/ P.I.O.;ARGENPOL;;;CONEXTUBE;276,167.63;21;ARS;4800963200006;Un;1;
48009633;GAB. ARGENPOL AGP 5242 TO - 3P. C/ P.I.T;ARGENPOL;;;CONEXTUBE;327,843.73;21;ARS;;Un;1;
48009635;GAB. ARGENPOL AGP 6452 TO- 3P. C/ P.I.T.;ARGENPOL;;;CONEXTUBE;418,107.06;21;ARS;4800963500007;Un;1;
48009723;GAB. ARGENPOL AGP 5242 TT - 3P C/ P.I.O.;ARGENPOL;;;CONEXTUBE;329,588.73;21;ARS;4800972300001;Un;1;
48009725;GAB. ARGENPOL AGP 6452 TT- 3P C/ P.I.O.;ARGENPOL;;;CONEXTUBE;445,363.54;21;ARS;4800972500005;Un;1;
48009731;GAB. ARGENPOL AGP 4242 TT- 3P C/ P.I.T.;ARGENPOL;;;CONEXTUBE;271,189.42;21;ARS;4800973100006;Un;1;
48009733;GAB. ARGENPOL AGP 5242 TT- 3P C/ P.I.T.;ARGENPOL;;;CONEXTUBE;321,872.44;21;ARS;4800973300000;Un;1;
48009735;GAB. ARGENPOL AGP 6452 TT - 3P C/ P.I.T.;ARGENPOL;;;CONEXTUBE;436,314.53;21;ARS;4800973500004;Un;1;
48048513;TAPA REPUESTO EDESA 520 X 420;ACCESORIOS -REPUESTOS VARIOS;;;CONEXTUBE;94,941.28;21;ARS;4804851300007;Un;1;
48078511;TAPA REPUESTO AGP MAX 4232 1 P;ACCESORIOS -REPUESTOS VARIOS;;;CONEXTUBE;61,924.36;21;ARS;4807851100004;Un;1;
48091011;GAB. ARGENPOL 5242 TT CIERRE EXCENT.;ARGENPOL;;;CONEXTUBE;273,421.00;21;ARS;4809101100000;Un;1;
48091021;GAB. ARGENPOL 6452 TT CIERRE EXCENT.;ARGENPOL;;;CONEXTUBE;380,183.06;21;ARS;4809102100009;Un;1;
48091100;GAB. ARGENPOL 6452 PFISTERER LOGO EDESUR;ARGENPOL;;;CONEXTUBE;361,721.20;21;ARS;;Un;1;
48092000;GAB ARGENPOL AGP 4242 TO-3P C/VENT PFIS;ARGENPOL;;;CONEXTUBE;256,559.35;21;ARS;4809200000003;Un;1;
48348506;BASE CAJA AGP 6452 DOBLE CALADO;SEMIELABORADOS;;;CONEXTUBE;102,750.31;21;ARS;;Un;1;
48408007;PATAS DE FIJACIÓN AGP (KIT DE 4 PATAS);ACCESORIOS -REPUESTOS VARIOS;;;CONEXTUBE;9,082.81;21;ARS;;Un;1;
48408008;MANETA DE SEG. DE 3 EMBOCADURAS AGP ;ACCESORIOS -REPUESTOS VARIOS;;;CONEXTUBE;4,279.62;21;ARS;;Un;1;
48408014;SUBCONJUNTO FALLEBA 4232 - 4242 CIA.ELEC;SEMIELABORADOS;;;CONEXTUBE;35,813.86;21;ARS;;Un;1;
48408016;SUBCONJUNTO FALLEBA 6452 - CIA.ELECTRICA;SEMIELABORADOS;;;CONEXTUBE;35,947.45;21;ARS;;Un;1;
48408022;CERRADURA UNIVERSAL AGP 17;SEMIELABORADOS;;;CONEXTUBE;7,743.25;21;ARS;;Un;1;
48448004;MANETA FIJA DE APERTURA AGP;ACCESORIOS -REPUESTOS VARIOS;;;CONEXTUBE;1,962.10;21;ARS;;Un;1;
48469526;SOPORTE MET. REGULABLE TMD4242;MATERIA PRIMA;;;CONEXTUBE;30.16;21;USD;;Un;1;
48469527;SOPORTE MET. REGULABLE TMD6452;MATERIA PRIMA;;;CONEXTUBE;60.29;21;USD;;Un;1;
49000008;KIT BARRA NEUTRO C.TOMA 60 AMP;SEMIELABORADOS;;;CONEXTUBE;19,359.30;21;ARS;;Un;1;
49004802;BASTIDOR DIN DE 38 M P/AGP 4242;ACCESORIOS -REPUESTOS VARIOS;;;CONEXTUBE;268,801.90;21;ARS;4900480200005;Un;1;
49004803;BASTIDOR DIN DE 57M P/AGP 5242;ACCESORIOS -REPUESTOS VARIOS;;;CONEXTUBE;327,757.42;21;ARS;4900480300002;Un;1;
49004805;BASTIDOR DIN DE 72M P/AGP 6452;ACCESORIOS -REPUESTOS VARIOS;;;CONEXTUBE;394,706.04;21;ARS;4900480500006;Un;1;
49004806;BASTIDOR DIN DE 96M P/AGP 6452;ACCESORIOS -REPUESTOS VARIOS;;;CONEXTUBE;435,674.21;21;ARS;4900480600003;Un;1;
49008001;PLACA BASE METÁLICA P/ CONEXPOL 1813;ACCESORIOS -REPUESTOS VARIOS;;;CONEXTUBE;9,188.55;21;ARS;;Un;1;
49008002;PLACA BASE METÁLICA P/ CONEXPOL 1818;ACCESORIOS -REPUESTOS VARIOS;;;CONEXTUBE;10,947.65;21;ARS;;Un;1;
49008004;PLACA BASE METÁLICA P/ CONEXPOL 2718;ACCESORIOS -REPUESTOS VARIOS;;;CONEXTUBE;19,044.19;21;ARS;;Un;1;
49008005;PLACA BASE METÁLICA P/ CONEXPOL 2727;ACCESORIOS -REPUESTOS VARIOS;;;CONEXTUBE;25,603.45;21;ARS;;Un;1;
49008006;PLACA BASE METÁLICA P/ CONEXPOL 3627;ACCESORIOS -REPUESTOS VARIOS;;;CONEXTUBE;32,101.03;21;ARS;;Un;1;
49008007;PLACA BASE METÁLICA P/ CONEXPOL 3636;ACCESORIOS -REPUESTOS VARIOS;;;CONEXTUBE;41,655.78;21;ARS;;Un;1;
49008008;PLACA BASE METÁLICA P/ CONEXPOL 5427;ACCESORIOS -REPUESTOS VARIOS;;;CONEXTUBE;55,183.82;21;ARS;;Un;1;
49008009;PLACA BASE METÁLICA P/ CONEXPOL 5436;ACCESORIOS -REPUESTOS VARIOS;;;CONEXTUBE;77,908.28;21;ARS;;Un;1;
49008020;PLACA BASE METÁLICA TMD 4242;MATERIA PRIMA;;;CONEXTUBE;32.96;21;USD;;Un;1;
49008021;PLACA BASE METÁLICA TMD 6452;MATERIA PRIMA;;;CONEXTUBE;65.25;21;USD;;Un;1;
49008052;PLACA BASE AISLANTE P/ CONEXPOL 1818;ACCESORIOS -REPUESTOS VARIOS;;;CONEXTUBE;50,626.51;21;ARS;4900805200000;Un;1;
49008054;PLACA BASE AISLANTE P/ CONEXPOL 2718;ACCESORIOS -REPUESTOS VARIOS;;;CONEXTUBE;57,093.07;21;ARS;4900805400004;Un;1;
49008055;PLACA BASE AISLANTE P/ CONEXPOL 2727;ACCESORIOS -REPUESTOS VARIOS;;;CONEXTUBE;80,801.14;21;ARS;4900805500001;Un;1;
49008056;PLACA BASE AISLANTE P/ CONEXPOL 3627;ACCESORIOS -REPUESTOS VARIOS;;;CONEXTUBE;125,344.44;21;ARS;4900805600008;Un;1;
49008057;PLACA BASE AISLANTE P/ CONEXPOL 3636;ACCESORIOS -REPUESTOS VARIOS;;;CONEXTUBE;142,587.11;21;ARS;4900805700005;Un;1;
49008058;PLACA BASE AISLANTE P/ CONEXPOL 5427;ACCESORIOS -REPUESTOS VARIOS;;;CONEXTUBE;140,974.26;21;ARS;4900805800002;Un;1;
49008059;PLACA BASE AISLANTE P/ CONEXPOL 5436;ACCESORIOS -REPUESTOS VARIOS;;;CONEXTUBE;199,886.48;21;ARS;4900805900009;Un;1;
49008100;PLACA DE CIERRE P/ CONEXPOL 223X105;ACCESORIOS -REPUESTOS VARIOS;;;CONEXTUBE;14,955.24;21;ARS;4900810000008;Un;1;
49008103;BRIDA DE ACOPLE P/ CONEXPOL 223X105;ACCESORIOS -REPUESTOS VARIOS;;;CONEXTUBE;28,276.65;21;ARS;4900810300009;Un;1;
49008105;BRIDA DE ACOPLE AGP;ACCESORIOS -REPUESTOS VARIOS;;;CONEXTUBE;7,722.87;21;ARS;4900810500003;Un;1;
49008110;DISP.DE VENTILACIÓN FORZADA 116X116;ACCESORIOS -REPUESTOS VARIOS;;;CONEXTUBE;381.73;21;USD;;Un;1;
49008118;DISPOSITIVO DE VENTILACIÓN DV-100;ACCESORIOS -REPUESTOS VARIOS;;;CONEXTUBE;7,099.91;21;ARS;4900811800003;Un;1;
49008138;PORTA PLANO CONEXPLAN;ACCESORIOS -REPUESTOS VARIOS;;;CONEXTUBE;13,726.38;21;ARS;4900813800001;Un;1;
49008139;VENTANA MANIOBRA TRANSPARENTE 150X170;ACCESORIOS -REPUESTOS VARIOS;;;CONEXTUBE;11,732.42;21;ARS;4900813900008;Un;1;
49008140;KIT DE CONVERSIÓN - CONEXPOL A TABLEPOL;ACCESORIOS -REPUESTOS VARIOS;;;CONEXTUBE;7,781.95;21;ARS;4900814000004;Un;1;
49008141;VISOR FIJO 150X170 - REPUESTO -;ACCESORIOS -REPUESTOS VARIOS;;;CONEXTUBE;9,622.05;21;ARS;4900814100001;Un;1;
49008143;CJTO. VISOR FIJO 115 X 70 ;ACCESORIOS -REPUESTOS VARIOS;;;CONEXTUBE;4,632.93;21;ARS;4900814300005;Un;1;
49008145;PASACABLE ESCALONADO 14 MM DIÁMETRO;ACCESORIOS -REPUESTOS VARIOS;;;CONEXTUBE;233.64;21;ARS;4900814500009;Un;1;
49008146;PASACABLE ESCALONADO 21.5 MM DIÁMETRO;ACCESORIOS -REPUESTOS VARIOS;;;CONEXTUBE;615.95;21;ARS;4900814600006;Un;1;
49008147;PASACABLE ESCALONADO 32 MM DIÁMETRO;ACCESORIOS -REPUESTOS VARIOS;;;CONEXTUBE;739.01;21;ARS;4900814700003;Un;1;
49008150;REPUESTO TAPA CIEGA P/MÓDULO;ACCESORIOS -REPUESTOS VARIOS;;;CONEXTUBE;585.35;21;ARS;0490081500003;Un;50;
49008151;BARRA PUESTA A TIERRA LUXURY 8 POLOS;ACCESORIOS -REPUESTOS VARIOS;;;CONEXTUBE;35,342.68;21;ARS;0490081510000;Un;10;
49008152;BARRA PUESTA A TIERRA P/LUXURY 12 POLOS;ACCESORIOS -REPUESTOS VARIOS;;;CONEXTUBE;44,952.14;21;ARS;4900815200007;Un;5;
49008153;BARRA PUESTA A TIERRA P/LUXURY 18 POLOS;ACCESORIOS -REPUESTOS VARIOS;;;CONEXTUBE;57,351.32;21;ARS;4900815300004;Un;5;
49008158;DVE-8585 DISP. VENTIL. ABS RAL 7032;ACCESORIOS -REPUESTOS VARIOS;;;CONEXTUBE;11,022.37;21;ARS;4900815800009;Un;1;
49008163;MANIJA CONEXTUBE;ACCESORIOS -REPUESTOS VARIOS;;;CONEXTUBE;7,147.22;21;ARS;0490081630003;Un;50;
49008531;PBM-325 PLACA METÁLICA P/ AGP 3227;ACCESORIOS -REPUESTOS VARIOS;;;CONEXTUBE;22,420.24;21;ARS;;Un;1;
49008533;PLACA BASE METÁLICA P/ ARGENPOL 4242;ACCESORIOS -REPUESTOS VARIOS;;;CONEXTUBE;47,316.28;21;ARS;;Un;1;
49008534;PLACA BASE METÁLICA P/ ARGENPOL 5242;ACCESORIOS -REPUESTOS VARIOS;;;CONEXTUBE;58,935.02;21;ARS;;Un;1;
49008538;PLACA BASE METÁLICA P/ ARGENPOL 6452;ACCESORIOS -REPUESTOS VARIOS;;;CONEXTUBE;90,030.60;21;ARS;;Un;1;
49008539;PLACA BASE METÁLICA P/ ARGENPOL 4232;ACCESORIOS -REPUESTOS VARIOS;;;CONEXTUBE;33,227.18;21;ARS;;Un;1;
49008541;PLACA BASE AISLANTE P/ ARGENPOL 3227;ACCESORIOS -REPUESTOS VARIOS;;;CONEXTUBE;111,909.24;21;ARS;4900854100009;Un;1;
49008542;PLACA BASE AISLANTE P/ ARGENPOL 4232;ACCESORIOS -REPUESTOS VARIOS;;;CONEXTUBE;293,502.64;21;ARS;4900854200006;Un;1;
49008543;PLACA BASE AISLANTE P/ ARGENPOL 4242;ACCESORIOS -REPUESTOS VARIOS;;;CONEXTUBE;377,018.30;21;ARS;4900854300003;Un;1;
49008544;PLACA BASE AISLANTE P/ ARGENPOL 5242;ACCESORIOS -REPUESTOS VARIOS;;;CONEXTUBE;351,470.93;21;ARS;4900854400000;Un;1;
49008548;PLACA BASE AISLANTE P/ ARGENPOL 6452;ACCESORIOS -REPUESTOS VARIOS;;;CONEXTUBE;396,805.94;21;ARS;4900854800008;Un;1;
49991104;VISOR MODULAR DIN A PANEL IP67 04 M;ACCESORIOS -REPUESTOS VARIOS;;;CONEXTUBE;35,699.88;21;ARS;0499911040007;Un;12;
49991108;VISOR MODULAR DIN A PANEL IP67 08 M;ACCESORIOS -REPUESTOS VARIOS;;;CONEXTUBE;42,609.64;21;ARS;4999110800005;Un;6;
49991112;VISOR MODULAR DIN A PANEL IP67 12 M;ACCESORIOS -REPUESTOS VARIOS;;;CONEXTUBE;47,266.29;21;ARS;4999111200002;Un;5;
50001000;CAJA DE PASO AL INYECTADO 100X100X60;CAJAS DE PASO AL CAP -HAS;;;CONEXTUBE;38,272.98;21;ARS;5000100000004;Un;5;
50001001;CAJA DE PASO AL INYECTADO 100X100X100;CAJAS DE PASO AL CAP -HAS;;;CONEXTUBE;51,048.78;21;ARS;5000100100001;Un;5;
50001002;CAJA DE PASO AL INYECTADO 120X120X60;CAJAS DE PASO AL CAP -HAS;;;CONEXTUBE;52,752.32;21;ARS;5000100200008;Un;5;
50001003;CAJA DE PASO AL INYECTADO 120X120X100;CAJAS DE PASO AL CAP -HAS;;;CONEXTUBE;67,142.28;21;ARS;5000100300005;Un;5;
50001010;CAJA DE PASO AL INYECTADO 150X150X75;CAJAS DE PASO AL CAP -HAS;;;CONEXTUBE;70,197.83;21;ARS;5000101000003;Un;5;
50001011;CAJA DE PASO AL INYECTADO 150X150X100;CAJAS DE PASO AL CAP -HAS;;;CONEXTUBE;84,642.69;21;ARS;5000101100000;Un;5;
50001012;CAJA DE PASO AL INYECTADO 200X200X100;CAJAS DE PASO AL CAP -HAS;;;CONEXTUBE;132,592.96;21;ARS;5000101200007;Un;5;
50001013;CAJA DE PASO AL INYECTADO 150X200X100;CAJAS DE PASO AL CAP -HAS;;;CONEXTUBE;112,650.26;21;ARS;5000101300004;Un;5;
50001014;CAJA DE PASO AL INYECTADO 150X100X75;CAJAS DE PASO AL CAP -HAS;;;CONEXTUBE;68,236.84;21;ARS;5000101400001;Un;5;
50001015;CAJA DE PASO AL INYECTADO 300X250X125;CAJAS DE PASO AL CAP -HAS;;;CONEXTUBE;295,831.55;21;ARS;5000101500008;Un;2;
50101000;CAJA METALICA P/BOTONERA C/1 PERFORACION;CAJAS AISLANTES EQUIPADAS;;;CONEXTUBE;41,903.93;21;ARS;5010100000003;Un;5;
50201000;CAJA METALICA P/BOTONERA C/2 PERFORACION;CAJAS AISLANTES EQUIPADAS;;;CONEXTUBE;41,903.93;21;ARS;5020100000002;Un;5;
50301014;CAJA METALICA P/BOTONERA C/3 PERFORACION;CAJAS AISLANTES EQUIPADAS;;;CONEXTUBE;74,711.82;21;ARS;5030101400008;Un;5;
51001860;CAJA DE PASO AL FUNDIDO 150X150X150;CAJAS DE PASO AL CAP -HAS;;;CONEXTUBE;306,568.31;21;ARS;5100186000001;Un;1;
51001863;CAJA DE PASO AL FUNDIDO 200X200X150;CAJAS DE PASO AL CAP -HAS;;;CONEXTUBE;352,397.67;21;ARS;5100186300002;Un;1;
51001865;CAJA DE PASO AL FUNDIDO 250X250X100;CAJAS DE PASO AL CAP -HAS;;;CONEXTUBE;487,070.75;21;ARS;5100186500006;Un;1;
51001866;CAJA DE PASO AL FUNDIDO 250X250X150;CAJAS DE PASO AL CAP -HAS;;;CONEXTUBE;638,905.23;21;ARS;5100186600003;Un;1;
51001868;CAJA DE PASO AL FUNDIDO 300X300X100;CAJAS DE PASO AL CAP -HAS;;;CONEXTUBE;616,001.39;21;ARS;5100186800007;Un;1;
51001869;CAJA DE PASO AL FUNDIDO 300X300X150;CAJAS DE PASO AL CAP -HAS;;;CONEXTUBE;756,382.80;21;ARS;5100186900004;Un;1;
51001870;CAJA DE PASO AL FUNDIDO 300X300X200;CAJAS DE PASO AL CAP -HAS;;;CONEXTUBE;850,929.31;21;ARS;5100187000000;Un;1;
51001871;CAJA DE PASO AL FUNDIDO 400X400X150;CAJAS DE PASO AL CAP -HAS;;;CONEXTUBE;1,320,819.31;21;ARS;5100187100007;Un;1;
51001881;CAJA DE PASO AL FUNDIDO 100X150X100;CAJAS DE PASO AL CAP -HAS;;;CONEXTUBE;151,836.78;21;ARS;5100188100006;Un;1;
51001882;CAJA DE PASO AL FUNDIDO 100X200X100;CAJAS DE PASO AL CAP -HAS;;;CONEXTUBE;177,639.98;21;ARS;5100188200003;Un;1;
51001886;CAJA DE PASO AL FUNDIDO 150X200X150;CAJAS DE PASO AL CAP -HAS;;;CONEXTUBE;369,601.02;21;ARS;5100188600001;Un;1;
51001887;CAJA DE PASO AL FUNDIDO 150X250X100;CAJAS DE PASO AL CAP -HAS;;;CONEXTUBE;372,448.72;21;ARS;5100188700008;Un;1;
51001888;CAJA DE PASO AL FUNDIDO 200X250X100;CAJAS DE PASO AL CAP -HAS;;;CONEXTUBE;340,964.44;21;ARS;5100188800005;Un;1;
51001891;CAJA DE PASO AL FUNDIDO 200X300X100;CAJAS DE PASO AL CAP -HAS;;;CONEXTUBE;452,940.86;21;ARS;5100189100005;Un;1;
51001892;CAJA DE PASO AL FUNDIDO 200X300X150;CAJAS DE PASO AL CAP -HAS;;;CONEXTUBE;573,019.75;21;ARS;5100189200002;Un;1;
51001895;CAJA DE PASO AL FUNDIDO 250X350X150;CAJAS DE PASO AL CAP -HAS;;;CONEXTUBE;682,175.70;21;ARS;5100189500003;Un;1;
51001897;CAJA DE PASO AL FUNDIDO 400X300X150;CAJAS DE PASO AL CAP -HAS;;;CONEXTUBE;1,009,605.74;21;ARS;5100189700007;Un;1;
51001900;CAJA DE PASO AL FUNDIDO 600X400X200;CAJAS DE PASO AL CAP -HAS;;;CONEXTUBE;2,237,503.54;21;ARS;5100190000004;Un;1;
52001200;CAJA AISLANTE MARCO/TAPA AL 180X130X100;CONEXBOX - CONEXPISO;;;CONEXTUBE;104,650.64;21;ARS;5200120000002;Un;1;
52001300;CAJA AISLANTE MARCO/TAPA AL 270X180X140;CONEXBOX - CONEXPISO;;;CONEXTUBE;172,559.58;21;ARS;5200130000009;Un;1;
52001400;CAJA AISLANTE MARCO/TAPA AL 270X270X140;CONEXBOX - CONEXPISO;;;CONEXTUBE;231,668.59;21;ARS;5200140000006;Un;1;
52001500;CAJA AISLANTE MARCO/TAPA AL 270X360X140;CONEXBOX - CONEXPISO;;;CONEXTUBE;301,176.77;21;ARS;5200150000003;Un;1;
52001600;CAJA AISLANTE MARCO/TAPA AL 360X360X140;CONEXBOX - CONEXPISO;;;CONEXTUBE;356,291.92;21;ARS;5200160000000;Un;1;
56001252;"CAÑO GALV.DIAM.NOM.5/8""-15,87x0.90MM";CAÑOS Y ACCESORIOS METALICAS;;;CONEXTUBE;4.37;21;USD;;Un;30;
56001253;"CAÑO GALV.DIAM.NOM.3/4""-19.05x0.90MM";CAÑOS Y ACCESORIOS METALICAS;;;CONEXTUBE;5.01;21;USD;;Un;30;
56001254;"CAÑO GALV.DIAM.NOM.7/8""-22.22x0.90MM";CAÑOS Y ACCESORIOS METALICAS;;;CONEXTUBE;5.92;21;USD;;Un;30;
56001255;"CAÑO GALV.DIAM.NOM.1""-25.40x0.90MM";CAÑOS Y ACCESORIOS METALICAS;;;CONEXTUBE;6.64;21;USD;;Un;21;
56001256;"CAÑO GALV.DIAM.NOM.1 1/4""-31.80x0.90MM";CAÑOS Y ACCESORIOS METALICAS;;;CONEXTUBE;8.74;21;USD;;Un;15;
56001257;"CAÑO GALV.DIAM.NOM.1 1/2""-38.10x1.25MM";CAÑOS Y ACCESORIOS METALICAS;;;CONEXTUBE;14.37;21;USD;;Un;15;
56001258;"CAÑO GALV.DIAM.NOM.2""-50.80x1.25MM";CAÑOS Y ACCESORIOS METALICAS;;;CONEXTUBE;18.94;21;USD;;Un;9;
56001259;"CURVA 90° GALV.DIAM.NOM.5/8""-15.87x0.9MM";CAÑOS Y ACCESORIOS METALICAS;;;CONEXTUBE;2.01;21;USD;;Un;1;
56001260;"CURVA 90° GALV.DIAM.NOM.3/4""-19.05x0.9MM";CAÑOS Y ACCESORIOS METALICAS;;;CONEXTUBE;2.45;21;USD;;Un;1;
56001261;"CURVA 90° GALV.DIAM.NOM.7/8""-22.22x0.9MM";CAÑOS Y ACCESORIOS METALICAS;;;CONEXTUBE;2.89;21;USD;;Un;1;
56001262;"CURVA 90° GALV.DIAM.NOM.1""-25.4x0.9MM";CAÑOS Y ACCESORIOS METALICAS;;;CONEXTUBE;3.74;21;USD;;Un;1;
56001263;"CURVA 90°GALV.DIAM.NOM.1 1/4""-31.8x0.9MM";CAÑOS Y ACCESORIOS METALICAS;;;CONEXTUBE;5.46;21;USD;;Un;1;
56001264;"CURVA 90°GALV.DIAM.NOM.1 1/2""38.1x1.25MM";CAÑOS Y ACCESORIOS METALICAS;;;CONEXTUBE;10.16;21;USD;;Un;1;
56001265;"CURVA 90°GALV.DIAM.NOM..2""-50.80x1.25MM";CAÑOS Y ACCESORIOS METALICAS;;;CONEXTUBE;15.82;21;USD;;Un;1;
56001269;"CURVA 45° GALV.DIAM.NOM.5/8""-15.87x0.9MM";CAÑOS Y ACCESORIOS METALICAS;;;CONEXTUBE;2.01;21;USD;;Un;1;
56001270;"CURVA 45° GALV.DIAM.NOM.3/4""-19.05x0.9MM";CAÑOS Y ACCESORIOS METALICAS;;;CONEXTUBE;2.45;21;USD;;Un;1;
56001271;"CURVA 45° GALV.DIAM.NOM.7/8""-22.22x0.9MM";CAÑOS Y ACCESORIOS METALICAS;;;CONEXTUBE;2.89;21;USD;;Un;1;
56001272;"CURVA 45° GALV.DIAM.NOM.1""-25.4x0.9MM";CAÑOS Y ACCESORIOS METALICAS;;;CONEXTUBE;3.74;21;USD;;Un;1;
56001273;"CURVA 45°GALV.DIAM.NOM.1 1/4""-31.8x0.9MM";CAÑOS Y ACCESORIOS METALICAS;;;CONEXTUBE;5.46;21;USD;;Un;1;
56001274;"CURVA 45°GALV.DIAM.NOM.1 1/2""38.1x1.25MM";CAÑOS Y ACCESORIOS METALICAS;;;CONEXTUBE;10.16;21;USD;;Un;1;
56001275;"CURVA 45°GALV.DIAM.NOM..2""-50.80x1.25MM";CAÑOS Y ACCESORIOS METALICAS;;;CONEXTUBE;15.82;21;USD;;Un;1;
56114022;Junta de vedación p/ caño 1';CAÑOS Y ACCESORIOS METALICAS;;;CONEXTUBE;0.51;21;USD;;Un;5;
56114082;"Anillo de sellado de 3/4""";CAÑOS Y ACCESORIOS METALICAS;;;CONEXTUBE;0.36;21;USD;;Un;5;
56114086;"Anillo de sellado de  2""";CAÑOS Y ACCESORIOS METALICAS;;;CONEXTUBE;1.23;21;USD;;Un;10;
56114101;"Junta de vedación p/tapa 1/2"" - 3/4""";CAÑOS Y ACCESORIOS METALICAS;;;CONEXTUBE;1.15;21;USD;;Un;120;
56114102;Junta de vedación p/tapa 1;CAÑOS Y ACCESORIOS METALICAS;;;CONEXTUBE;1.30;21;USD;;Un;90;
56114104;"Junta de vedación p/tapa 1 1/2"" ";CAÑOS Y ACCESORIOS METALICAS;;;CONEXTUBE;1.67;21;USD;;Un;100;
56114105;"Junta de vedación p/tapa 2"" ";CAÑOS Y ACCESORIOS METALICAS;;;CONEXTUBE;2.08;21;USD;;Un;25;
56114131;Junta de vedación p/ caño 3/4';CAÑOS Y ACCESORIOS METALICAS;;;CONEXTUBE;0.51;21;USD;;Un;5;
56114133;"Junta de vedación p/ caño 1 1/4""";CAÑOS Y ACCESORIOS METALICAS;;;CONEXTUBE;0.72;21;USD;;Un;10;
56114135;Junta de vedación p/ caño 1.1/2';CAÑOS Y ACCESORIOS METALICAS;;;CONEXTUBE;1.16;21;USD;;Un;10;
56114136;Junta de vedación p/ caño 2';CAÑOS Y ACCESORIOS METALICAS;;;CONEXTUBE;1.38;21;USD;;Un;10;
56114161;"Tapón Roscado TR151 - 1/2""";CAÑOS Y ACCESORIOS METALICAS;;;CONEXTUBE;1.01;21;USD;;Un;5;
56114162;"Tapón Roscado TR152 - 3/4""";CAÑOS Y ACCESORIOS METALICAS;;;CONEXTUBE;1.38;21;USD;;Un;5;
56114163;"Tapón Roscado TR153 - 1""";CAÑOS Y ACCESORIOS METALICAS;;;CONEXTUBE;1.74;21;USD;;Un;10;
56114165;"Tapón Roscado TR155 - 1.1/2""";CAÑOS Y ACCESORIOS METALICAS;;;CONEXTUBE;2.03;21;USD;;Un;10;
56114166;"Tapón Roscado TR156 -2""";CAÑOS Y ACCESORIOS METALICAS;;;CONEXTUBE;2.53;21;USD;;Un;10;
56114181;"Anillo de sellado 1/2""";CAÑOS Y ACCESORIOS METALICAS;;;CONEXTUBE;0.36;21;USD;;Un;10;
56114183;"Anillo de sellado de 1""";CAÑOS Y ACCESORIOS METALICAS;;;CONEXTUBE;0.43;21;USD;;Un;10;
56115128;Tapas para cajas de registro ;CAÑOS Y ACCESORIOS METALICAS;;;CONEXTUBE;6.59;21;USD;;Un;24;
56120155;"Caja de derivacion  1/2""";CAÑOS Y ACCESORIOS METALICAS;;;CONEXTUBE;11.68;21;USD;;Un;12;
56120156;"Caja de derivacion  3/4 """;CAÑOS Y ACCESORIOS METALICAS;;;CONEXTUBE;11.68;21;USD;;Un;12;
56120157;"Caja de derivacion  1 """;CAÑOS Y ACCESORIOS METALICAS;;;CONEXTUBE;11.68;21;USD;;Un;12;
56123051;Caja de pase,derivacion y piso  CP-1010;CAÑOS Y ACCESORIOS METALICAS;;;CONEXTUBE;19.50;21;USD;;Un;12;
56123052;Caja de pase,derivacion y piso  CP-1515;CAÑOS Y ACCESORIOS METALICAS;;;CONEXTUBE;50.46;21;USD;;Un;6;
56123053;Caja de pase,derivacion y piso  CP-2020;CAÑOS Y ACCESORIOS METALICAS;;;CONEXTUBE;74.55;21;USD;;Un;6;
56123054;Caja de pase,derivacion y piso  CP-3030;CAÑOS Y ACCESORIOS METALICAS;;;CONEXTUBE;176.09;21;USD;;Un;1;
56123151;Caja de pase,der,piso c/rosca CP1010 1/2;CAÑOS Y ACCESORIOS METALICAS;;;CONEXTUBE;20.95;21;USD;;Un;12;
56123152;Caja de pase,der,piso c/rosca CP1010 3/4;CAÑOS Y ACCESORIOS METALICAS;;;CONEXTUBE;20.95;21;USD;;Un;12;
56123153;"Caja de pase,der,piso c/rosca CP1010 1""";CAÑOS Y ACCESORIOS METALICAS;;;CONEXTUBE;20.95;21;USD;;Un;12;
56123165;Caja d/ pase,der,piso,c/roscaCP1515 11/2;CAÑOS Y ACCESORIOS METALICAS;;;CONEXTUBE;36.66;21;USD;;Un;6;
56124001;Reduccion c/rosca 3/4x1/2;CAÑOS Y ACCESORIOS METALICAS;;;CONEXTUBE;2.04;21;USD;;Un;48;
56124002;"Reduccion c/rosca 1""x 1/2""";CAÑOS Y ACCESORIOS METALICAS;;;CONEXTUBE;2.53;21;USD;;Un;36;
56124003;"Reduccion c/rosca 1""x 3/4""";CAÑOS Y ACCESORIOS METALICAS;;;CONEXTUBE;2.59;21;USD;;Un;36;
56124009;"Reduccion c/rosca 1 1/2""x 1""";CAÑOS Y ACCESORIOS METALICAS;;;CONEXTUBE;3.98;21;USD;;Un;24;
56124010;"Reduccion c/rosca 1 1/2""x 1 1/4""";CAÑOS Y ACCESORIOS METALICAS;;;CONEXTUBE;3.98;21;USD;;Un;24;
56124015;"Reduccion c/rosca 2""x 1 1/2""";CAÑOS Y ACCESORIOS METALICAS;;;CONEXTUBE;5.67;21;USD;;Un;24;
56126052;"Conector recto sin rosca 1/2""";CAÑOS Y ACCESORIOS METALICAS;;;CONEXTUBE;1.94;21;USD;;Un;50;
56126053;"Conector recto sin rosca 3/4""";CAÑOS Y ACCESORIOS METALICAS;;;CONEXTUBE;2.70;21;USD;;Un;50;
56126054;"Conector recto sin rosca 1 """;CAÑOS Y ACCESORIOS METALICAS;;;CONEXTUBE;3.71;21;USD;;Un;20;
56126055;"Conector recto sin rosca 1 1/4""";CAÑOS Y ACCESORIOS METALICAS;;;CONEXTUBE;6.12;21;USD;;Un;20;
56126056;"Conector recto sin rosca 1 1/2""";CAÑOS Y ACCESORIOS METALICAS;;;CONEXTUBE;8.22;21;USD;;Un;20;
56126071;"Conector recto sin rosca  7/8""";CAÑOS Y ACCESORIOS METALICAS;;;CONEXTUBE;2.27;21;USD;;Un;50;
56129052;"Conector curvo sin rosca de 3/4""";CAÑOS Y ACCESORIOS METALICAS;;;CONEXTUBE;4.24;21;USD;;Un;50;
56129053;"Conector curvo sin rosca de 1""";CAÑOS Y ACCESORIOS METALICAS;;;CONEXTUBE;7.19;21;USD;;Un;20;
56129054;"Conector curvo sin rosca de 1 1/4""";CAÑOS Y ACCESORIOS METALICAS;;;CONEXTUBE;12.30;21;USD;;Un;20;
56129071;"Conector curvo sin rosca de 7/8""";CAÑOS Y ACCESORIOS METALICAS;;;CONEXTUBE;5.24;21;USD;;Un;30;
56131021;"Empalme sin rosca 1/2"" BSP";CAÑOS Y ACCESORIOS METALICAS;;;CONEXTUBE;2.27;21;USD;;Un;50;
56131022;"Empalme sin rosca 3/4"" BSP";CAÑOS Y ACCESORIOS METALICAS;;;CONEXTUBE;2.33;21;USD;;Un;50;
56131023;"Empalme sin rosca 1"" BSP";CAÑOS Y ACCESORIOS METALICAS;;;CONEXTUBE;2.53;21;USD;;Un;50;
56131025;"Empalme sin rosca 1 1/2"" BSP";CAÑOS Y ACCESORIOS METALICAS;;;CONEXTUBE;8.48;21;USD;;Un;10;
56131026;"Empalme sin rosca 2"" BSP";CAÑOS Y ACCESORIOS METALICAS;;;CONEXTUBE;12.82;21;USD;;Un;10;
56131052;"Empalme sin rosca 3/4"" BSC";CAÑOS Y ACCESORIOS METALICAS;;;CONEXTUBE;2.12;21;USD;;Un;50;
56131053;"Empalme sin rosca 1"" BSC";CAÑOS Y ACCESORIOS METALICAS;;;CONEXTUBE;2.99;21;USD;;Un;20;
56131054;"Empalme sin rosca 1 1/4"" BSC";CAÑOS Y ACCESORIOS METALICAS;;;CONEXTUBE;4.00;21;USD;;Un;20;
56131055;"Empalme sin rosca 1 1/2"" BSC";CAÑOS Y ACCESORIOS METALICAS;;;CONEXTUBE;6.12;21;USD;;Un;20;
56131056;"Empalme sin rosca 2"" BSC";CAÑOS Y ACCESORIOS METALICAS;;;CONEXTUBE;9.78;21;USD;;Un;10;
56131071;"Empalme sin rosca 7/8"" BSC";CAÑOS Y ACCESORIOS METALICAS;;;CONEXTUBE;2.70;21;USD;;Un;50;
56134002;"Boquilla  1/2""";CAÑOS Y ACCESORIOS METALICAS;;;CONEXTUBE;1.23;21;USD;;Un;200;
56134003;"Boquilla  3/4""";CAÑOS Y ACCESORIOS METALICAS;;;CONEXTUBE;2.07;21;USD;;Un;200;
56134004;"Boquilla  1""";CAÑOS Y ACCESORIOS METALICAS;;;CONEXTUBE;3.35;21;USD;;Un;200;
56134005;"Boquilla  1 1/4""";CAÑOS Y ACCESORIOS METALICAS;;;CONEXTUBE;4.60;21;USD;;Un;200;
56134006;"Boquilla  1 1/2""";CAÑOS Y ACCESORIOS METALICAS;;;CONEXTUBE;5.41;21;USD;;Un;200;
56134007;"Boquilla  2""";CAÑOS Y ACCESORIOS METALICAS;;;CONEXTUBE;9.06;21;USD;;Un;100;
56134008;"Boquilla  2 1/2""";CAÑOS Y ACCESORIOS METALICAS;;;CONEXTUBE;11.46;21;USD;;Un;40;
56134009;"Boquilla  3""";CAÑOS Y ACCESORIOS METALICAS;;;CONEXTUBE;12.97;21;USD;;Un;40;
56134011;"Boquilla  4""";CAÑOS Y ACCESORIOS METALICAS;;;CONEXTUBE;23.04;21;USD;;Un;20;
56136002;"Abrazadera acero tipo D 1/2""";CAÑOS Y ACCESORIOS METALICAS;;;CONEXTUBE;1.51;21;USD;;Un;200;
56136003;"Abrazadera acero tipo D 3/4""";CAÑOS Y ACCESORIOS METALICAS;;;CONEXTUBE;1.57;21;USD;;Un;200;
56136004;"Abrazadera acero tipo D 1 """;CAÑOS Y ACCESORIOS METALICAS;;;CONEXTUBE;1.75;21;USD;;Un;200;
56136005;"Abrazadera acero tipo D 1 1/4""";CAÑOS Y ACCESORIOS METALICAS;;;CONEXTUBE;2.54;21;USD;;Un;100;
56136006;"Abrazadera acero tipo D 1 1/2""";CAÑOS Y ACCESORIOS METALICAS;;;CONEXTUBE;2.66;21;USD;;Un;100;
56138002;"Abrazadera  tipo chaveta 1/2""";CAÑOS Y ACCESORIOS METALICAS;;;CONEXTUBE;1.20;21;USD;;Un;200;
56138003;"Abrazadera  tipo chaveta 3/4""";CAÑOS Y ACCESORIOS METALICAS;;;CONEXTUBE;1.47;21;USD;;Un;200;
56138004;"Abrazadera  tipo chaveta 1 """;CAÑOS Y ACCESORIOS METALICAS;;;CONEXTUBE;1.47;21;USD;;Un;200;
56138005;"Abrazadera  tipo chaveta 1 1/4 """;CAÑOS Y ACCESORIOS METALICAS;;;CONEXTUBE;1.69;21;USD;;Un;100;
56138006;"Abrazadera  tipo chaveta  1 1/2 """;CAÑOS Y ACCESORIOS METALICAS;;;CONEXTUBE;1.91;21;USD;;Un;100;
56138007;"Abrazadera  tipo chaveta  2 """;CAÑOS Y ACCESORIOS METALICAS;;;CONEXTUBE;2.12;21;USD;;Un;100;
56139002;"Abrazadera  tipo UÑA  3/4""";CAÑOS Y ACCESORIOS METALICAS;;;CONEXTUBE;2.62;21;USD;;Un;50;
56139003;#N/A;#N/A;;;CONEXTUBE;4.94;21;USD;;Un;#N/A;
56139005;#N/A;#N/A;;;CONEXTUBE;8.72;21;USD;;Un;#N/A;
56139006;#N/A;#N/A;;;CONEXTUBE;16.31;21;USD;;Un;#N/A;
56141031;#N/A;#N/A;;;CONEXTUBE;16.48;21;USD;;Un;#N/A;
56141032;"Caja multiple redonda 3/4 ""s/pintura";CAÑOS Y ACCESORIOS METALICAS;;;CONEXTUBE;16.48;21;USD;;Un;12;
56141033;"Caja multiple redonda 1 ""s/pintura";CAÑOS Y ACCESORIOS METALICAS;;;CONEXTUBE;16.48;21;USD;;Un;12;
56141041;"Caja mult. redonda 1/2 ""s/pintura c/tapa";CAÑOS Y ACCESORIOS METALICAS;;;CONEXTUBE;19.18;21;USD;;Un;12;
56141042;"Caja mult. redonda 3/4 ""s/pintura c/tapa";CAÑOS Y ACCESORIOS METALICAS;;;CONEXTUBE;19.18;21;USD;;Un;12;
56141043;"Caja mult. redonda 1 ""s/pintura c/tapa";CAÑOS Y ACCESORIOS METALICAS;;;CONEXTUBE;19.18;21;USD;;Un;12;
56200006;"Caja multiple tipo X 2""";CAÑOS Y ACCESORIOS METALICAS;;;CONEXTUBE;26.71;21;USD;;Un;6;
56200016;"Caja multiple tipo L   2""";CAÑOS Y ACCESORIOS METALICAS;;;CONEXTUBE;26.71;21;USD;;Un;6;
56200052;"Caja multiple tipo X   1/2""";CAÑOS Y ACCESORIOS METALICAS;;;CONEXTUBE;7.09;21;USD;;Un;12;
56200053;"Caja multiple tipo X   3/4""";CAÑOS Y ACCESORIOS METALICAS;;;CONEXTUBE;7.09;21;USD;;Un;12;
56200054;"Caja multiple tipo X   1""";CAÑOS Y ACCESORIOS METALICAS;;;CONEXTUBE;9.47;21;USD;;Un;12;
56200056;"Caja multiple tipo X   1  1/2""";CAÑOS Y ACCESORIOS METALICAS;;;CONEXTUBE;20.88;21;USD;;Un;6;
56200062;"Caja multiple tipo L    1/2""";CAÑOS Y ACCESORIOS METALICAS;;;CONEXTUBE;7.09;21;USD;;Un;12;
56200063;"Caja multiple tipo L    3/4""";CAÑOS Y ACCESORIOS METALICAS;;;CONEXTUBE;7.09;21;USD;;Un;12;
56200064;"Caja multiple tipo L    1""";CAÑOS Y ACCESORIOS METALICAS;;;CONEXTUBE;9.47;21;USD;;Un;12;
56200066;"Caja multiple tipo L    1 1/2""";CAÑOS Y ACCESORIOS METALICAS;;;CONEXTUBE;20.88;21;USD;;Un;6;
56251050;Conector corto 1/2' BSP;CAÑOS Y ACCESORIOS METALICAS;;;CONEXTUBE;1.28;21;USD;;Un;100;
56251052;Conector corto 3/4' BSP;CAÑOS Y ACCESORIOS METALICAS;;;CONEXTUBE;1.35;21;USD;;Un;100;
56251053;Conector corto 1' BSP;CAÑOS Y ACCESORIOS METALICAS;;;CONEXTUBE;1.61;21;USD;;Un;100;
56251055;Conector corto 1 1/2' BSP;CAÑOS Y ACCESORIOS METALICAS;;;CONEXTUBE;3.16;21;USD;;Un;20;
56251056;Conector corto 2' BSP;CAÑOS Y ACCESORIOS METALICAS;;;CONEXTUBE;5.24;21;USD;;Un;20;
56251082;Conector Corto 1/2';CAÑOS Y ACCESORIOS METALICAS;;;CONEXTUBE;1.31;21;USD;;Un;100;
56251083;Conector Corto 3/4';CAÑOS Y ACCESORIOS METALICAS;;;CONEXTUBE;1.62;21;USD;;Un;100;
56251084;Conector Corto 1';CAÑOS Y ACCESORIOS METALICAS;;;CONEXTUBE;2.09;21;USD;;Un;100;
56251087;Conector Corto 1.1/2' (Caño BSP);CAÑOS Y ACCESORIOS METALICAS;;;CONEXTUBE;3.17;21;USD;;Un;20;
56251088;Conector Corto 2' (Caño BSP);CAÑOS Y ACCESORIOS METALICAS;;;CONEXTUBE;5.26;21;USD;;Un;10;
60010030;CAJA ACOMETIDA AEREA MONOFASICA (EDENOR);CAJAS PARA DISTRIBUCION;;;CONEXTUBE;141,051.88;21;ARS;6001003000008;Un;1;
60019025;CAJA ACOMETIDA AEREA TETRAPOLAR (EDENOR);CAJAS PARA DISTRIBUCION;;;CONEXTUBE;306,540.44;21;ARS;6001902500005;Un;1;
60190019;CAJA ACOMETIDA AEREA MONOFASICA (EDESA);CAJAS PARA DISTRIBUCION;;;CONEXTUBE;159,611.20;21;ARS;6019001900008;Un;1;
60190029;CAJA ACOMETIDA AEREA TETRAPOLAR (EDESA);CAJAS PARA DISTRIBUCION;;;CONEXTUBE;255,422.97;21;ARS;6019002900007;Un;1;
60199060;CAJA ACOMET. AEREA P/VANO;CAJAS PARA DISTRIBUCION;;;CONEXTUBE;73,954.66;21;ARS;;Un;1;
60199061;C.ACOMET.AEREA S/LOGO REG TRIF VANO/POST;CAJAS PARA DISTRIBUCION;;;CONEXTUBE;161,528.39;21;ARS;6019906100008;Un;1;
60199062;C.ACOMET.AEREA BIPOLAR VANO/POSTE.;CAJAS PARA DISTRIBUCION;;;CONEXTUBE;138,462.38;21;ARS;6019906200005;Un;1;
60199066;CAJA .DIST.27X27 C/B.NEUTRO*EDESE*;CAJAS PARA DISTRIBUCION;;;CONEXTUBE;128,928.27;21;ARS;6019906600003;Un;1;
60249063;CAJA ACOMETIDA AEREA *CGE* C/REG TRIFAS.;CAJAS PARA DISTRIBUCION;;;CONEXTUBE;181,677.29;21;ARS;0602490630006;Un;1;
60405126;SOPORTE DE BARRA ESCALONADO 960º C;SEMIELABORADOS;;;CONEXTUBE;2,440.35;21;ARS;;Un;1;
61000405;LATERAL DERECHO P/BUZON / RIGHT SIDE;BUZONES;;;CONEXTUBE;212.12;21;USD;;Un;0;
61000406;LATERAL IZQUIERDO P/BUZON / LEFT SIDE ;BUZONES;;;CONEXTUBE;212.12;21;USD;;Un;0;
61000434;CUBIERTA PARA BUZON 8 VIAS / ROOF ;BUZONES;;;CONEXTUBE;224.94;21;USD;;Un;0;
61000501;BISAGRA DERECHA - RIGTH HINGE;MATERIA PRIMA;;;CONEXTUBE;11.64;21;USD;;Un;0;
61000502;BISAGRA IZQUIERDA - LEFT HINGE;MATERIA PRIMA;;;CONEXTUBE;11.64;21;USD;;Un;0;
61150601;GAB.T.BUZON 4 BASES TRIP VERT 630 EPE;BUZONES;;;CONEXTUBE;5,000.00;21;ARS;;Un;1;
61150603;GAB.T.BUZON 8 BASES TRIP VERT 630 EPE;BUZONES;;;CONEXTUBE;5,000.00;21;ARS;;Un;1;
62009008;CAJA TOMA 60A S/ BASES NH;CAJAS DE TOMA PRIMARIA;;;CONEXTUBE;49,483.71;21;ARS;6200900800005;Un;1;
62009010;CAJA TOMA 500A C/ 6 BASES NH (EDENOR);CAJAS DE TOMA PRIMARIA;;;CONEXTUBE;955,061.51;21;ARS;6200901000008;Un;1;
62009011;CAJA TOMA C/ BASES NH  SIN BARRA(EDENOR);CAJAS DE TOMA PRIMARIA;;;CONEXTUBE;554,736.35;21;ARS;;Un;1;
62009018;CAJA TOMA 60A C/ BASES NH BORNE CORTO;CAJAS DE TOMA PRIMARIA;;;CONEXTUBE;109,867.91;21;ARS;6200901800004;Un;1;
62009019;CAJA TOMA 60A C/BORNERA Y BASE NH T00;CAJAS DE TOMA PRIMARIA;;;CONEXTUBE;50,528.02;21;ARS;;Un;1;
62009028;CAJA TOMA 60A C/ BASES NH BORNE LARGO;CAJAS DE TOMA PRIMARIA;;;CONEXTUBE;122,975.74;21;ARS;6200902800003;Un;1;
62009057;CAJA TOMA E/S CON  6 BNH T1 S/LOGO;CAJAS DE TOMA PRIMARIA;;;CONEXTUBE;1,177,779.72;21;ARS;6200905700003;Un;1;
62019008;CAJA TOMA 60A S/ BASES NH (EDENOR);CAJAS DE TOMA PRIMARIA;;;CONEXTUBE;47,757.20;21;ARS;6201900800002;Un;1;
62019028;CAJA TOMA 60A C/ BASES NH (EDENOR);CAJAS DE TOMA PRIMARIA;;;CONEXTUBE;123,497.39;21;ARS;;Un;1;
62019044;CAJA TOMA 200A S/ BASES NH (EDENOR);CAJAS DE TOMA PRIMARIA;;;CONEXTUBE;223,647.66;21;ARS;6201904400000;Un;1;
62019045;CAJA TOMA 200A C/ BASES NH (EDENOR);CAJAS DE TOMA PRIMARIA;;;CONEXTUBE;419,360.96;21;ARS;;Un;1;
62019046;CAJA TOMA 400A C/ BASES NH (EDENOR);CAJAS DE TOMA PRIMARIA;;;CONEXTUBE;487,014.51;21;ARS;;Un;1;
62019047;CAJA TOMA 200A C/BASES NH T1 EDEMSA;CAJAS DE TOMA PRIMARIA;;;CONEXTUBE;545,312.01;21;ARS;6201904700001;Un;1;
62019056;CAJA P/CLUB DE CAMPO C/6BNH T00 EDENOR;CAJAS DE TOMA PRIMARIA;;;CONEXTUBE;459,759.64;21;ARS;;Un;1;
62019057;CAJA COUNTRY 250A C/ BASES Y SECC EDENOR;CAJAS DE TOMA PRIMARIA;;;CONEXTUBE;1,209,856.45;21;ARS;;Un;1;
62019058;CAJA COUNTRY 500A C/ BASES Y SECC EDENOR;CAJAS DE TOMA PRIMARIA;;;CONEXTUBE;1,405,585.02;21;ARS;;Un;1;
62019059;CAJA COUNTRY 250A C/ BASES Y SECC EDENOR;CAJAS DE TOMA PRIMARIA;;;CONEXTUBE;1,257,858.40;21;ARS;6201905900004;Un;1;
62019101;GAB MODULO DE BARRAS CALF;GABINETES PARA MEDICION Y TOMA INDIRECTA;;;CONEXTUBE;794,792.94;21;ARS;;Un;1;
62029008;CAJA TOMA 60A S/ BASES NH (EDESUR);CAJAS DE TOMA PRIMARIA;;;CONEXTUBE;50,542.04;21;ARS;6202900800009;Un;1;
62029028;CAJA TOMA 60A C/ BASES NH (EDESUR);CAJAS DE TOMA PRIMARIA;;;CONEXTUBE;125,373.03;21;ARS;6202902800007;Un;1;
62029029;CAJA TOMA 400A C/ 6 BASES NH (EDESUR);CAJAS DE TOMA PRIMARIA;;;CONEXTUBE;926,524.19;21;ARS;6202902900004;Un;1;
62029038;C. TOMA 60A C/SECC. TRIP. NH00 EDESUR ;CAJAS DE TOMA PRIMARIA;;;CONEXTUBE;619,050.42;21;ARS;;Un;1;
62029045;CAJA TOMA 200A C/ BASES NH (EDESUR);CAJAS DE TOMA PRIMARIA;;;CONEXTUBE;425,230.75;21;ARS;6202904500004;Un;1;
62029056;CAJA COUNTRY 250A C BASES NH EDESUR;CAJAS DE TOMA PRIMARIA;;;CONEXTUBE;906,265.68;21;ARS;;Un;1;
62029302;CAJA COUNTRY 500A C BASES NH EDESUR;CAJAS DE TOMA PRIMARIA;;;CONEXTUBE;1,085,483.14;21;ARS;6202930200008;Un;1;
62049045;CAJA TOMA 200A C/ BASES NH EDELAP;CAJAS DE TOMA PRIMARIA;;;CONEXTUBE;488,388.23;21;ARS;;Un;1;
62059029;CAJA DE TOMA DE 500 A  EDESE;CAJAS DE TOMA PRIMARIA;;;CONEXTUBE;938,600.64;21;ARS;;Un;1;
62069058;CAJA COUNTRY 500A C/ BASES Y SECC EDEA;CAJAS DE TOMA PRIMARIA;;;CONEXTUBE;1,361,622.50;21;ARS;6206905800002;Un;1;
62079029;CAJA E/S CT500 C/ BARRA SECC. (EPEC);CAJAS DE TOMA PRIMARIA;;;CONEXTUBE;1,544,951.02;21;ARS;;Un;1;
62079061;CAJA COUNTRY 500A (EPEC);CAJAS DE TOMA PRIMARIA;;;CONEXTUBE;1,732,826.98;21;ARS;6207906100009;Un;1;
62099010;CAJA TOMA 500A C/ 6 BASES NH S/ LOGO;CAJAS DE TOMA PRIMARIA;;;CONEXTUBE;926,859.38;21;ARS;6209901000001;Un;1;
62099044;CAJA-TOMA 200A S/BASES S/LOGO -AGP 4242-;CAJAS DE TOMA PRIMARIA;;;CONEXTUBE;227,084.85;21;ARS;6209904400006;Un;1;
62099045;CAJA TOMA 200A C/ BASES NH S/ LOGO;CAJAS DE TOMA PRIMARIA;;;CONEXTUBE;418,476.90;21;ARS;6209904500003;Un;1;
62099046;CAJA TOMA 400A C/ BASES NH S/ LOGO;CAJAS DE TOMA PRIMARIA;;;CONEXTUBE;487,014.51;21;ARS;6209904600000;Un;1;
62099056;CAJA ENT/SAL STD C/ 6 BASES NH T00;CAJAS DE TOMA PRIMARIA;;;CONEXTUBE;521,013.52;21;ARS;;Un;1;
62099057;CAJA ENT/SAL P/COUNTRY STD;CAJAS DE TOMA PRIMARIA;;;CONEXTUBE;1,674,458.30;21;ARS;6209905700006;Un;1;
62099058;CAJA ENT/SAL 500 A. C/DERIV. A  CLIENTE;CAJAS DE TOMA PRIMARIA;;;CONEXTUBE;1,380,276.47;21;ARS;6209905800003;Un;1;
62099059;CAJA E/S 250A C/T.CL.(1 INT TRIP T00 BI);CAJAS DE TOMA PRIMARIA;;;CONEXTUBE;1,099,143.12;21;ARS;6209905900000;Un;1;
62099061;CAJA E/S 250A C/T.CL. (2 INT TRIP 00 BC);CAJAS DE TOMA PRIMARIA;;;CONEXTUBE;956,628.32;21;ARS;;Un;1;
62099063;CAJA E/S 250 A C/TOMA CL - ENERSA;CAJAS DE TOMA PRIMARIA;;;CONEXTUBE;1,160,160.19;21;ARS;6209906300007;Un;1;
62099064;CAJA ENT/SAL STD C/ 3 BASES NH T00;CAJAS DE TOMA PRIMARIA;;;CONEXTUBE;391,225.67;21;ARS;;Un;1;
62099065;CAJA E/S 250 C/T.CL. 2 INT TR 00 BC/00  ;CAJAS DE TOMA PRIMARIA;;;CONEXTUBE;1,176,786.95;21;ARS;6209906500001;Un;1;
62099066;CAJA E/S 250A C/ 6 BASES NHT1 S/L 6452;CAJAS DE TOMA PRIMARIA;;;CONEXTUBE;784,000.55;21;ARS;6209906600008;Un;1;
62099067;CAJA TOMA E/S C/ 6 BASES NHT00 S/L 4242;CAJAS DE TOMA PRIMARIA;;;CONEXTUBE;515,632.92;21;ARS;;Un;1;
62099304;CAJA E/S 500A C/TOMA CLIENTE S/L;CAJAS DE TOMA PRIMARIA;;;CONEXTUBE;1,487,686.26;21;ARS;;Un;1;
62099305;CAJA E/S 500A C/T CLIENTE S/L - EDERSA;CAJAS DE TOMA PRIMARIA;;;CONEXTUBE;1,545,155.50;21;ARS;6209930500008;Un;1;
62108001;CAJA DE TOMA COUNTRY 250A - EDEMSA;CAJAS DE TOMA PRIMARIA;;;CONEXTUBE;1,521,454.95;21;ARS;6210800100006;Un;1;
62108002;CAJA DE TOMA COUNTRY 500A - EDEMSA;CAJAS DE TOMA PRIMARIA;;;CONEXTUBE;1,876,291.26;21;ARS;6210800200003;Un;1;
62108003;CAJA TOMA 60A C/ BASES NH (EDEMSA);CAJAS DE TOMA PRIMARIA;;;CONEXTUBE;125,424.38;21;ARS;6210800300000;Un;1;
62108004;CAJA TOMA 200A C/ BASES NH (EDEMSA);CAJAS DE TOMA PRIMARIA;;;CONEXTUBE;461,511.55;21;ARS;6210800400007;Un;1;
62108005;CAJA TOMA 500A (EDEMSA);CAJAS DE TOMA PRIMARIA;;;CONEXTUBE;952,751.87;21;ARS;6210800500004;Un;1;
62108006;CAJA TOMA 125A (EDEMSA);CAJAS DE TOMA PRIMARIA;;;CONEXTUBE;339,845.91;21;ARS;6210800600001;Un;1;
62108007;GAB DE MEDICION PROVISORIO MONOF EDEMSA;GABINETES PROVISORIOS E ISLAS;;;CONEXTUBE;195,591.78;21;ARS;6210800700008;Un;1;
62108008;GAB DE MEDICION PROVISORIO TRIF EDEMSA;GABINETES PROVISORIOS E ISLAS;;;CONEXTUBE;248,849.92;21;ARS;6210800800005;Un;1;
62108009;GAB DE MEDICION DIRECTA T2 32X42 EDEMSA;GABINETES PROVISORIOS E ISLAS;;;CONEXTUBE;335,027.82;21;ARS;6210800900002;Un;1;
62108010;GAB DE MEDICION DIRECTA T2 42X42 EDEMSA;GABINETES PROVISORIOS E ISLAS;;;CONEXTUBE;370,346.14;21;ARS;6210801000008;Un;1;
62108011;CAJA ACOMETIDA AEREA C/REG TRIF EDEMSA;CAJAS PARA DISTRIBUCION;;;CONEXTUBE;162,904.45;21;ARS;0621080110005;Un;1;
62108012;CAJA DE TOMA 250A 6 BASES NH T1 EDEMSA;GABINETES PROVISORIOS E ISLAS;;;CONEXTUBE;898,706.05;21;ARS;6210801200002;Un;1;
62109056;TAPA REPUESTO CAJA CLUB DE CAMPO C/6 BNH;ACCESORIOS -REPUESTOS VARIOS;;;CONEXTUBE;88,860.82;21;ARS;6210905600005;Un;1;
62199010;CAJA TOMA 500 A E/S C/6 BASES NHT3E.P.E.;CAJAS DE TOMA PRIMARIA;;;CONEXTUBE;881,282.39;21;ARS;;Un;1;
62199750;CAJA TOMA 60A.C/B B.C.ENERSA;CAJAS DE TOMA PRIMARIA;;;CONEXTUBE;97,970.64;21;ARS;6219975000005;Un;1;
62310029;PUENTE P/BASE NH T-500;SEMIELABORADOS;;;CONEXTUBE;52,325.46;21;ARS;;Un;1;
62315016;PROLONGACION DE BASE ;SEMIELABORADOS;;;CONEXTUBE;50,149.62;21;ARS;;Un;1;
62385003;PUENTE TERMINACION  T.60AMP. ;SEMIELABORADOS;;;CONEXTUBE;4,236.07;21;ARS;;Un;1;
62399010;INTERIORE COUNTRY EDENOR 6 BASES T00;ACCESORIOS -REPUESTOS VARIOS;;;CONEXTUBE;376,133.63;21;ARS;6239901000008;Un;1;
62399046;INTERIOR T400 EDENOR;ACCESORIOS -REPUESTOS VARIOS;;;CONEXTUBE;393,666.84;21;ARS;6239904600007;Un;1;
62399056;INTERIOR COUNTRY 250A EDESUR 6 B+T01;ACCESORIOS -REPUESTOS VARIOS;;;CONEXTUBE;731,041.28;21;ARS;6239905600006;Un;1;
62399057;INTERIOR COUNTRY EDENOR T250;ACCESORIOS -REPUESTOS VARIOS;;;CONEXTUBE;2,159,241.43;21;ARS;;Un;1;
62399058;INTERIOR COUNTRY EDENOR T500;ACCESORIOS -REPUESTOS VARIOS;;;CONEXTUBE;2,273,204.62;21;ARS;6239905800000;Un;1;
62399302;INTERIOR COUNTRY 500A 6B+1NH EDESUR;ACCESORIOS -REPUESTOS VARIOS;;;CONEXTUBE;930,015.98;21;ARS;;Un;1;
62399304;INTERIOR E/S 500 C/TOMA CLIENTE;ACCESORIOS -REPUESTOS VARIOS;;;CONEXTUBE;1,264,484.06;21;ARS;6239930400008;Un;1;
62405181;BARRA DE NEUTRO T400 T3 EDENOR;SEMIELABORADOS;;;CONEXTUBE;112,989.36;21;ARS;;Un;1;
62405188;SEPARADOR PLASTICO AGP 143 MM;SEMIELABORADOS;;;CONEXTUBE;2,267.71;21;ARS;;Un;1;
62405189;SEPARADOR PLASTICO AGP 163 MM;SEMIELABORADOS;;;CONEXTUBE;1,622.26;21;ARS;;Un;1;
62405190;REPUESTO BARRAS COL 3-4 MO 1-2 TR EDENOR;ACCESORIOS -REPUESTOS VARIOS;;;CONEXTUBE;89,922.17;21;ARS;6240519000007;Un;1;
62405350;TOR DE CIERRE T60 EDENOR EJE PASANTE;SEMIELABORADOS;;;CONEXTUBE;2,181.60;21;ARS;;Un;1;
62415004;BARRA DE NEUTRO P/CAJA 60A. ESTAÑ.;SEMIELABORADOS;;;CONEXTUBE;24,137.61;21;ARS;;Un;1;
62415057;BARRA NEUTRO PARA E-S 500 A;SEMIELABORADOS;;;CONEXTUBE;64,928.04;21;ARS;;Un;1;
62415308;BARRA NEUTRO T400 EDENOR ;SEMIELABORADOS;;;CONEXTUBE;44,007.83;21;ARS;;Un;1;
62419056;PUENTE CONEXION BASES 00 ;SEMIELABORADOS;;;CONEXTUBE;44,686.17;21;ARS;;Un;1;
62429056;PTE SOPORTE DE BASE NH 00 E/S;SEMIELABORADOS;;;CONEXTUBE;32,400.50;21;ARS;;Un;1;
62445056;CORREDERA DE BISAGRA CONTRATAPA AGP;SEMIELABORADOS;;;CONEXTUBE;1,489.26;21;ARS;;Un;1;
62445057;BISAGRA CONTRATAPA AGP;SEMIELABORADOS;;;CONEXTUBE;248.22;21;ARS;;Un;1;
62445058;RETEN DE TAPA BISAGRA CONTRATAPA AGP;SEMIELABORADOS;;;CONEXTUBE;248.22;21;ARS;;Un;1;
62445059;SOPORTE DE CONTRATAPA AGP;SEMIELABORADOS;;;CONEXTUBE;124.12;21;ARS;;Un;1;
62445060;GUIA DE CORREDERA CONTRATAPA AGP;SEMIELABORADOS;;;CONEXTUBE;248.22;21;ARS;;Un;1;
62495178;PLACA PARA DIVISION PC AIS 458 X 180 X 5;MATERIA PRIMA;;;CONEXTUBE;14,934.50;21;ARS;;Un;1;
62495258;SOPORTE LIV.P/COLG A POSTE AGP4242;ACCESORIOS -REPUESTOS VARIOS;;;CONEXTUBE;30.95;21;USD;;Un;1;
62495259;SOPORTE LIV.P/COLG A POSTE AGP4242 INOX;ACCESORIOS -REPUESTOS VARIOS;;;CONEXTUBE;68.10;21;USD;;Un;1;
62495260;SOPORTE LIV.P/COLGAR A POSTE AGP 6452;ACCESORIOS -REPUESTOS VARIOS;;;CONEXTUBE;26.46;21;USD;;Un;1;
62495262;SOPORTE LIV.P/COLG A POSTE AGP6452 INOX;ACCESORIOS -REPUESTOS VARIOS;;;CONEXTUBE;57.96;21;USD;;Un;1;
62495270;SOPORTE PES.P/COLGAR A POSTE AGP 6452;ACCESORIOS -REPUESTOS VARIOS;;;CONEXTUBE;44.24;21;USD;;Un;1;
62495272;SOPORTE PES.P/COLG A POSTE AGP6452 INOX;ACCESORIOS -REPUESTOS VARIOS;;;CONEXTUBE;98.49;21;USD;;Un;1;
63019031;GABINETE MEDICIÓN TARIFA 3 (EDENOR);GABINETES PARA MEDICION Y TOMA INDIRECTA;;;CONEXTUBE;912,375.45;21;ARS;6301903100007;Un;1;
63019032;CAJA TOMA TARIFA 3 (EDENOR);GABINETES PARA MEDICION Y TOMA INDIRECTA;;;CONEXTUBE;1,115,641.97;21;ARS;6301903200004;Un;1;
63029031;GABINETE MEDICIÓN TARIFA 3 (EDESUR);GABINETES PARA MEDICION Y TOMA INDIRECTA;;;CONEXTUBE;919,830.54;21;ARS;6302903100004;Un;1;
63029032;CAJA TOMA TARIFA 3 (EDESUR);GABINETES PARA MEDICION Y TOMA INDIRECTA;;;CONEXTUBE;1,089,334.32;21;ARS;6302903200001;Un;1;
63029033;CAJA P/ TRANSFORMADORES 600A T3 (EDESUR);GABINETES PARA MEDICION Y TOMA INDIRECTA;;;CONEXTUBE;772,228.80;21;ARS;6302903300008;Un;1;
63029034;CAJA TOMA 400A TARIFA 3 (EDESUR);GABINETES PARA MEDICION Y TOMA INDIRECTA;;;CONEXTUBE;681,856.10;21;ARS;6302903400005;Un;1;
63029035;CAJA P/ TRANSFORMADORES 750A T3 (EDESUR);GABINETES PARA MEDICION Y TOMA INDIRECTA;;;CONEXTUBE;1,089,998.72;21;ARS;6302903500002;Un;1;
63029036;GAB MEDICIÓN TARIFA 3 VACIO EDESUR ;GABINETES PARA MEDICION Y TOMA INDIRECTA;;;CONEXTUBE;433,626.58;21;ARS;6302903600009;Un;1;
63029037;CAJA TOMA TARIFA 3 INTERIOR VACIO EDESUR;GABINETES PARA MEDICION Y TOMA INDIRECTA;;;CONEXTUBE;293,438.31;21;ARS;6302903700006;Un;1;
63029600;GABINETE MEDICIÓN TARIFA 2 (EDESUR);GABINETES PARA MEDICION Y TOMA INDIRECTA;;;CONEXTUBE;313,137.72;21;ARS;6302960000002;Un;1;
63029601;CAJA TOMA INDIRECTA TARIFA 2 (EDESUR);GABINETES PARA MEDICION Y TOMA INDIRECTA;;;CONEXTUBE;569,787.69;21;ARS;6302960100009;Un;1;
63069031;GABINETE MEDICIÓN TARIFA 3 (EDEA);GABINETES PARA MEDICION Y TOMA INDIRECTA;;;CONEXTUBE;912,375.45;21;ARS;6306903100002;Un;1;
63069032;CAJA PARA TOMA Y TRAFO T3;GABINETES PARA MEDICION Y TOMA INDIRECTA;;;CONEXTUBE;1,115,641.97;21;ARS;6306903200009;Un;1;
63099031;GABINETE MEDICIÓN TARIFA 3 S/ LOGO;GABINETES PARA MEDICION Y TOMA INDIRECTA;;;CONEXTUBE;912,375.45;21;ARS;;Un;1;
63099032;GABINETE TOMA T3 SIN LOGO;GABINETES PARA MEDICION Y TOMA INDIRECTA;;;CONEXTUBE;1,115,641.97;21;ARS;;Un;1;
63099033;CAJA P/TRANSFORMADORES 600A T3 S/LOGO;GABINETES PARA MEDICION Y TOMA INDIRECTA;;;CONEXTUBE;858,149.20;21;ARS;6309903300007;Un;1;
63099034;CAJA TOMA 400A TARIFA 3 S/LOGO;GABINETES PARA MEDICION Y TOMA INDIRECTA;;;CONEXTUBE;697,964.19;21;ARS;6309903400004;Un;1;
63099132;CONJUNTO TOMA T.3 400A COOP. ELECTRICA;GABINETES PARA MEDICION Y TOMA INDIRECTA;;;CONEXTUBE;1,151,310.10;21;ARS;6309913200007;Un;1;
63099600;GABINETE MED T.2 MOD. DMEG 15 SIN LOGO;GABINETES PARA MEDICION Y TOMA INDIRECTA;;;CONEXTUBE;313,106.53;21;ARS;6309960000001;Un;1;
63099601;GAB TOMA IND T.2  DMEG DEEC 13 SIN LOGO;GABINETES PARA MEDICION Y TOMA INDIRECTA;;;CONEXTUBE;564,170.76;21;ARS;6309960100008;Un;1;
63099631;GAB. MEDICION TARIFA 3 C/VISOR EDESE;GABINETES PARA MEDICION Y TOMA INDIRECTA;;;CONEXTUBE;804,844.86;21;ARS;6309963100005;Un;1;
63099731;GABINETE MEDICIÓN TARIFA 2 / 3 (EDESA);GABINETES PARA MEDICION Y TOMA INDIRECTA;;;CONEXTUBE;797,505.54;21;ARS;6309973100002;Un;1;
63099732;CAJA TOMA INDIRECTA TARIFA 2 / 3 (EDESA);GABINETES PARA MEDICION Y TOMA INDIRECTA;;;CONEXTUBE;742,697.15;21;ARS;6309973200009;Un;1;
63325176;PLANCHUELA P/BORN CONTRASTE ;SEMIELABORADOS;;;CONEXTUBE;28,912.77;21;ARS;;Un;1;
63329020;SOP UNIF 6 SECC - 2 INT TRIP NH T00.SLDP;SEMIELABORADOS;;;CONEXTUBE;33,459.66;21;ARS;;Un;1;
63342004;CONTRATAPA GAB. AGP 4242 OP. -ARMADA-;ACCESORIOS -REPUESTOS VARIOS;;;CONEXTUBE;65,144.37;21;ARS;6334200400006;Un;1;
63342005;CONTRATAPA GAB. AGP 5242 OP. -ARMADA-;ACCESORIOS -REPUESTOS VARIOS;;;CONEXTUBE;77,308.42;21;ARS;6334200500003;Un;1;
63342006;CONTRATAPA GAB. AGP 6452 OP. -ARMADA-;ACCESORIOS -REPUESTOS VARIOS;;;CONEXTUBE;92,751.77;21;ARS;6334200600000;Un;1;
63352006;CONTRATAPA GAB. AGP 4242 TR. -ARMADA-;ACCESORIOS -REPUESTOS VARIOS;;;CONEXTUBE;78,053.19;21;ARS;6335200600007;Un;1;
63352007;CONTRATAPA GAB. AGP 5242 TR. -ARMADA-;ACCESORIOS -REPUESTOS VARIOS;;;CONEXTUBE;79,725.38;21;ARS;6335200700004;Un;1;
63352008;CONTRATAPA GAB. AGP 6452 TR. -ARMADA-;ACCESORIOS -REPUESTOS VARIOS;;;CONEXTUBE;113,811.39;21;ARS;6335200800001;Un;1;
63352011;CONTRATAPA GAB.MEDICION T3 EDESUR ;SEMIELABORADOS;;;CONEXTUBE;142,338.48;21;ARS;;Un;1;
63352012;CONTRATAPA GAB.MEDICION T2 EDESUR ;SEMIELABORADOS;;;CONEXTUBE;99,957.59;21;ARS;;Un;1;
63359001;CONTRATAPA GAB.MED.T3 EDENOR MAT:20290;ACCESORIOS -REPUESTOS VARIOS;;;CONEXTUBE;130,846.24;21;ARS;;Un;1;
63395029;PLACA AIS P/GAB.MEDICION  T3*NO COMPRAR*;SEMIELABORADOS;;;CONEXTUBE;94,998.02;21;ARS;;Un;1;
63399032;INTERIOR TOMA T3 EDESUR;ACCESORIOS -REPUESTOS VARIOS;;;CONEXTUBE;715,453.07;21;ARS;6339903200007;Un;1;
63399601;INTERIOR CAJA TOMA INDIRECTA T2 EDESUR;ACCESORIOS -REPUESTOS VARIOS;;;CONEXTUBE;485,759.66;21;ARS;6339960100005;Un;1;
63495163;EJE DE CIERRE EXCENTRICO - EDESUR;SEMIELABORADOS;;;CONEXTUBE;2,352.39;21;ARS;;Un;1;
63919030;REPUESTO INTERIOR 63029035 EDESUR;ACCESORIOS -REPUESTOS VARIOS;;;CONEXTUBE;464,660.36;21;ARS;6391903000001;Un;1;
63919039;REPUESTOS BISAGRA AGP - MATRICULA 20287;ACCESORIOS -REPUESTOS VARIOS;;;CONEXTUBE;7,570.00;21;ARS;;Un;1;
63919040;REPUESTOS AGP TAPA MT3 - MATRICULA 20288;ACCESORIOS -REPUESTOS VARIOS;;;CONEXTUBE;141,649.36;21;ARS;;Un;1;
63919041;REPUESTOS CERREDURA AGP - MAT.20289;ACCESORIOS -REPUESTOS VARIOS;;;CONEXTUBE;4,517.62;21;ARS;;Un;1;
63919042;REPUESTO CONTRATAP AGP - MATRICULA 20290;ACCESORIOS -REPUESTOS VARIOS;;;CONEXTUBE;118,413.72;21;ARS;;Un;1;
63919044;REPUESTO CERRADURA S/F. T3 MAT.20284;ACCESORIOS -REPUESTOS VARIOS;;;CONEXTUBE;4,622.96;21;ARS;;Un;1;
63919045;REPUESTO INTERIOR T200 EDENOR;ACCESORIOS -REPUESTOS VARIOS;;;CONEXTUBE;310,123.04;21;ARS;6391904500005;Un;1;
63919046;REPUESTOS CERREDURA AGP 5242;ACCESORIOS -REPUESTOS VARIOS;;;CONEXTUBE;4,928.34;21;ARS;6391904600002;Un;1;
63919047;REPUESTOS CERREDURA AGP TIPO YALE;ACCESORIOS -REPUESTOS VARIOS;;;CONEXTUBE;24,256.77;21;ARS;6391904700009;Un;1;
63919048;REPUESTOS CERREDURA AGP 4242;ACCESORIOS -REPUESTOS VARIOS;;;CONEXTUBE;4,928.34;21;ARS;6391904800006;Un;1;
63919049;REPUESTOS CERREDURA MT3 EDESUR;ACCESORIOS -REPUESTOS VARIOS;;;CONEXTUBE;24,561.22;21;ARS;6391904900003;Un;1;
63919050;REPUESTOS CERREDURA MT2 EDESUR;ACCESORIOS -REPUESTOS VARIOS;;;CONEXTUBE;4,165.24;21;ARS;6391905000009;Un;1;
63919051;REPUESTO INT. TOMA T 3 EDENOR;ACCESORIOS -REPUESTOS VARIOS;;;CONEXTUBE;699,383.72;21;ARS;6391905100006;Un;1;
63919052;REPUESTO INT. TOMA 400A C/B NH (EDENOR);ACCESORIOS -REPUESTOS VARIOS;;;CONEXTUBE;521,682.91;21;ARS;6391905200003;Un;1;
63929045;REPUESTO INTERIOR T200 EDESUR;ACCESORIOS -REPUESTOS VARIOS;;;CONEXTUBE;309,207.07;21;ARS;6392904500002;Un;1;
63929046;REPUESTO INTERIOR P/ 63029033 EDESUR;ACCESORIOS -REPUESTOS VARIOS;;;CONEXTUBE;762,393.01;21;ARS;6392904600009;Un;1;
64009022;CAJA MEDIDOR MONOFÁSICA C/RESET (EDENOR);CAJAS PARA MEDIDORES;;;CONEXTUBE;18,466.73;21;ARS;0640090220005;Un;12;
64009023;CAJA MEDIDOR MONOFÁSICA S/RESET;CAJAS PARA MEDIDORES;;;CONEXTUBE;17,568.49;21;ARS;0640090230002;Un;12;
64009024;CAJA MEDIDOR MONO.S/RESET C/SOP MED.ELEC;CAJAS PARA MEDIDORES;;;CONEXTUBE;17,240.12;21;ARS;;Un;12;
64009034;CAJA MEDIDOR TRIF S/RESET C/SOP MED ELEC;CAJAS PARA MEDIDORES;;;CONEXTUBE;34,053.88;21;ARS;;Un;4;
64009036;CAJA MEDIDOR TRIFÁSICA S/RESET;CAJAS PARA MEDIDORES;;;CONEXTUBE;34,702.53;21;ARS;6400903600002;Un;4;
64009037;CAJA MEDIDOR TRÍFASICA C/RESET (EDENOR);CAJAS PARA MEDIDORES;;;CONEXTUBE;37,931.03;21;ARS;6400903700009;Un;4;
64009045;CAJA MED MON PLC Z/RURAL DIN C/P.ZUNCHO;CAJAS PARA MEDIDORES;;;CONEXTUBE;47,846.57;21;ARS;6400904500004;Un;1;
64009123;CAJA MEDIDOR MONOFÁSICA S/RESET (A-BLOC);CAJAS PARA MEDIDORES;;;CONEXTUBE;15,886.12;21;ARS;;Un;12;
64029012;CAJA MEDIDOR MONOFÁSICA C/RESET (EDESUR);CAJAS PARA MEDIDORES;;;CONEXTUBE;18,442.32;21;ARS;0640290120000;Un;12;
64029027;CAJA MEDIDOR TRIFÁSICA C/RESET (EDESUR);CAJAS PARA MEDIDORES;;;CONEXTUBE;37,931.03;21;ARS;6402902700004;Un;4;
64029112;CAJA MEDIDOR MONOFÁSICA C/RESET (A-BLOC);CAJAS PARA MEDIDORES;;;CONEXTUBE;16,951.51;21;ARS;;Un;12;
64096298;CAJA MONOFASICA C VENTANA APTA 2 POLOS;CAJAS PARA MEDIDORES;;;CONEXTUBE;44,658.76;21;ARS;6409629800000;Un;1;
64099003;CAJA PARA MED.TRIFASICO Z/R C/RST;CAJAS PARA MEDIDORES;;;CONEXTUBE;58,912.68;21;ARS;6409900300007;Un;1;
64099013;CAJA PARA MED.TRIFASICO Z/R S/RST;CAJAS PARA MEDIDORES;;;CONEXTUBE;47,150.51;21;ARS;6409901300006;Un;1;
64101110;CAJA TIPO TRAMPA MONO RECT SIN RESET;CAJAS PARA MEDIDORES;;;CONEXTUBE;31,868.62;21;ARS;0641011100006;Un;1;
64101111;CAJA TIPO TRAMPA MONO RECTAN. C/RESET;CAJAS PARA MEDIDORES;;;CONEXTUBE;41,730.62;21;ARS;0641011110003;Un;1;
64101120;CAJA TIPO TRAMPA MONO CAP SIN RESET;CAJAS PARA MEDIDORES;;;CONEXTUBE;37,292.89;21;ARS;6410112000005;Un;1;
64101900;TAPA REPOSICION LISA CAJA TRAMPA ;ACCESORIOS -REPUESTOS VARIOS;;;CONEXTUBE;10,627.93;21;ARS;6410190000003;Un;1;
64101901;TAPA REPOSICION C/CALADO C/TRAMPA  ;ACCESORIOS -REPUESTOS VARIOS;;;CONEXTUBE;17,405.59;21;ARS;6410190100000;Un;1;
64108001;CAJA MEDIDOR MONOFÁSICA EDEMSA;CAJAS PARA MEDIDORES;;;CONEXTUBE;17,568.12;21;ARS;0641080010000;Un;12;
64108002;CAJA MEDIDOR TRIFÁSICA EDEMSA;CAJAS PARA MEDIDORES;;;CONEXTUBE;34,702.53;21;ARS;6410800200007;Un;4;
64119007;CAJA MEDIDOR MONOFASICA ISLAS (EDENOR);GABINETES PROVISORIOS E ISLAS;;;CONEXTUBE;162,979.11;21;ARS;6411900700008;Un;1;
64119037;CAJA MEDIDOR TRÍF. C/RESET EDENOR*CIA*;CAJAS PARA MEDIDORES;;;CONEXTUBE;37,222.03;21;ARS;;Un;1;
64119068;CAJA MEDIDOR TRIFÁSICA ISLAS (EDENOR);GABINETES PROVISORIOS E ISLAS;;;CONEXTUBE;197,873.80;21;ARS;6411906800009;Un;1;
64119741;MARCO Y TAPA CAP. MAT.SAP: 19306 EDENOR;CAJAS PARA MEDIDORES;;;CONEXTUBE;19,906.91;21;ARS;;Un;35;
64119742;MARCO Y TAPA RECT. EDEN;CAJAS PARA MEDIDORES;;;CONEXTUBE;17,321.18;21;ARS;0641197420008;Un;1;
64129731;CAJA MEDID.MONOFASICA S/RES.EDESUR;CAJAS PARA MEDIDORES;;;CONEXTUBE;73.96;21;USD;;Un;14;
64139723;CAJA MEDIDOR CARENCIADOS IZQ EDELAP;CAJAS PARA MEDIDORES;;;CONEXTUBE;72.52;21;USD;;Un;1;
64139724;CAJA MEDIDOR CARENCIADOS DER EDELAP;CAJAS PARA MEDIDORES;;;CONEXTUBE;72.52;21;USD;;Un;1;
64139730;CAJA DE TOMA 100A CON BASES NH00;CAJAS DE TOMA PRIMARIA;;;CONEXTUBE;102,293.99;21;ARS;;Un;1;
64161110;CAJA TIPO TRAMPA MONO RECT. S/RES. CALF;CAJAS PARA MEDIDORES;;;CONEXTUBE;31,041.90;21;ARS;6416111000008;Un;1;
64161905;TAPA TRAMPA S/R CALF - REPUESTO;ACCESORIOS -REPUESTOS VARIOS;;;CONEXTUBE;9,224.56;21;ARS;6416190500000;Un;1;
64229027;KIT DE MEDICION TRIFASICO C/R EDESUR;CAJAS PARA MEDIDORES;;;CONEXTUBE;197,197.83;21;ARS;6422902700002;Un;1;
64276298;CAJA AISL. P/MED E ICP CMI M UTE 56298;CAJAS PARA MEDIDORES;;;CONEXTUBE;47,594.91;21;ARS;;Un;1;
64296299;KIT ACOM ENERSA CON T PILAR  DERECHO;CAJAS PARA MEDIDORES;;;CONEXTUBE;152,884.00;21;ARS;;Un;1;
64296302;KIT ACOM ENERSA CON T PILAR  IZQUIERDO;CAJAS PARA MEDIDORES;;;CONEXTUBE;152,884.00;21;ARS;6429630200002;Un;1;
64299012;KIT DE MEDICION MONOFASICO C/R EDESUR;CAJAS PARA MEDIDORES;;;CONEXTUBE;100,127.98;21;ARS;6429901200007;Un;1;
64299022;KIT DE MEDICION MONOFASICO C/R EDENOR;CAJAS PARA MEDIDORES;;;CONEXTUBE;100,127.98;21;ARS;;Un;1;
64299023;KIT DE MEDICION MONOFASICO S/R;CAJAS PARA MEDIDORES;;;CONEXTUBE;100,127.98;21;ARS;6429902300003;Un;1;
64299024;KIT DE MEDICIÓN MONO S/RESET-PROT;CAJAS PARA MEDIDORES;;;CONEXTUBE;60,134.77;21;ARS;6429902400000;Un;1;
64299036;KIT DE MEDICION TRIFASICO S/R;CAJAS PARA MEDIDORES;;;CONEXTUBE;197,197.83;21;ARS;6429903600003;Un;1;
64299037;KIT DE MEDICION TRIFASICO C/R EDENOR;CAJAS PARA MEDIDORES;;;CONEXTUBE;197,197.83;21;ARS;6429903700000;Un;1;
64299038;KIT DE MEDICION TRIF S/RESET-PROT;CAJAS PARA MEDIDORES;;;CONEXTUBE;81,644.81;21;ARS;6429903800007;Un;1;
64305048;TORNILLO DE CIERRE MON/TRI*CXT* ZAMAC;SEMIELABORADOS;;;CONEXTUBE;2,456.11;21;ARS;;Un;1;
64305122;SOPORTE DE CIERRE - CJTO 3/8;SEMIELABORADOS;;;CONEXTUBE;395.05;21;ARS;;Un;1;
64345014;TAPON OBT. TUERCA W3/16 T60 AMP;SEMIELABORADOS;;;CONEXTUBE;7.59;21;ARS;;Un;1;
64345050;CLAVIJA PLASTICA P/PASACABLE COLUMNAS;SEMIELABORADOS;;;CONEXTUBE;114.95;21;ARS;;Un;1;
64355059;TAPA MEDIDOR MONO. S/RES.*CXT*;SEMIELABORADOS;;;CONEXTUBE;9,376.73;21;ARS;;Un;1;
64355060;TAPA MED.MONO. C/RST UNIPOLAR;SEMIELABORADOS;;;CONEXTUBE;13,200.62;21;ARS;;Un;1;
64355062;TAPA MED.TRIFASICO C/RESETEO;SEMIELABORADOS;;;CONEXTUBE;29,190.37;21;ARS;;Un;1;
64365061;PLACA BASE P MED MONO PC NEGRO;SEMIELABORADOS;;;CONEXTUBE;2,031.57;21;ARS;;Un;1;
64429027;KIT PILAR TRIF. C/RES EDESUR+CAÑO BAJADA;CAJAS PARA MEDIDORES;;;CONEXTUBE;448,697.43;21;ARS;;Un;4;
64449027;TAPA MED TRIF C/RESETEO GREMIO EDESUR;SEMIELABORADOS;;;CONEXTUBE;18,852.21;21;ARS;;Un;1;
64455077;TAPA MEDIDOR MONO.S/RES LISA;SEMIELABORADOS;;;CONEXTUBE;6,734.19;21;ARS;;Un;1;
64455080;TAPA MED.TRIFASICO S/RES.;SEMIELABORADOS;;;CONEXTUBE;20,838.27;21;ARS;;Un;1;
64465076;PLACA BASE P/MED TRIF;SEMIELABORADOS;;;CONEXTUBE;2,799.05;21;ARS;;Un;1;
64470002;PLACA BASE MED MONO P/INTEMP ABS/PC;SEMIELABORADOS;;;CONEXTUBE;3,015.02;21;ARS;;Un;1;
64475049;TORNILLO RANURA EDESUR NYLON;SEMIELABORADOS;;;CONEXTUBE;707.16;21;ARS;;Un;1;
64485084;TAPON AISLANTE HEXAGONAL POLICARBONATO;SEMIELABORADOS;;;CONEXTUBE;49.40;21;ARS;;Un;1;
64499012;KIT PILAR MONO. C/RES EDESUR+CAÑO BAJADA;CAJAS PARA MEDIDORES;;;CONEXTUBE;387,186.57;21;ARS;;Un;6;
64499022;KIT PILAR MONO. C/RES EDENOR+CAÑO BAJADA;CAJAS PARA MEDIDORES;;;CONEXTUBE;383,967.32;21;ARS;;Un;6;
64499037;KIT PILAR TRIF. C/RES EDENOR+CAÑO BAJADA;CAJAS PARA MEDIDORES;;;CONEXTUBE;438,328.57;21;ARS;;Un;4;
65060100;CAJA SECCIONADORA P/COLUMNA *ENERSA*;ACCESORIOS -REPUESTOS VARIOS;;;CONEXTUBE;110,913.84;21;ARS;6506010000008;Un;1;
65060200;GAB 1 MED TRI SERV COMU TM32 DF40 ENERSA;GABINETES PARA MEDIDORES COLECTIVOS;;;CONEXTUBE;477,990.14;21;ARS;6506020000005;Un;1;
65060201;GAB 1 MED MON SERV COMU TM32 DF40 ENERSA;GABINETES PARA MEDIDORES COLECTIVOS;;;CONEXTUBE;475,628.45;21;ARS;6506020100002;Un;1;
65060300;GAB 3 MED MONOF RED C/CONCENTRI *ENERSA*;GABINETES PARA MEDIDORES COLECTIVOS;;;CONEXTUBE;811,784.80;21;ARS;6506030000002;Un;1;
65060400;GAB 4 MED MONOF RED C/CONCENTRI *ENERSA*;GABINETES PARA MEDIDORES COLECTIVOS;;;CONEXTUBE;997,013.50;21;ARS;6506040000009;Un;1;
65060432;GAB 4 MONO C/CONC TM32A DF40A * ENERSA*;GABINETES PARA MEDIDORES COLECTIVOS;;;CONEXTUBE;984,395.29;21;ARS;;Un;1;
65060440;GAB 4 MED MONO  C/CONC TyD2X40*ENERSA*;GABINETES PARA MEDIDORES COLECTIVOS;;;CONEXTUBE;1,048,812.14;21;ARS;6506044000005;Un;1;
65060600;GAB 6 MED MONOF RED C/CONCENT  *ENERSA*;GABINETES PARA MEDIDORES COLECTIVOS;;;CONEXTUBE;1,567,423.16;21;ARS;6506060000003;Un;1;
65060601;GAB 1 MED MONO COMPACTO EXC ENERSA;GABINETES PARA MEDIDORES COLECTIVOS;;;CONEXTUBE;466,424.28;21;ARS;6506060100000;Un;1;
65060602;GAB 2 MED MONO COMPACTO EXC ENERSA;GABINETES PARA MEDIDORES COLECTIVOS;;;CONEXTUBE;606,590.95;21;ARS;6506060200007;Un;1;
65060606;GAB 6 MED COMPACTO EXCLUSIVO ENERSA;GABINETES PARA MEDIDORES COLECTIVOS;;;CONEXTUBE;1,542,123.45;21;ARS;6506060600005;Un;1;
65060640;GAB 6 MED MONO C/CONC TyD 2X40A *ENERSA*;GABINETES PARA MEDIDORES COLECTIVOS;;;CONEXTUBE;1,722,897.94;21;ARS;6506064000009;Un;1;
65060800;GAB 8 MED MONOF RED C/CONCENTRI *ENERSA*;GABINETES PARA MEDIDORES COLECTIVOS;;;CONEXTUBE;1,928,744.54;21;ARS;;Un;1;
65060900;GAB 9 MED MONOF RED C/CONCENTRI *ENERSA*;GABINETES PARA MEDIDORES COLECTIVOS;;;CONEXTUBE;2,370,144.09;21;ARS;6506090000004;Un;1;
65061200;GAB12 MED MONOF RED C/CONCENTRI *ENERSA*;GABINETES PARA MEDIDORES COLECTIVOS;;;CONEXTUBE;2,896,352.97;21;ARS;;Un;1;
65061211;GAB12 MED MONOF P/11 RED C/CONCEN ENERSA;GABINETES PARA MEDIDORES COLECTIVOS;;;CONEXTUBE;2,931,972.67;21;ARS;;Un;1;
65063120;GAB 1 MED TRIF C/SUBT TM20 DF40 *ENERSA*;GABINETES PARA MEDIDORES COLECTIVOS;;;CONEXTUBE;471,769.47;21;ARS;6506312000003;Un;1;
65063132;GAB 1 MED TRIF C/SUBT TM32 DF40 *ENERSA*;GABINETES PARA MEDIDORES COLECTIVOS;;;CONEXTUBE;474,582.43;21;ARS;6506313200006;Un;1;
65063140;GAB 1 MED TRIF C/SUBT TM40 DF40 *ENERSA*;GABINETES PARA MEDIDORES COLECTIVOS;;;CONEXTUBE;477,363.97;21;ARS;6506314000001;Un;1;
65063220;GAB 2 MED TRIF C/SUBT TM20 DF40 *ENERSA*;GABINETES PARA MEDIDORES COLECTIVOS;;;CONEXTUBE;982,418.16;21;ARS;;Un;1;
65063232;GAB 2 MED TRIF C/SUBT TM32 DF40 *ENERSA*;GABINETES PARA MEDIDORES COLECTIVOS;;;CONEXTUBE;1,024,897.00;21;ARS;6506323200003;Un;1;
65063240;GAB 2 MED TRIF C/SUBT TM40 DF40 *ENERSA*;GABINETES PARA MEDIDORES COLECTIVOS;;;CONEXTUBE;993,856.96;21;ARS;6506324000008;Un;1;
65063420;GAB 4 MED TRIF C/SUBT TM20 DF40 *ENERSA*;GABINETES PARA MEDIDORES COLECTIVOS;;;CONEXTUBE;1,987,776.27;21;ARS;6506342000004;Un;1;
65063432;GAB 4 MED TRIF C/SUBT TM32 DF40 *ENERSA*;GABINETES PARA MEDIDORES COLECTIVOS;;;CONEXTUBE;2,069,245.76;21;ARS;6506343200007;Un;1;
65063440;GAB 4 MED TRIF C/SUBT TM40 DF40 *ENERSA*;GABINETES PARA MEDIDORES COLECTIVOS;;;CONEXTUBE;2,010,591.32;21;ARS;6506344000002;Un;1;
65066320;GAB 2 MED TRIF COMPACTO EXC ENERSA;GABINETES PARA MEDIDORES COLECTIVOS;;;CONEXTUBE;525,712.01;21;ARS;6506632000004;Un;1;
65069171;GAB.1MONOF +1TRIF C/CONC Y SUBT *ENERSA*;GABINETES PARA MEDIDORES COLECTIVOS;;;CONEXTUBE;873,843.91;21;ARS;;Un;1;
65069172;GAB.2MONOF +1TRIF C/CONC Y SUBT *ENERSA*;GABINETES PARA MEDIDORES COLECTIVOS;;;CONEXTUBE;1,090,876.90;21;ARS;6506917200006;Un;1;
65090801;GAB 8 MED MONO C DIF TM 32A EDESE;GABINETES PARA MEDIDORES COLECTIVOS;;;CONEXTUBE;1,994,935.92;21;ARS;6509080100005;Un;1;
65091201;GAB 12 MED MONO C DIF TM 32A EDESE;GABINETES PARA MEDIDORES COLECTIVOS;;;CONEXTUBE;3,219,437.53;21;ARS;6509120100002;Un;1;
65415203;BARRA DE COBRE P/COLUMNAS 500 MM;SEMIELABORADOS;;;CONEXTUBE;65,985.16;21;ARS;;Un;1;
65415204;BARRA DE COBRE P/COLUMNAS 230 MM;SEMIELABORADOS;;;CONEXTUBE;35,662.15;21;ARS;;Un;1;
65455212;IDENTIFICADOR DE FASE - NEGRO;SEMIELABORADOS;;;CONEXTUBE;226.31;21;ARS;;Un;1;
65455213;IDENTIFICADOR DE FASE - MARRON;SEMIELABORADOS;;;CONEXTUBE;226.31;21;ARS;;Un;1;
65455216;IDENTIFICADOR DE FASE - ROJO;SEMIELABORADOS;;;CONEXTUBE;226.31;21;ARS;;Un;1;
65455219;IDENTIFICADOR DE FASE - AZUL;SEMIELABORADOS;;;CONEXTUBE;226.31;21;ARS;;Un;1;
65465002;UNION DE DOS CAJAS CONEXPOL;SEMIELABORADOS;;;CONEXTUBE;350.00;21;ARS;;Un;1;
65465004;UNION DE CUATRO CAJAS CONEXPOL;SEMIELABORADOS;;;CONEXTUBE;719.93;21;ARS;;Un;1;
66009075;REPUESTO TAPA P/ COLUMNA TARIFA 2 3627;ACCESORIOS -REPUESTOS VARIOS;;;CONEXTUBE;32,449.87;21;ARS;6600907500005;Un;1;
66009240;CONJUNTO BARRAS DE ACOPLE;ACCESORIOS -REPUESTOS VARIOS;;;CONEXTUBE;41,857.84;21;ARS;6600924000007;Un;1;
66009241;CONJUNTO BARRAS ACOPLE COLUMNAS EDENOR;ACCESORIOS -REPUESTOS VARIOS;;;CONEXTUBE;46,239.13;21;ARS;;Un;1;
66010171;GAB 1 MONO + 1 TRIF C/TM S/DIF (EDELAP);GABINETES PARA MEDIDORES COLECTIVOS;;;CONEXTUBE;686,928.29;21;ARS;;Un;1;
66010300;GAB 3 MED MONO C/TM 2x32 S/DIF (EDENOR);GABINETES PARA MEDIDORES COLECTIVOS;;;CONEXTUBE;620,678.32;21;ARS;;Un;1;
66010302;GAB 3 MED CABL P/ 2 MONOF RED *EDENOR*;GABINETES PARA MEDIDORES COLECTIVOS;;;CONEXTUBE;619,224.10;21;ARS;6601030200008;Un;1;
66010325;GAB 3 MED MONO C/TM 2x25 S/DIF (EDENOR);GABINETES PARA MEDIDORES COLECTIVOS;;;CONEXTUBE;600,340.69;21;ARS;6601032500007;Un;1;
66010332;GAB 3 MED MONOF RED EDENOR TM2X32 CXT;GABINETES PARA MEDIDORES COLECTIVOS;;;CONEXTUBE;627,747.44;21;ARS;6601033200005;Un;1;
66010340;GAB 3MONO RED *EDENOR* 2 X40 CXT;GABINETES PARA MEDIDORES COLECTIVOS;;;CONEXTUBE;733,347.78;21;ARS;6601034000000;Un;1;
66010400;GAB 4 MED MONO C/TM S/DIF (EDENOR);GABINETES PARA MEDIDORES COLECTIVOS;;;CONEXTUBE;714,570.97;21;ARS;;Un;1;
66010402;GAB 4 MED MONOF C/P2 TM CXT *EDENOR*;GABINETES PARA MEDIDORES COLECTIVOS;;;CONEXTUBE;725,421.03;21;ARS;6601040200005;Un;1;
66010403;GAB 4 MED MONOF C/P3 RED TM CXT *EDENOR;GABINETES PARA MEDIDORES COLECTIVOS;;;CONEXTUBE;698,966.59;21;ARS;6601040300002;Un;1;
66010425;GAB 4 MED MONO C/TM 25A S/DIF (EDENOR);GABINETES PARA MEDIDORES COLECTIVOS;;;CONEXTUBE;714,570.97;21;ARS;6601042500004;Un;1;
66010432;GAB 4 MED MONOF TM 2X32 CXT *EDENOR;GABINETES PARA MEDIDORES COLECTIVOS;;;CONEXTUBE;837,390.14;21;ARS;;Un;1;
66010440;GAB 4 MED MONOF TM 2X40 CXT *EDENOR;GABINETES PARA MEDIDORES COLECTIVOS;;;CONEXTUBE;906,297.56;21;ARS;;Un;1;
66010450;GAB 4 MED MONOF TM 2X50 CXT *EDENOR;GABINETES PARA MEDIDORES COLECTIVOS;;;CONEXTUBE;909,264.57;21;ARS;6601045000006;Un;1;
66010600;GAB 6 MED MONO  (EDENOR);GABINETES PARA MEDIDORES COLECTIVOS;;;CONEXTUBE;1,136,461.63;21;ARS;;Un;1;
66010625;GAB 6 MED MONO C/TM 25A S/Dif (EDENOR);GABINETES PARA MEDIDORES COLECTIVOS;;;CONEXTUBE;1,149,120.92;21;ARS;6601062500008;Un;1;
66010632;GAB 6 MED MONOF TM 2 X 25 CXT *EDENOR*;GABINETES PARA MEDIDORES COLECTIVOS;;;CONEXTUBE;1,136,461.63;21;ARS;;Un;1;
66010640;GAB 6 MED MONOF TM 2 X 40 CXT *EDENOR*;GABINETES PARA MEDIDORES COLECTIVOS;;;CONEXTUBE;1,327,554.59;21;ARS;;Un;1;
66010800;GAB 8 MED MONO C/TM S/DIF (EDENOR);GABINETES PARA MEDIDORES COLECTIVOS;;;CONEXTUBE;1,391,196.89;21;ARS;;Un;1;
66010807;GAB 8 MED MONO P7 C/TM S/DIF (EDENOR);GABINETES PARA MEDIDORES COLECTIVOS;;;CONEXTUBE;1,515,920.92;21;ARS;6601080700008;Un;1;
66010825;GAB 8 MED MONO C/TM 25A S/DIF (EDENOR);GABINETES PARA MEDIDORES COLECTIVOS;;;CONEXTUBE;1,391,196.87;21;ARS;6601082500002;Un;1;
66010832;GAB 8 MED MONOF TM2 X 32AMP RED EDENOR;GABINETES PARA MEDIDORES COLECTIVOS;;;CONEXTUBE;1,523,110.50;21;ARS;;Un;1;
66010840;GAB 8 MED MONOF TM2 X 40AMP RED *EDENOR*;GABINETES PARA MEDIDORES COLECTIVOS;;;CONEXTUBE;1,591,883.83;21;ARS;;Un;1;
66010900;GAB 9 MED MONO C/TM S/DIF (EDENOR);GABINETES PARA MEDIDORES COLECTIVOS;;;CONEXTUBE;1,671,729.95;21;ARS;;Un;1;
66010925;GAB. 9 MED MONOF TM 2X25 CXT *EDENOR*;GABINETES PARA MEDIDORES COLECTIVOS;;;CONEXTUBE;1,725,704.65;21;ARS;6601092500009;Un;1;
66010932;GAB. 9 MED MONOF TM 2X32 CXT *EDENOR*;GABINETES PARA MEDIDORES COLECTIVOS;;;CONEXTUBE;1,212,468.84;21;ARS;6601093200007;Un;1;
66010940;GAB. 9 MED MONOF TM 2X40 CXT *EDENOR*;GABINETES PARA MEDIDORES COLECTIVOS;;;CONEXTUBE;2,063,326.85;21;ARS;;Un;1;
66011200;GAB 12 MED MONO C/TM S/DIF (EDENOR);GABINETES PARA MEDIDORES COLECTIVOS;;;CONEXTUBE;2,110,561.92;21;ARS;;Un;1;
66011210;GAB 12 CABL P/10 MED MONO TM CXT EDENOR;GABINETES PARA MEDIDORES COLECTIVOS;;;CONEXTUBE;2,212,589.55;21;ARS;;Un;1;
66011211;GAB 12 MED MONO P11 TM32A C10MM (EDENOR);GABINETES PARA MEDIDORES COLECTIVOS;;;CONEXTUBE;2,012,564.08;21;ARS;;Un;1;
66011225;GAB 12 MED MONO C/TM 25A S/DIF (EDENOR);GABINETES PARA MEDIDORES COLECTIVOS;;;CONEXTUBE;2,091,884.39;21;ARS;6601122500009;Un;1;
66011232;GAB 12 MED MONOF TM 2X32 CXT *EDENOR*;GABINETES PARA MEDIDORES COLECTIVOS;;;CONEXTUBE;2,254,931.36;21;ARS;;Un;1;
66011240;GAB 12 MED MONOF TM 2X40 CXT *EDENOR*;GABINETES PARA MEDIDORES COLECTIVOS;;;CONEXTUBE;2,412,204.71;21;ARS;;Un;1;
66011250;GAB 12 MED MONOF TM 2X50 CXT *EDENOR*;GABINETES PARA MEDIDORES COLECTIVOS;;;CONEXTUBE;2,436,414.60;21;ARS;6601125000001;Un;1;
66011263;GAB 12 MED MONO TM 2X63 CXT EDENOR;GABINETES PARA MEDIDORES COLECTIVOS;;;CONEXTUBE;2,908,470.89;21;ARS;6601126300001;Un;1;
66012163;GAB.1MONO 32A+1TRIF T2 29KW  EDENOR;GABINETES PARA MEDIDORES COLECTIVOS;;;CONEXTUBE;701,492.88;21;ARS;6601216300003;Un;1;
66013117;GAB. 1 TRIF.T2 17KW TM CXT *EDENOR*;GABINETES PARA MEDIDORES COLECTIVOS;;;CONEXTUBE;520,187.05;21;ARS;6601311700005;Un;1;
66013122;GAB.1 TRIF.T2 22KW TM CXT *EDENOR*;GABINETES PARA MEDIDORES COLECTIVOS;;;CONEXTUBE;395,399.38;21;ARS;6601312200009;Un;1;
66013125;GAB.P/1 TRIF.T 2 25KW *EDENOR*;GABINETES PARA MEDIDORES COLECTIVOS;;;CONEXTUBE;424,526.57;21;ARS;6601312500000;Un;1;
66013129;GAB.P/1 TRIF.T 2 29KW *EDENOR*;GABINETES PARA MEDIDORES COLECTIVOS;;;CONEXTUBE;481,159.49;21;ARS;6601312900008;Un;1;
66013200;GAB 2 MED TRIF C/TM 4x20 S/DIF (EDENOR);GABINETES PARA MEDIDORES COLECTIVOS;;;CONEXTUBE;691,980.49;21;ARS;;Un;1;
66013201;GAB.2 TRIFASICOS C/P1 TM CXT *EDENOR*;GABINETES PARA MEDIDORES COLECTIVOS;;;CONEXTUBE;659,324.99;21;ARS;6601320100001;Un;1;
66013213;GAB. 2 TRIFASICOS T2 - 13KW *EDENOR*;GABINETES PARA MEDIDORES COLECTIVOS;;;CONEXTUBE;1,030,684.10;21;ARS;;Un;1;
66013217;GAB. 2 TRIF T2 - 17KW TM CXT *EDENOR*;GABINETES PARA MEDIDORES COLECTIVOS;;;CONEXTUBE;1,014,804.37;21;ARS;;Un;1;
66013219;GAB. 2 TRIF T2 - 19KW TM CXT *EDENOR*;GABINETES PARA MEDIDORES COLECTIVOS;;;CONEXTUBE;891,325.21;21;ARS;;Un;1;
66013222;GAB. 2 TRIF T2 - 22KW TM CXT *EDENOR*;GABINETES PARA MEDIDORES COLECTIVOS;;;CONEXTUBE;1,078,536.28;21;ARS;;Un;1;
66013225;GAB. 2 TRIF T2 - 25KW TM CXT *EDENOR*;GABINETES PARA MEDIDORES COLECTIVOS;;;CONEXTUBE;1,022,129.90;21;ARS;;Un;1;
66013229;GAB.2 TRIF T2-29KW  *EDENOR*;GABINETES PARA MEDIDORES COLECTIVOS;;;CONEXTUBE;1,041,480.44;21;ARS;;Un;1;
66013232;GAB 2 TRI CAB P/1 CON TM 32A  - EDENOR;GABINETES PARA MEDIDORES COLECTIVOS;;;CONEXTUBE;673,391.04;21;ARS;6601323200005;Un;1;
66013400;GAB. 4 TRIF T1- TM 4 X 25 CXT EDENOR;GABINETES PARA MEDIDORES COLECTIVOS;;;CONEXTUBE;1,463,949.28;21;ARS;;Un;1;
66013403;GAB. 4 TRIF P/3 T1- TM 4 X 25 CXT EDENOR;GABINETES PARA MEDIDORES COLECTIVOS;;;CONEXTUBE;1,518,908.39;21;ARS;6601340300009;Un;1;
66013410;GAB.4 TRIF C/P3 T1 2TM16 T2 1TM40 EDENOR;GABINETES PARA MEDIDORES COLECTIVOS;;;CONEXTUBE;1,740,988.10;21;ARS;6601341000007;Un;1;
66013413;GAB. 4 TRIF T2 - 13KW TM CXT *EDENOR*;GABINETES PARA MEDIDORES COLECTIVOS;;;CONEXTUBE;1,796,763.58;21;ARS;6601341300008;Un;1;
66013417;GAB. 4 TRIF T2 - 17KW TM CXT *EDENOR*;GABINETES PARA MEDIDORES COLECTIVOS;;;CONEXTUBE;1,978,869.85;21;ARS;;Un;1;
66013419;GAB. 4 TRIF T2 - 19KW TM CXT *EDENOR*;GABINETES PARA MEDIDORES COLECTIVOS;;;CONEXTUBE;1,713,872.03;21;ARS;;Un;1;
66013422;GAB.4 TRIFASICOS T2-22 KW *EDENOR*;GABINETES PARA MEDIDORES COLECTIVOS;;;CONEXTUBE;1,709,975.43;21;ARS;;Un;1;
66013425;GAB.4 TRIFASICOS T2-25 KW CXT *EDENOR*;GABINETES PARA MEDIDORES COLECTIVOS;;;CONEXTUBE;1,722,754.69;21;ARS;6601342500001;Un;1;
66013429;GAB.4 TRIFASICOS T2-29 KW CXT *EDENOR*;GABINETES PARA MEDIDORES COLECTIVOS;;;CONEXTUBE;1,812,106.65;21;ARS;6601342900009;Un;1;
66019155;GAB 1 MED TRIF C/TM S/DIF (EDENOR);GABINETES PARA MEDIDORES COLECTIVOS;;;CONEXTUBE;383,232.96;21;ARS;;Un;1;
66019156;GAB 1 MED TRIF S/TM S/DIF EDENOR;GABINETES PARA MEDIDORES COLECTIVOS;;;CONEXTUBE;363,889.69;21;ARS;6601915600008;Un;1;
66019161;GAB 4 MED TRIF S/TM S/DIF EDENOR;GABINETES PARA MEDIDORES COLECTIVOS;;;CONEXTUBE;1,431,057.43;21;ARS;6601916100002;Un;1;
66019162;GAB 4 MED TRIF C/TM S/DIF (EDENOR);GABINETES PARA MEDIDORES COLECTIVOS;;;CONEXTUBE;1,348,589.33;21;ARS;;Un;1;
66019163;GAB. 4 TRIFASICOS C/P3 T1 TM CXT EDENOR;GABINETES PARA MEDIDORES COLECTIVOS;;;CONEXTUBE;1,360,988.75;21;ARS;;Un;1;
66019171;GAB 1 MONO + 1 TRIF C/TM S/DIF (EDENOR);GABINETES PARA MEDIDORES COLECTIVOS;;;CONEXTUBE;666,199.09;21;ARS;;Un;1;
66020300;GAB 3 MED MONO C/TM + DIF (EDESUR);GABINETES PARA MEDIDORES COLECTIVOS;;;CONEXTUBE;806,333.41;21;ARS;;Un;1;
66020332;GAB 3 MED MONOF EDESUR TM 32 + DIF.CXT;GABINETES PARA MEDIDORES COLECTIVOS;;;CONEXTUBE;919,541.75;21;ARS;;Un;1;
66020400;GAB 4 MED MONO C/ TM + DF40 (EDESUR);GABINETES PARA MEDIDORES COLECTIVOS;;;CONEXTUBE;978,500.52;21;ARS;;Un;1;
66020432;GAB 4 MED MONOF RED TM2X32 EDESUR CXT;GABINETES PARA MEDIDORES COLECTIVOS;;;CONEXTUBE;1,148,177.80;21;ARS;6602043200009;Un;1;
66020440;GAB 4 MED MONOF RED TM2X40 EDESUR CXT;GABINETES PARA MEDIDORES COLECTIVOS;;;CONEXTUBE;1,202,528.86;21;ARS;6602044000004;Un;1;
66020600;GAB 6 MED MONO C/TM + DIF (EDESUR);GABINETES PARA MEDIDORES COLECTIVOS;;;CONEXTUBE;1,575,261.54;21;ARS;;Un;1;
66020800;GAB 8 MED MONO C/TM + DIF (EDESUR);GABINETES PARA MEDIDORES COLECTIVOS;;;CONEXTUBE;1,853,802.48;21;ARS;;Un;1;
66020806;GAB 8 MED MONO. C/P 6 *EDESUR;GABINETES PARA MEDIDORES COLECTIVOS;;;CONEXTUBE;1,899,627.21;21;ARS;6602080600008;Un;1;
66020807;GAB 8 MED P/7 MONOF EDESUR TM+DIF. CXT;GABINETES PARA MEDIDORES COLECTIVOS;;;CONEXTUBE;1,973,501.37;21;ARS;;Un;1;
66020832;GAB 8 MED MONOF RED TM2X32 EDESUR CXT;GABINETES PARA MEDIDORES COLECTIVOS;;;CONEXTUBE;1,828,588.92;21;ARS;;Un;1;
66020840;GAB 8 MED MONOTM 2X40 EDESUR CXT TM+DIF;GABINETES PARA MEDIDORES COLECTIVOS;;;CONEXTUBE;2,366,364.27;21;ARS;6602084000002;Un;1;
66020863;GAB 8 MED MON TM 32/40 DIF 63 EDESUR;GABINETES PARA MEDIDORES COLECTIVOS;;;CONEXTUBE;2,180,464.39;21;ARS;6602086300001;Un;1;
66020900;GAB 9 MED MONO C/TM + DIF (EDESUR);GABINETES PARA MEDIDORES COLECTIVOS;;;CONEXTUBE;2,289,476.52;21;ARS;;Un;1;
66020932;GAB 9 MED MONOF EDESUR TM 32 +DIF. CXT;GABINETES PARA MEDIDORES COLECTIVOS;;;CONEXTUBE;2,289,476.52;21;ARS;6602093200004;Un;1;
66020940;GAB 9 MED MON TM40A + DIF40A 10MM EDESUR;GABINETES PARA MEDIDORES COLECTIVOS;;;CONEXTUBE;2,413,618.12;21;ARS;6602094000009;Un;1;
66021200;GAB 12 MED MONO C/TM + DIF (EDESUR);GABINETES PARA MEDIDORES COLECTIVOS;;;CONEXTUBE;2,768,120.27;21;ARS;;Un;1;
66021210;GAB 12 MED MONO RED CABP/10 EDESUR CXT;GABINETES PARA MEDIDORES COLECTIVOS;;;CONEXTUBE;2,988,934.66;21;ARS;;Un;1;
66021211;GAB 12 MED MONO RED CAB.P/11 EDESUR CXT;GABINETES PARA MEDIDORES COLECTIVOS;;;CONEXTUBE;3,100,079.27;21;ARS;;Un;1;
66021232;GAB 12 MED MONOF RED TM2X32 EDESUR CXT;GABINETES PARA MEDIDORES COLECTIVOS;;;CONEXTUBE;2,862,752.24;21;ARS;;Un;1;
66021240;GAB 12 MED MONOF RED TM2X40 EDESUR CXT;GABINETES PARA MEDIDORES COLECTIVOS;;;CONEXTUBE;3,366,953.59;21;ARS;;Un;1;
66022332;GAB.3 MONO CAB. P/1 EDESUR TM 32 + DF 40;GABINETES PARA MEDIDORES COLECTIVOS;;;CONEXTUBE;711,393.33;21;ARS;6602233200000;Un;1;
66023200;GAB 2 MED TRIF C/TM + DIF (EDESUR);GABINETES PARA MEDIDORES COLECTIVOS;;;CONEXTUBE;882,314.82;21;ARS;;Un;1;
66023213;GAB. 2 TRIF. 13KW EDESUR CXT;GABINETES PARA MEDIDORES COLECTIVOS;;;CONEXTUBE;1,057,575.13;21;ARS;;Un;1;
66023215;GAB. 2 TRIF. EDESUR TM4X32+DIF. CXT;GABINETES PARA MEDIDORES COLECTIVOS;;;CONEXTUBE;1,049,985.66;21;ARS;;Un;1;
66023222;GAB. 2 TRIF. T2 - 22KW EDESUR TM 4X40A;GABINETES PARA MEDIDORES COLECTIVOS;;;CONEXTUBE;1,321,259.29;21;ARS;;Un;1;
66023225;GAB. 2 TRIF. T2 - 25KW EDESUR CXT;GABINETES PARA MEDIDORES COLECTIVOS;;;CONEXTUBE;1,048,105.92;21;ARS;;Un;1;
66023229;GAB. 2 TRIFASICOS T2 - 29KW EDESUR;GABINETES PARA MEDIDORES COLECTIVOS;;;CONEXTUBE;1,027,332.64;21;ARS;;Un;1;
66023230;GAB. 2 TRIF T2 - 29KW EDESUR C/DIF;GABINETES PARA MEDIDORES COLECTIVOS;;;CONEXTUBE;1,222,589.86;21;ARS;6602323000008;Un;1;
66023231;GAB. 2 TRIF T2 TM50 DF63 C16MM - EDESUR;GABINETES PARA MEDIDORES COLECTIVOS;;;CONEXTUBE;1,110,723.11;21;ARS;;Un;1;
66023400;GAB 4 MED TRIF C/TM + DIF (EDESUR);GABINETES PARA MEDIDORES COLECTIVOS;;;CONEXTUBE;1,744,120.02;21;ARS;;Un;1;
66023413;GAB.4 TRIF T2 13KW EDESUR TM 4X25A;GABINETES PARA MEDIDORES COLECTIVOS;;;CONEXTUBE;1,775,328.63;21;ARS;;Un;1;
66023417;GAB.4 TRIF T2 17KW EDESUR TM CXT;GABINETES PARA MEDIDORES COLECTIVOS;;;CONEXTUBE;1,786,095.68;21;ARS;6602341700003;Un;1;
66023422;GAB.4 TRIF T2 22KW EDESUR TM CXT;GABINETES PARA MEDIDORES COLECTIVOS;;;CONEXTUBE;1,789,424.81;21;ARS;;Un;1;
66023425;GAB.4 TRIF T2 25KW TM4X50A EDESUR;GABINETES PARA MEDIDORES COLECTIVOS;;;CONEXTUBE;1,896,493.29;21;ARS;;Un;1;
66023429;GAB.4 TRIF T2 29KW EDESUR TM CXT;GABINETES PARA MEDIDORES COLECTIVOS;;;CONEXTUBE;1,886,320.29;21;ARS;6602342900006;Un;1;
66023430;GAB.4 TRIF T2 29KW EDESUR C/DIF;GABINETES PARA MEDIDORES COLECTIVOS;;;CONEXTUBE;2,278,604.34;21;ARS;6602343000002;Un;1;
66023432;GAB 4 MED T1TRIF C/TM + DIF EDESUR;GABINETES PARA MEDIDORES COLECTIVOS;;;CONEXTUBE;2,237,254.87;21;ARS;6602343200006;Un;1;
66029071;GAB 1 MONO + 1 TRIF C/TM + DIF (EDESUR);GABINETES PARA MEDIDORES COLECTIVOS;;;CONEXTUBE;825,937.91;21;ARS;;Un;1;
66030300;GAB 3 MED MONO C/TM + DIF (EDENOR);GABINETES PARA MEDIDORES COLECTIVOS;;;CONEXTUBE;764,292.45;21;ARS;;Un;1;
66030301;GAB 3 MED MONO P/1 C/TM + DIF (EDENOR);GABINETES PARA MEDIDORES COLECTIVOS;;;CONEXTUBE;509,871.13;21;ARS;6603030100005;Un;1;
66030400;GAB 4 MED MONO C/TM + DIF (EDENOR);GABINETES PARA MEDIDORES COLECTIVOS;;;CONEXTUBE;927,495.79;21;ARS;;Un;1;
66030432;GAB 4 MED MONO.TM 2X32 CXT *EDENOR;GABINETES PARA MEDIDORES COLECTIVOS;;;CONEXTUBE;1,063,833.85;21;ARS;6603043200006;Un;1;
66030440;GAB 4 MED MON TM 2X40 DIF 2X40  EDENOR;GABINETES PARA MEDIDORES COLECTIVOS;;;CONEXTUBE;1,150,172.43;21;ARS;6603044000001;Un;1;
66030600;GAB 6 MED MONO C/TM + DIF (EDENOR);GABINETES PARA MEDIDORES COLECTIVOS;;;CONEXTUBE;1,509,019.06;21;ARS;;Un;1;
66030632;GAB 6 MED MONOF EDENOR TM 32 +DIF40A;GABINETES PARA MEDIDORES COLECTIVOS;;;CONEXTUBE;1,528,095.34;21;ARS;;Un;1;
66030800;GAB 8 MED MONO C/TM + DIF (EDENOR);GABINETES PARA MEDIDORES COLECTIVOS;;;CONEXTUBE;1,757,991.27;21;ARS;;Un;1;
66030807;GAB 8 MED MONO. C/P 7 TM+DIF CXT EDENOR;GABINETES PARA MEDIDORES COLECTIVOS;;;CONEXTUBE;1,921,135.43;21;ARS;6603080700002;Un;1;
66030832;GAB 8 MED MONOF TM 2 X 32 RED *EDENOR*;GABINETES PARA MEDIDORES COLECTIVOS;;;CONEXTUBE;2,017,612.42;21;ARS;;Un;1;
66030900;GAB 9 MED MONO C/TM + DIF EDENOR;GABINETES PARA MEDIDORES COLECTIVOS;;;CONEXTUBE;2,170,138.65;21;ARS;;Un;1;
66031032;GAB 12 C/P 10 TM 2X32 / DF 2X40 EDENOR;GABINETES PARA MEDIDORES COLECTIVOS;;;CONEXTUBE;4,638,602.20;21;ARS;6603103200007;Un;1;
66031040;GAB 12 C/P 10 TM 2X40 / DF 2X40 EDENOR;GABINETES PARA MEDIDORES COLECTIVOS;;;CONEXTUBE;4,770,829.58;21;ARS;;Un;1;
66031200;GAB 12 MED MONO C/TM + DIF (EDENOR);GABINETES PARA MEDIDORES COLECTIVOS;;;CONEXTUBE;2,624,133.35;21;ARS;;Un;1;
66031210;GAB 12 MED MONOF RED CAB. P/10 *EDENOR* ;GABINETES PARA MEDIDORES COLECTIVOS;;;CONEXTUBE;2,591,618.81;21;ARS;6603121000009;Un;1;
66031211;GAB 12 MED MONO P 11 C/TM + DIF (EDENOR);GABINETES PARA MEDIDORES COLECTIVOS;;;CONEXTUBE;2,601,252.79;21;ARS;;Un;1;
66031222;GAB 12 MED MONOF EDENOR 22KW TM+DIF.CXT;GABINETES PARA MEDIDORES COLECTIVOS;;;CONEXTUBE;3,070,585.85;21;ARS;6603122200002;Un;1;
66031232;GAB 12 MED MONO TM32+DIF40 C.10MM EDENOR;GABINETES PARA MEDIDORES COLECTIVOS;;;CONEXTUBE;3,256,217.18;21;ARS;;Un;1;
66031265;GAB 12 MED MONOF RED*EDENOR IP65;GABINETES PARA MEDIDORES COLECTIVOS;;;CONEXTUBE;3,126,886.25;21;ARS;6603126500009;Un;1;
66032365;GAB 2 MED TRIF C/TM + DIF IP65 (EDENOR) ;GABINETES PARA MEDIDORES COLECTIVOS;;;CONEXTUBE;1,084,702.35;21;ARS;6603236500005;Un;1;
66033200;GAB. 2 TRIF. EDENOR T1 C/ TM Y DIF. CXT;GABINETES PARA MEDIDORES COLECTIVOS;;;CONEXTUBE;1,023,575.14;21;ARS;;Un;1;
66033400;GAB. 4 TRIF  T1- EDENOR TM4x32A+DIF4x40A;GABINETES PARA MEDIDORES COLECTIVOS;;;CONEXTUBE;1,862,561.30;21;ARS;;Un;1;
66033425;GAB.4 TRIFASICOS T2-25 KW CXT *EDENOR*;GABINETES PARA MEDIDORES COLECTIVOS;;;CONEXTUBE;2,160,540.15;21;ARS;;Un;1;
66034365;GAB 4 MED TRIF C/TM + DIF IP65 (EDENOR);GABINETES PARA MEDIDORES COLECTIVOS;;;CONEXTUBE;2,039,598.32;21;ARS;6603436500003;Un;1;
66039155;GAB 1 MED TRIF C/TM + DIF (EDENOR);GABINETES PARA MEDIDORES COLECTIVOS;;;CONEXTUBE;441,261.12;21;ARS;;Un;1;
66039160;GAB 2 MED TRIF C/TM + DIF (EDENOR);GABINETES PARA MEDIDORES COLECTIVOS;;;CONEXTUBE;882,314.82;21;ARS;;Un;1;
66039162;GAB 4 MED TRIF C/TM + DIF (EDENOR);GABINETES PARA MEDIDORES COLECTIVOS;;;CONEXTUBE;1,744,120.02;21;ARS;;Un;1;
66039163;GAB.1MONO 32A+1TRIF T2 29KW  EDENOR;GABINETES PARA MEDIDORES COLECTIVOS;;;CONEXTUBE;856,117.73;21;ARS;6603916300000;Un;1;
66039171;GAB 1 MONO + 1 TRIF C/TM + DIF (EDENOR);GABINETES PARA MEDIDORES COLECTIVOS;;;CONEXTUBE;753,573.49;21;ARS;;Un;1;
66039229;GAB.2 TRIF T2-29KW TM 6KA+ DIF *EDENOR*;GABINETES PARA MEDIDORES COLECTIVOS;;;CONEXTUBE;1,237,794.03;21;ARS;;Un;1;
66039440;GAB 4 MED TRIF T2  C/TM + DIF (EDENOR);GABINETES PARA MEDIDORES COLECTIVOS;;;CONEXTUBE;1,933,057.56;21;ARS;;Un;1;
66040300;GAB 3 MED MONO C/TM S/DIF (EDESUR);GABINETES PARA MEDIDORES COLECTIVOS;;;CONEXTUBE;622,853.72;21;ARS;6604030000005;Un;1;
66040332;GAB 3 MED MONOF TM 2X32 S/D RED EDESUR;GABINETES PARA MEDIDORES COLECTIVOS;;;CONEXTUBE;705,629.05;21;ARS;6604033200006;Un;1;
66040340;GAB 3 MED MONOF TM 2X40 S/D RED EDESUR;GABINETES PARA MEDIDORES COLECTIVOS;;;CONEXTUBE;742,986.35;21;ARS;6604034000001;Un;1;
66040400;GAB 4 MED MONO C/TM S/DIF (EDESUR);GABINETES PARA MEDIDORES COLECTIVOS;;;CONEXTUBE;787,494.39;21;ARS;;Un;1;
66040403;GAB 4 MED MONOF C/P 3 RED TM EDESUR CXT;GABINETES PARA MEDIDORES COLECTIVOS;;;CONEXTUBE;883,220.41;21;ARS;6604040300003;Un;1;
66040432;GAB 4 MED MONO *EDESUR* S/DF TM32A;GABINETES PARA MEDIDORES COLECTIVOS;;;CONEXTUBE;971,032.89;21;ARS;;Un;1;
66040440;GAB 4 MED MONO C/TM S/DIF (EDESUR);GABINETES PARA MEDIDORES COLECTIVOS;;;CONEXTUBE;978,485.03;21;ARS;6604044000008;Un;1;
66040600;GAB 6 MED MONO C/TM S/DIF (EDESUR);GABINETES PARA MEDIDORES COLECTIVOS;;;CONEXTUBE;1,295,160.60;21;ARS;6604060000006;Un;1;
66040632;GAB 6 MED MONOF TM 2X32 S/D RED EDESUR;GABINETES PARA MEDIDORES COLECTIVOS;;;CONEXTUBE;1,423,137.50;21;ARS;;Un;1;
66040640;GAB 6 MED MONOF EDESUR S/D TM 2 X 40 AMP;GABINETES PARA MEDIDORES COLECTIVOS;;;CONEXTUBE;1,432,510.41;21;ARS;6604064000002;Un;1;
66040800;GAB 8 MED MONO C/TM S/DIF (EDESUR);GABINETES PARA MEDIDORES COLECTIVOS;;;CONEXTUBE;1,433,044.54;21;ARS;;Un;1;
66040806;GAB 8 MED MONO. C/P 6 CXT EDESUR;GABINETES PARA MEDIDORES COLECTIVOS;;;CONEXTUBE;1,542,918.00;21;ARS;6604080600002;Un;1;
66040807;GAB 8 MED P/7 MONOF TM25A - EDESUR;GABINETES PARA MEDIDORES COLECTIVOS;;;CONEXTUBE;1,381,913.85;21;ARS;6604080700009;Un;1;
66040810;GAB 8 MED MONO TM2X32 S/DIF C10MM EDESUR;GABINETES PARA MEDIDORES COLECTIVOS;;;CONEXTUBE;1,602,625.54;21;ARS;6604081000009;Un;1;
66040832;GAB 8 MED MONOF RED *EDESUR* SIN DIYUNTO;GABINETES PARA MEDIDORES COLECTIVOS;;;CONEXTUBE;1,532,565.05;21;ARS;6604083200001;Un;1;
66040840;GAB 8 MED MONO C/TM 2X40 S/DIF (EDESUR);GABINETES PARA MEDIDORES COLECTIVOS;;;CONEXTUBE;1,593,046.65;21;ARS;6604084000006;Un;1;
66040900;GAB 9 MED MONO C/TM S/DIF (EDESUR);GABINETES PARA MEDIDORES COLECTIVOS;;;CONEXTUBE;1,761,868.90;21;ARS;6604090000007;Un;1;
66040932;GAB 9 MED MONOF RED *EDESUR* SIN DISYUNT;GABINETES PARA MEDIDORES COLECTIVOS;;;CONEXTUBE;1,930,352.02;21;ARS;6604093200008;Un;1;
66040940;GAB 9 MED MONOF RED *EDESUR* SIN DISYUNT;GABINETES PARA MEDIDORES COLECTIVOS;;;CONEXTUBE;1,888,924.32;21;ARS;6604094000003;Un;1;
66040950;GAB 9 MED MONOF RED TM 2X40 *EDESUR*;GABINETES PARA MEDIDORES COLECTIVOS;;;CONEXTUBE;2,012,292.30;21;ARS;6604095000002;Un;1;
66041200;GAB 12 MED MONO C/TM S/DIF (EDESUR);GABINETES PARA MEDIDORES COLECTIVOS;;;CONEXTUBE;2,178,193.04;21;ARS;;Un;1;
66041210;GAB 12 MED MONO RED CABP/10 EDESUR CXT;GABINETES PARA MEDIDORES COLECTIVOS;;;CONEXTUBE;2,442,790.66;21;ARS;6604121000006;Un;1;
66041232;GAB 12 MED MONO *EDESUR* S/DF TM32A;GABINETES PARA MEDIDORES COLECTIVOS;;;CONEXTUBE;2,255,331.71;21;ARS;;Un;1;
66041240;GAB 12 MED MONOF RED *EDESUR* SIN DIYUNT;GABINETES PARA MEDIDORES COLECTIVOS;;;CONEXTUBE;2,590,897.78;21;ARS;;Un;1;
66041265;GAB 12 MED MONOF RED*EDESUR IP65;GABINETES PARA MEDIDORES COLECTIVOS;;;CONEXTUBE;2,706,430.15;21;ARS;;Un;1;
66042125;GAB.1 MONO+1 TRIF  VAC TM25 EDESUR ;GABINETES PARA MEDIDORES COLECTIVOS;;;CONEXTUBE;752,413.69;21;ARS;6604212500002;Un;1;
66042132;GAB 1 MONO + 1 TRIF T2 TM32 S/DIF EDESUR;GABINETES PARA MEDIDORES COLECTIVOS;;;CONEXTUBE;906,992.50;21;ARS;6604213200000;Un;1;
66043215;GAB. 2 TRIF. EDESUR TM4X32 S/DIF. CXT;GABINETES PARA MEDIDORES COLECTIVOS;;;CONEXTUBE;856,365.81;21;ARS;6604321500009;Un;1;
66043217;GAB. 2 TRIFASICOS T2 17 KW EDESUR CXT;GABINETES PARA MEDIDORES COLECTIVOS;;;CONEXTUBE;1,062,958.64;21;ARS;;Un;1;
66043240;GAB 2 MED TRIF C/TM4x40A C10MM - EDESUR;GABINETES PARA MEDIDORES COLECTIVOS;;;CONEXTUBE;816,303.09;21;ARS;;Un;1;
66043413;GAB. 4 TRIFASICOS T2 13 KW EDESUR CXT;GABINETES PARA MEDIDORES COLECTIVOS;;;CONEXTUBE;1,871,588.04;21;ARS;6604341300009;Un;1;
66043417;GAB. 4 TRIFASICOS T2 17 KW EDESUR CXT;GABINETES PARA MEDIDORES COLECTIVOS;;;CONEXTUBE;1,887,671.46;21;ARS;6604341700007;Un;1;
66043425;GAB 4 MED TRIF T2  25KW TM4x50A EDESUR;GABINETES PARA MEDIDORES COLECTIVOS;;;CONEXTUBE;1,894,026.08;21;ARS;6604342500002;Un;1;
66043429;GAB.4 TRIF T2 32/40 A EDESUR TM CXT;GABINETES PARA MEDIDORES COLECTIVOS;;;CONEXTUBE;1,885,395.37;21;ARS;;Un;1;
66049071;GAB 1 MONO + 1 TRIF C/TM S/DIF (EDESUR);GABINETES PARA MEDIDORES COLECTIVOS;;;CONEXTUBE;726,956.04;21;ARS;;Un;1;
66049130;GAB 2 MED TRIF C/TM16 S/DIF (EDESUR);GABINETES PARA MEDIDORES COLECTIVOS;;;CONEXTUBE;711,381.81;21;ARS;;Un;1;
66049131;GAB.2 CABLEADO PARA 1 TRIFASICOS EDESUR ;GABINETES PARA MEDIDORES COLECTIVOS;;;CONEXTUBE;741,596.80;21;ARS;;Un;1;
66049132;GAB 4 MED TRIF C/TM 4x16A S/DIF (EDESUR);GABINETES PARA MEDIDORES COLECTIVOS;;;CONEXTUBE;1,348,589.33;21;ARS;;Un;1;
66049171;GAB. 1 MONO + 1 TRIF TM EDESUR S/DIF;GABINETES PARA MEDIDORES COLECTIVOS;;;CONEXTUBE;783,954.53;21;ARS;;Un;1;
66050171;GAB. 1 MONOF + 1 TRIF. - COOP CEDOM;GABINETES PARA MEDIDORES COLECTIVOS;;;CONEXTUBE;706,051.46;21;ARS;;Un;1;
66050210;GAB 2 MED TRIF C/TM 4x10 COOP CEDOM;GABINETES PARA MEDIDORES COLECTIVOS;;;CONEXTUBE;685,481.99;21;ARS;;Un;1;
66050300;GAB. 3 MED MONOF RED *EDESE*;GABINETES PARA MEDIDORES COLECTIVOS;;;CONEXTUBE;593,692.52;21;ARS;6605030000002;Un;1;
66050302;GAB. 3 MED MONOF P/2 RED *EDESE*;GABINETES PARA MEDIDORES COLECTIVOS;;;CONEXTUBE;581,182.47;21;ARS;6605030200006;Un;1;
66050400;GAB. 4 MED MONOF RED *EDESE*;GABINETES PARA MEDIDORES COLECTIVOS;;;CONEXTUBE;714,571.20;21;ARS;;Un;1;
66050420;GAB 4 MED TRIF C/TM S/DIF (EDELAP);GABINETES PARA MEDIDORES COLECTIVOS;;;CONEXTUBE;1,588,806.76;21;ARS;6605042000007;Un;1;
66050432;GAB 4 MED MONO C/TM 32 S/DIF *EDELAP*;GABINETES PARA MEDIDORES COLECTIVOS;;;CONEXTUBE;851,081.36;21;ARS;6605043200000;Un;1;
66050600;GAB. 6 MED MONOF RED *EDESE*;GABINETES PARA MEDIDORES COLECTIVOS;;;CONEXTUBE;1,126,130.17;21;ARS;;Un;1;
66050632;GAB 6 MED MONO C/TM 32 S/DIF *EDELAP*;GABINETES PARA MEDIDORES COLECTIVOS;;;CONEXTUBE;1,330,005.65;21;ARS;6605063200004;Un;1;
66050640;GAB 6 MED MONO C/TM 40 S/DIF *EDELAP*;GABINETES PARA MEDIDORES COLECTIVOS;;;CONEXTUBE;1,332,785.74;21;ARS;6605064000009;Un;1;
66050800;GAB. 8 MED MONOF RED *EDESE*;GABINETES PARA MEDIDORES COLECTIVOS;;;CONEXTUBE;1,328,872.41;21;ARS;6605080000007;Un;1;
66050900;GAB 9 MED MONOF RED *EDESE*;GABINETES PARA MEDIDORES COLECTIVOS;;;CONEXTUBE;1,656,528.92;21;ARS;6605090000004;Un;1;
66051200;GAB. 12 MED MONOF RED *EDESE*;GABINETES PARA MEDIDORES COLECTIVOS;;;CONEXTUBE;1,980,329.01;21;ARS;;Un;1;
66051240;GAB 12 MED MONO C/TM 40 S/DIF *EDELAP*;GABINETES PARA MEDIDORES COLECTIVOS;;;CONEXTUBE;2,372,201.65;21;ARS;6605124000000;Un;1;
66053100;GAB. 1 MED TRIFASICOS *EDESE*;GABINETES PARA MEDIDORES COLECTIVOS;;;CONEXTUBE;361,469.10;21;ARS;6605310000005;Un;1;
66053200;GAB. 2 MED TRIFASICOS *EDESE*;GABINETES PARA MEDIDORES COLECTIVOS;;;CONEXTUBE;691,980.72;21;ARS;6605320000002;Un;1;
66053232;GAB 2 MED TRIF C/TM 4X32 S/DIF *EDELAP*;GABINETES PARA MEDIDORES COLECTIVOS;;;CONEXTUBE;821,980.45;21;ARS;6605323200003;Un;1;
66053240;GAB 2 MED TRIF C/TM 40 S/DIF *EDELAP*;GABINETES PARA MEDIDORES COLECTIVOS;;;CONEXTUBE;826,949.83;21;ARS;6605324000008;Un;1;
66053400;GAB. 4 MED TRIFASICOS *EDESE*;GABINETES PARA MEDIDORES COLECTIVOS;;;CONEXTUBE;1,348,589.33;21;ARS;6605340000006;Un;1;
66059171;GAB. 1 MONOF + 1 TRIF. *EDESE*;GABINETES PARA MEDIDORES COLECTIVOS;;;CONEXTUBE;604,095.79;21;ARS;6605917100009;Un;1;
66060300;GAB 3 MED MONO C/TM S/DIF (EDEA);GABINETES PARA MEDIDORES COLECTIVOS;;;CONEXTUBE;626,368.92;21;ARS;;Un;1;
66060400;GAB 4 MED MONO C/TM S/DIF (EDEA);GABINETES PARA MEDIDORES COLECTIVOS;;;CONEXTUBE;714,582.15;21;ARS;;Un;1;
66060600;GAB 6 MED MONO C/TM S/DIF (EDEA);GABINETES PARA MEDIDORES COLECTIVOS;;;CONEXTUBE;1,188,118.49;21;ARS;6606060000000;Un;1;
66060800;GAB 8 MED MONO C/TM25 S/DIF (EDEA);GABINETES PARA MEDIDORES COLECTIVOS;;;CONEXTUBE;1,328,881.03;21;ARS;;Un;1;
66060832;GAB 8 MED MONO C/TM32 S/DIF (EDEA);GABINETES PARA MEDIDORES COLECTIVOS;;;CONEXTUBE;1,582,718.48;21;ARS;6606083200005;Un;1;
66060900;GAB 9 MED MONO C/TM S/DIF (EDEA);GABINETES PARA MEDIDORES COLECTIVOS;;;CONEXTUBE;1,747,716.70;21;ARS;;Un;1;
66060901;GAB 9 MED MONO TM40 DIF40  (EDEA);GABINETES PARA MEDIDORES COLECTIVOS;;;CONEXTUBE;2,629,492.43;21;ARS;6606090100008;Un;1;
66061200;GAB 12 MED MONO C/TM 25 S/DIF (EDEA);GABINETES PARA MEDIDORES COLECTIVOS;;;CONEXTUBE;1,980,321.78;21;ARS;;Un;1;
66069155;GAB MED 1 TRIF C/TM S/DIF (EDEA);GABINETES PARA MEDIDORES COLECTIVOS;;;CONEXTUBE;581,422.68;21;ARS;;Un;1;
66069160;GAB MED 2 TRIF C/TM S/DIF (EDEA);GABINETES PARA MEDIDORES COLECTIVOS;;;CONEXTUBE;940,978.64;21;ARS;;Un;1;
66069162;GAB MED 4 TRIF C/TM S/DIF (EDEA);GABINETES PARA MEDIDORES COLECTIVOS;;;CONEXTUBE;1,831,383.95;21;ARS;;Un;1;
66069171;GAB 1 MONO+1TRIF C/TM S/DIF (EDEA);GABINETES PARA MEDIDORES COLECTIVOS;;;CONEXTUBE;688,938.22;21;ARS;;Un;1;
66079171;GAB 2 MED MONO + 1 TRIF - EPEC;GABINETES PARA MEDIDORES COLECTIVOS;;;CONEXTUBE;803,092.98;21;ARS;6607917100003;Un;1;
66080300;GAB 3 MED MONOF RED *EDEMSA*;GABINETES PARA MEDIDORES COLECTIVOS;;;CONEXTUBE;594,198.41;21;ARS;6608030000003;Un;1;
66080400;GAB 4 MED MONOF RED *EDEMSA*;GABINETES PARA MEDIDORES COLECTIVOS;;;CONEXTUBE;1,034,833.50;21;ARS;6608040000000;Un;1;
66080600;GAB 6 MED MONOF RED *EDEMSA*;GABINETES PARA MEDIDORES COLECTIVOS;;;CONEXTUBE;1,127,877.56;21;ARS;;Un;1;
66080800;GAB 8 MED MONOF RED *EDEMSA* ;GABINETES PARA MEDIDORES COLECTIVOS;;;CONEXTUBE;1,626,990.40;21;ARS;;Un;1;
66080900;GAB 9 MED MONOF RED *EDEMSA* ;GABINETES PARA MEDIDORES COLECTIVOS;;;CONEXTUBE;1,658,716.24;21;ARS;6608090000005;Un;1;
66081200;GAB 12 MED MONOF RED *EDEMSA*;GABINETES PARA MEDIDORES COLECTIVOS;;;CONEXTUBE;2,271,223.71;21;ARS;;Un;1;
66083200;GAB 2 MED TRIFASICOS *EDEMSA* ;GABINETES PARA MEDIDORES COLECTIVOS;;;CONEXTUBE;627,990.45;21;ARS;;Un;1;
66083201;GAB 2 MED TRIFASICOS TM 32 *EDEMSA* ;GABINETES PARA MEDIDORES COLECTIVOS;;;CONEXTUBE;760,535.86;21;ARS;6608320100000;Un;1;
66083400;GAB 4 MED TRIFASICOS *EDEMSA* ;GABINETES PARA MEDIDORES COLECTIVOS;;;CONEXTUBE;1,221,096.47;21;ARS;;Un;1;
66083401;GAB 4 MED TRIFASICOS TM 32 *EDEMSA* ;GABINETES PARA MEDIDORES COLECTIVOS;;;CONEXTUBE;1,478,873.98;21;ARS;6608340100004;Un;1;
66089155;GAB 1 MED TRIF (2 TRIF CABL P1) - EDEMSA;GABINETES PARA MEDIDORES COLECTIVOS;;;CONEXTUBE;588,101.86;21;ARS;6608915500000;Un;1;
66110650;GAB 6 MED MONOF TM2X50 CAB 10MM EDENOR;GABINETES PARA MEDIDORES COLECTIVOS;;;CONEXTUBE;1,367,489.49;21;ARS;6611065000009;Un;1;
66110832;GAB 8 MONOF TM2 X 32A CABLE 10 EDENOR;GABINETES PARA MEDIDORES COLECTIVOS;;;CONEXTUBE;1,621,992.61;21;ARS;;Un;1;
66110863;GAB 8 MONOF TM2X63  CAB 10MM  EDENOR;GABINETES PARA MEDIDORES COLECTIVOS;;;CONEXTUBE;1,712,760.16;21;ARS;6611086300003;Un;1;
66113432;GAB. 4 TRIF T1- TM 4 X 32 CXT EDENOR;GABINETES PARA MEDIDORES COLECTIVOS;;;CONEXTUBE;1,596,335.14;21;ARS;6611343200008;Un;1;
66123229;GAB.2 TRIFASICOS T2 -29KW 6KAMP *EDESUR*;GABINETES PARA MEDIDORES COLECTIVOS;;;CONEXTUBE;886,852.35;21;ARS;;Un;1;
66123422;GAB.4 TRIFASICOS T2- 22KW 6KAMP *EDESUR*;GABINETES PARA MEDIDORES COLECTIVOS;;;CONEXTUBE;1,810,578.52;21;ARS;6612342200006;Un;1;
66123429;GAB.4 TRIFASICOS T2 -29KW 6KAMP *EDESUR*;GABINETES PARA MEDIDORES COLECTIVOS;;;CONEXTUBE;1,799,834.74;21;ARS;6612342900005;Un;1;
66143225;GAB 2 MED TRIF T1 TM25 S/D 10MM  EDESUR;GABINETES PARA MEDIDORES COLECTIVOS;;;CONEXTUBE;893,807.01;21;ARS;6614322500007;Un;1;
66143425;GAB. 4 TRIF TM25 T1 10MM S/ DIF EDESUR;GABINETES PARA MEDIDORES COLECTIVOS;;;CONEXTUBE;1,833,281.82;21;ARS;6614342500001;Un;1;
66160160;GAB 3 MED TRIF TM20A+DIF 25A CALF;GABINETES PARA MEDIDORES COLECTIVOS;;;CONEXTUBE;833,213.33;21;ARS;;Un;1;
66160161;GAB2TRI TM20A-ID25+1MONO TM25A-ID25ACALF;GABINETES PARA MEDIDORES COLECTIVOS;;;CONEXTUBE;802,474.37;21;ARS;;Un;1;
66160162;GAB2MONO TM25A-ID25A+1TRI TM20-ID25ACALF;GABINETES PARA MEDIDORES COLECTIVOS;;;CONEXTUBE;790,178.78;21;ARS;;Un;1;
66160163;GAB 6 TRIF TM 20A - ID25A CALF;GABINETES PARA MEDIDORES COLECTIVOS;;;CONEXTUBE;1,599,769.58;21;ARS;;Un;1;
66160169;GAB2TRI TM20A-ID25A+1MONOTM25A-ID25ACALF;GABINETES PARA MEDIDORES COLECTIVOS;;;CONEXTUBE;802,474.37;21;ARS;;Un;1;
66160170;GAB 3 TRIF TM 20A - ID25A INV.  CALF;GABINETES PARA MEDIDORES COLECTIVOS;;;CONEXTUBE;833,213.33;21;ARS;;Un;1;
66160171;GAB2MONO TM20A-ID25A+1TRI TM20-ID25ACALF;GABINETES PARA MEDIDORES COLECTIVOS;;;CONEXTUBE;790,178.78;21;ARS;;Un;1;
66160300;GAB 3 MONO TM25A-ID25A  CALF;GABINETES PARA MEDIDORES COLECTIVOS;;;CONEXTUBE;589,970.00;21;ARS;;Un;1;
66160301;GAB 3 MONO TM25A-ID25A INV  CALF;GABINETES PARA MEDIDORES COLECTIVOS;;;CONEXTUBE;589,970.00;21;ARS;;Un;1;
66160400;GAB 4 MED MONO C/TM+DIF CALF;GABINETES PARA MEDIDORES COLECTIVOS;;;CONEXTUBE;715,949.27;21;ARS;;Un;1;
66160401;GAB 4 MONO TM25A-ID25A INV CALF;GABINETES PARA MEDIDORES COLECTIVOS;;;CONEXTUBE;715,949.27;21;ARS;;Un;1;
66160600;GAB 6 MONO TM25A-ID25A   CALF;GABINETES PARA MEDIDORES COLECTIVOS;;;CONEXTUBE;1,164,835.54;21;ARS;;Un;1;
66160800;GAB 8 MONO TM25A-ID25A  CALF;GABINETES PARA MEDIDORES COLECTIVOS;;;CONEXTUBE;1,411,302.34;21;ARS;;Un;1;
66160900;GAB 9 MONO TM25A-ID25A   CALF;GABINETES PARA MEDIDORES COLECTIVOS;;;CONEXTUBE;1,675,164.74;21;ARS;;Un;1;
66161200;GAB 12 MONO TM25A-ID25A  CALF;GABINETES PARA MEDIDORES COLECTIVOS;;;CONEXTUBE;2,106,634.46;21;ARS;;Un;1;
66170161;GAB 1 MED TRIF S/TM S/DIF GUALEGUAYCHU;GABINETES PARA MEDIDORES COLECTIVOS;;;CONEXTUBE;382,225.42;21;ARS;;Un;1;
66170162;GAB 2 MED TRIF S/TM S/DIF GUALEGUAYCHU;GABINETES PARA MEDIDORES COLECTIVOS;;;CONEXTUBE;690,484.56;21;ARS;;Un;1;
66170164;GAB 4 MED TRIF S/TM S/DIF GUALEGUAYCHU;GABINETES PARA MEDIDORES COLECTIVOS;;;CONEXTUBE;802,786.07;21;ARS;;Un;1;
66170170;GAB 1 MM + 1 MT S/TM S/DIF GUALEGUACHU;GABINETES PARA MEDIDORES COLECTIVOS;;;CONEXTUBE;521,356.04;21;ARS;;Un;1;
66170400;GAB 4 MED MONO S/TM S/DIF GUALEGUAYCHU;GABINETES PARA MEDIDORES COLECTIVOS;;;CONEXTUBE;725,357.87;21;ARS;;Un;1;
66170600;GAB 6 MED MONO S/TM S/DIF GUALEGUAYCHU;GABINETES PARA MEDIDORES COLECTIVOS;;;CONEXTUBE;1,180,144.17;21;ARS;;Un;1;
66170800;GAB 8 MED MONO S/TM S/DIF GUALEGUAYCHU;GABINETES PARA MEDIDORES COLECTIVOS;;;CONEXTUBE;840,720.41;21;ARS;;Un;1;
66170900;GAB 9 MED MONO S/TM S/DIF GUALEGUAYCHU;GABINETES PARA MEDIDORES COLECTIVOS;;;CONEXTUBE;1,697,178.88;21;ARS;;Un;1;
66171200;GAB 12 MED MONO S/TM S/DIF GUALEGUAYCHU;GABINETES PARA MEDIDORES COLECTIVOS;;;CONEXTUBE;1,651,690.88;21;ARS;;Un;1;
66213263;GAB. 2 TRIF T1 TM4X63 CAB 16MM EDENOR;GABINETES PARA MEDIDORES COLECTIVOS;;;CONEXTUBE;1,032,278.98;21;ARS;6621326300007;Un;1;
66230155;GAB 1 MED TRIF C/TM + DIF (GRAL PICO);GABINETES PARA MEDIDORES COLECTIVOS;;;CONEXTUBE;452,306.98;21;ARS;6623015500002;Un;1;
66230300;GAB 3 MED MONO C/TM + DIF (GRAL PICO);GABINETES PARA MEDIDORES COLECTIVOS;;;CONEXTUBE;673,147.61;21;ARS;6623030000006;Un;1;
66230400;GAB 4 MED MONO C/TM + DIF (GRAL PICO);GABINETES PARA MEDIDORES COLECTIVOS;;;CONEXTUBE;837,384.17;21;ARS;6623040000003;Un;1;
66230600;GAB 6 MED MONO C/TM + DIF (GRAL PICO);GABINETES PARA MEDIDORES COLECTIVOS;;;CONEXTUBE;1,237,361.54;21;ARS;6623060000007;Un;1;
66230800;GAB 8 MED MONO C/TM + DIF (GRAL PICO);GABINETES PARA MEDIDORES COLECTIVOS;;;CONEXTUBE;1,585,500.23;21;ARS;6623080000001;Un;1;
66230900;GAB 9 MED MONO C/TM + DIF (GRAL PICO);GABINETES PARA MEDIDORES COLECTIVOS;;;CONEXTUBE;1,915,052.77;21;ARS;6623090000008;Un;1;
66231120;GAB 1 MONO + 1 TRIF C/TM + DIF (G. PICO);GABINETES PARA MEDIDORES COLECTIVOS;;;CONEXTUBE;686,616.30;21;ARS;6623112000009;Un;1;
66231200;GAB 12 MED MONO C/TM + DIF (GRAL PICO);GABINETES PARA MEDIDORES COLECTIVOS;;;CONEXTUBE;2,372,213.55;21;ARS;6623120000008;Un;1;
66239160;GAB 2 MED TRIF C/TM + DIF (G. PICO);GABINETES PARA MEDIDORES COLECTIVOS;;;CONEXTUBE;778,153.91;21;ARS;6623916000007;Un;1;
66239162;GAB 4 MED TRIF C/TM + DIF (G. PICO);GABINETES PARA MEDIDORES COLECTIVOS;;;CONEXTUBE;1,871,546.80;21;ARS;6623916200001;Un;1;
66260300;GAB 3 MED MONO S/DIF (Pdo COSTA EDEA);GABINETES PARA MEDIDORES COLECTIVOS;;;CONEXTUBE;724,994.69;21;ARS;;Un;1;
66260400;GAB 4 MED MONO S/DIF (Pdo COSTA EDEA);GABINETES PARA MEDIDORES COLECTIVOS;;;CONEXTUBE;940,144.38;21;ARS;;Un;1;
66260600;GAB 6 MED MONO S/DIF (Pdo COSTA EDEA);GABINETES PARA MEDIDORES COLECTIVOS;;;CONEXTUBE;1,422,679.68;21;ARS;;Un;1;
66260800;GAB 8 MED MONO S/DIF (Pdo COSTA EDEA);GABINETES PARA MEDIDORES COLECTIVOS;;;CONEXTUBE;1,643,420.35;21;ARS;;Un;1;
66260900;GAB 9 MED MONO S/DIF (Pdo COSTA EDEA);GABINETES PARA MEDIDORES COLECTIVOS;;;CONEXTUBE;2,269,833.81;21;ARS;;Un;1;
66261200;GAB 12 MED MONO S/DIF (Pdo COSTA EDEA);GABINETES PARA MEDIDORES COLECTIVOS;;;CONEXTUBE;2,628,882.81;21;ARS;;Un;1;
66263200;GAB MED 2 TRIF S/DIF (Pdo COSTA EDEA);GABINETES PARA MEDIDORES COLECTIVOS;;;CONEXTUBE;1,656,504.84;21;ARS;;Un;1;
66266400;GAB MED 4 TRIF S/DIF (Pdo COSTA EDEA);GABINETES PARA MEDIDORES COLECTIVOS;;;CONEXTUBE;3,267,802.27;21;ARS;;Un;1;
66269155;GAB MED 1 TRIF S/DIF (Pdo COSTA EDEA);GABINETES PARA MEDIDORES COLECTIVOS;;;CONEXTUBE;793,036.14;21;ARS;;Un;1;
66269160;GAB MED 2 TRIF S/DIF (Pdo COSTA EDEA);GABINETES PARA MEDIDORES COLECTIVOS;;;CONEXTUBE;1,530,888.79;21;ARS;;Un;1;
66269162;GAB MED 4 TRIF S/DIF (Pdo COSTA EDEA);GABINETES PARA MEDIDORES COLECTIVOS;;;CONEXTUBE;3,001,104.37;21;ARS;;Un;1;
66269171;GAB 1 MONO+1TRIF S/DIF (Pdo COSTA EDEA);GABINETES PARA MEDIDORES COLECTIVOS;;;CONEXTUBE;1,132,193.42;21;ARS;;Un;1;
66319163;GAB 1 MED TRIFASICO(ALTO) *EMSA* ;GABINETES PARA MEDIDORES COLECTIVOS;;;CONEXTUBE;576,689.98;21;ARS;;Un;1;
66319164;GAB 1 MED MONOF+1MED TRIFAS*EMSA*;GABINETES PARA MEDIDORES COLECTIVOS;;;CONEXTUBE;718,073.60;21;ARS;;Un;1;
66330100;Caja p/alojar seccionador p/gab. EDESAL;ACCESORIOS -REPUESTOS VARIOS;;;CONEXTUBE;114,950.89;21;ARS;6633010000001;Un;1;
66330110;GAB 1 MED TRIF C/SUBT TM20 *EDESAL*;GABINETES PARA MEDIDORES COLECTIVOS;;;CONEXTUBE;393,137.05;21;ARS;6633011000000;Un;1;
66330120;GAB 1MONO+1TRI C/CONCENTRI-SUBT *EDESAL*;GABINETES PARA MEDIDORES COLECTIVOS;;;CONEXTUBE;727,701.39;21;ARS;;Un;1;
66330210;GAB 2 MED TRIF C/SUBT TM20  *EDESAL*;GABINETES PARA MEDIDORES COLECTIVOS;;;CONEXTUBE;664,380.41;21;ARS;;Un;1;
66330300;GAB 3 MED MONOF C/CONCENTRI *EDESAL*;GABINETES PARA MEDIDORES COLECTIVOS;;;CONEXTUBE;600,778.65;21;ARS;6633030000005;Un;1;
66330400;GAB 4 MED MONOF C/CONCENTRI *EDESAL*;GABINETES PARA MEDIDORES COLECTIVOS;;;CONEXTUBE;745,394.59;21;ARS;6633040000002;Un;1;
66330410;GAB 4 MED TRIF C/SUBT TM20 *EDESAL*;GABINETES PARA MEDIDORES COLECTIVOS;;;CONEXTUBE;1,292,720.66;21;ARS;;Un;1;
66330600;GAB 6 MED MONOF C/CONCENTRI *EDESAL*;GABINETES PARA MEDIDORES COLECTIVOS;;;CONEXTUBE;1,159,815.11;21;ARS;;Un;1;
66330800;GAB 8 MED MONOF C/CONCENTRI *EDESAL*;GABINETES PARA MEDIDORES COLECTIVOS;;;CONEXTUBE;1,455,983.58;21;ARS;6633080000000;Un;1;
66330900;GAB 9 MED MONOF C/CONCENTRI *EDESAL*;GABINETES PARA MEDIDORES COLECTIVOS;;;CONEXTUBE;1,712,144.92;21;ARS;6633090000007;Un;1;
66331200;GAB 12 MED MONOF C/CONCENTRI *EDESAL*;GABINETES PARA MEDIDORES COLECTIVOS;;;CONEXTUBE;2,178,768.39;21;ARS;6633120000007;Un;1;
66340300;GAB 3 MED MONOF *EMSA* s/prot;GABINETES PARA MEDIDORES COLECTIVOS;;;CONEXTUBE;697,660.41;21;ARS;;Un;1;
66340400;GAB 4 MED MONOF *EMSA*;GABINETES PARA MEDIDORES COLECTIVOS;;;CONEXTUBE;813,557.84;21;ARS;;Un;1;
66340600;GAB 6 MED MONOF *EMSA* ;GABINETES PARA MEDIDORES COLECTIVOS;;;CONEXTUBE;1,207,591.34;21;ARS;;Un;1;
66340800;GAB 8 MED MONOF *EMSA*;GABINETES PARA MEDIDORES COLECTIVOS;;;CONEXTUBE;1,568,171.09;21;ARS;;Un;1;
66340900;GAB 9 MED MONOF *EMSA* ;GABINETES PARA MEDIDORES COLECTIVOS;;;CONEXTUBE;2,014,339.63;21;ARS;;Un;1;
66341200;GAB 12 MED MONOF *EMSA*;GABINETES PARA MEDIDORES COLECTIVOS;;;CONEXTUBE;2,268,754.93;21;ARS;;Un;1;
66349160;GAB 3 MED TRIFASICO *EMSA*;GABINETES PARA MEDIDORES COLECTIVOS;;;CONEXTUBE;950,962.89;21;ARS;;Un;1;
66349161;GAB 1 MED MONOF *EMSA*;GABINETES PARA MEDIDORES COLECTIVOS;;;CONEXTUBE;564,582.25;21;ARS;;Un;1;
66349162;GAB 6 MED TRIFASICO *EMSA*;GABINETES PARA MEDIDORES COLECTIVOS;;;CONEXTUBE;2,042,346.63;21;ARS;;Un;1;
66349165;GAB 1 MED TRIFASICO *EMSA*;GABINETES PARA MEDIDORES COLECTIVOS;;;CONEXTUBE;239,677.77;21;ARS;;Un;1;
66349166;GAB 2 MED TRIFASICO *EMSA*;GABINETES PARA MEDIDORES COLECTIVOS;;;CONEXTUBE;800,496.83;21;ARS;;Un;1;
66349167;GAB 4 MED TRIFASICO *EMSA*;GABINETES PARA MEDIDORES COLECTIVOS;;;CONEXTUBE;1,564,896.19;21;ARS;;Un;1;
66400300;GAB 3 MED MONO C/TM S/DIF (EDES);GABINETES PARA MEDIDORES COLECTIVOS;;;CONEXTUBE;651,442.86;21;ARS;6640030000003;Un;1;
66400400;GAB 4 MED MONO C/TM S/DIF (EDES);GABINETES PARA MEDIDORES COLECTIVOS;;;CONEXTUBE;759,349.36;21;ARS;6640040000000;Un;1;
66400600;GAB 6 MED MONO C/TM S/DIF (EDES);GABINETES PARA MEDIDORES COLECTIVOS;;;CONEXTUBE;1,183,414.02;21;ARS;6640060000004;Un;1;
66400800;GAB 8 MED MONO C/TM S/DIF (EDES);GABINETES PARA MEDIDORES COLECTIVOS;;;CONEXTUBE;1,463,336.83;21;ARS;6640080000008;Un;1;
66400900;GAB 9 MED MONO C/TM S/DIF (EDES);GABINETES PARA MEDIDORES COLECTIVOS;;;CONEXTUBE;1,773,695.42;21;ARS;6640090000005;Un;1;
66401200;GAB 12 MED MONO C/TM S/DIF (EDES);GABINETES PARA MEDIDORES COLECTIVOS;;;CONEXTUBE;2,202,517.14;21;ARS;6640120000005;Un;1;
66409155;GAB MED 1 TRIF C/TM S/DIF (EDES);GABINETES PARA MEDIDORES COLECTIVOS;;;CONEXTUBE;796,265.65;21;ARS;6640915500000;Un;1;
66409160;GAB MED 2 TRIF C/TM S/DIF (EDES);GABINETES PARA MEDIDORES COLECTIVOS;;;CONEXTUBE;1,610,730.55;21;ARS;6640916000004;Un;1;
66409162;GAB MED 4 TRIF C/TM S/DIF (EDES);GABINETES PARA MEDIDORES COLECTIVOS;;;CONEXTUBE;3,178,670.76;21;ARS;6640916200008;Un;1;
66409171;GAB 1 MONO+1TRIF C/TM S/DIF (EDES);GABINETES PARA MEDIDORES COLECTIVOS;;;CONEXTUBE;1,146,189.80;21;ARS;6640917100000;Un;1;
66410300;GAB 3 MED MONO C/TM S/DIF (COOPTL);GABINETES PARA MEDIDORES COLECTIVOS;;;CONEXTUBE;651,442.86;21;ARS;6641030000000;Un;1;
66410400;GAB 4 MED MONO C/TM S/DIF (COOPTL);GABINETES PARA MEDIDORES COLECTIVOS;;;CONEXTUBE;785,496.41;21;ARS;6641040000007;Un;1;
66410600;GAB 6 MED MONO C/TM S/DIF (COOPTL);GABINETES PARA MEDIDORES COLECTIVOS;;;CONEXTUBE;1,183,414.02;21;ARS;6641060000001;Un;1;
66410800;GAB 8 MED MONO C/TM S/DIF (COOPTL);GABINETES PARA MEDIDORES COLECTIVOS;;;CONEXTUBE;1,463,336.83;21;ARS;6641080000005;Un;1;
66410900;GAB 9 MED MONO C/TM S/DIF (COOPTL);GABINETES PARA MEDIDORES COLECTIVOS;;;CONEXTUBE;1,773,695.42;21;ARS;6641090000002;Un;1;
66411200;GAB 12 MED MONO C/TM S/DIF (COOPTL);GABINETES PARA MEDIDORES COLECTIVOS;;;CONEXTUBE;2,202,517.14;21;ARS;6641120000002;Un;1;
66419155;GAB MED 1 TRIF C/TM S/DIF (COOPTL);GABINETES PARA MEDIDORES COLECTIVOS;;;CONEXTUBE;505,867.89;21;ARS;6641915500007;Un;1;
66419160;GAB MED 2 TRIF C/TM S/DIF (COOPTL);GABINETES PARA MEDIDORES COLECTIVOS;;;CONEXTUBE;1,152,891.67;21;ARS;6641916000001;Un;1;
66419162;GAB MED 4 TRIF C/TM S/DIF (COOPTL);GABINETES PARA MEDIDORES COLECTIVOS;;;CONEXTUBE;2,288,061.31;21;ARS;6641916200005;Un;1;
66419171;GAB 1 MONO+1TRIF C/TM S/DIF (COOPTL);GABINETES PARA MEDIDORES COLECTIVOS;;;CONEXTUBE;1,146,189.80;21;ARS;6641917100007;Un;1;
66630332;GAB 3 MED MONO TM25+DIF40 P/2 (EDENOR);GABINETES PARA MEDIDORES COLECTIVOS;;;CONEXTUBE;758,033.51;21;ARS;6663033200003;Un;1;
67009006;GABINETE MEDICION PROVISORIA MONOFASICA;GABINETES PROVISORIOS E ISLAS;;;CONEXTUBE;182,057.53;21;ARS;;Un;1;
67009009;GABINETE MEDICION PROVISORIA TRIFASICO;GABINETES PROVISORIOS E ISLAS;;;CONEXTUBE;231,501.02;21;ARS;;Un;1;
67009012;GAB. MONO PROV CEVT SIN TM/DF ;GABINETES PROVISORIOS E ISLAS;;;CONEXTUBE;125,443.73;21;ARS;6700901200007;Un;1;
67009013;GAB. TRIF PROV CEVT SIN TM/DF CABLEADO;GABINETES PROVISORIOS E ISLAS;;;CONEXTUBE;369,857.23;21;ARS;6700901300004;Un;1;
67009014;GAB MED PROV TRIF C/P ZUNCHO CJAS INVERT;GABINETES PROVISORIOS E ISLAS;;;CONEXTUBE;327,019.06;21;ARS;6700901400001;Un;1;
67009015;GAB MED.C/P ZUNCHO - COOP SALADILLO;GABINETES PROVISORIOS E ISLAS;;;CONEXTUBE;161,688.48;21;ARS;;Un;1;
67009016;GAB MED.PROV C/TOMA Y P ZUNCHO-CALF;GABINETES PROVISORIOS E ISLAS;;;CONEXTUBE;573,693.65;21;ARS;;Un;1;
67009017;GAB MED.PROV C/ P ZUNCHO-CALF;GABINETES PROVISORIOS E ISLAS;;;CONEXTUBE;491,478.95;21;ARS;;Un;1;
67009018;GAB MED.PROV  C/ P ZUNCHO-CALF;GABINETES PROVISORIOS E ISLAS;;;CONEXTUBE;538,779.75;21;ARS;;Un;1;
67009019;GAB MED.PROV MONO C/TOMA Y P ZUNCHO-CALF;GABINETES PROVISORIOS E ISLAS;;;CONEXTUBE;361,848.34;21;ARS;;Un;1;
67009020;GAB MED.PROV MONO  C/ P ZUNCHO-CALF;GABINETES PROVISORIOS E ISLAS;;;CONEXTUBE;447,495.31;21;ARS;;Un;1;
67010300;GAB 3 MED MONO C/TM S/DIF (EDENOR);GABINETES PARA MEDIDORES COLECTIVOS;;;CONEXTUBE;833,855.03;21;ARS;;Un;1;
67010400;GAB 4 MED MONO C/TM S/DIF (EDENOR);GABINETES PARA MEDIDORES COLECTIVOS;;;CONEXTUBE;959,996.36;21;ARS;;Un;1;
67010600;GAB 6 MED MONO C/TM S/DIF (EDENOR);GABINETES PARA MEDIDORES COLECTIVOS;;;CONEXTUBE;1,563,430.51;21;ARS;;Un;1;
67010800;GAB 8 MED MONO C/TM S/DIF (EDENOR);GABINETES PARA MEDIDORES COLECTIVOS;;;CONEXTUBE;1,881,800.16;21;ARS;;Un;1;
67010900;GAB 9 MED MONO C/TM S/DIF (EDENOR);GABINETES PARA MEDIDORES COLECTIVOS;;;CONEXTUBE;2,245,898.64;21;ARS;;Un;1;
67011200;GAB 12 MED MONO C/TM S/DIF (EDENOR);GABINETES PARA MEDIDORES COLECTIVOS;;;CONEXTUBE;2,749,333.19;21;ARS;;Un;1;
67013200;GAB 2 MED TRID  C/TM S/DIF (EDENOR);GABINETES PARA MEDIDORES COLECTIVOS;;;CONEXTUBE;885,023.65;21;ARS;;Un;1;
67013222;GAB.2TRIF T2 22KWTM4X40A CAB16 MM EDENOR;GABINETES PARA MEDIDORES COLECTIVOS;;;CONEXTUBE;1,185,286.72;21;ARS;;Un;1;
67013229;GAB.2TRIF T2 29KWTM4X63A CAB16 MM EDENOR;GABINETES PARA MEDIDORES COLECTIVOS;;;CONEXTUBE;1,197,702.50;21;ARS;;Un;1;
67013413;GAB.4TRIF T2 13KWTM4X25A CAB16 MM EDENOR;GABINETES PARA MEDIDORES COLECTIVOS;;;CONEXTUBE;2,066,278.12;21;ARS;;Un;1;
67013422;GAB.4TRIF T2 22KWTM4X40A CAB16 MM EDENOR;GABINETES PARA MEDIDORES COLECTIVOS;;;CONEXTUBE;2,066,278.12;21;ARS;;Un;1;
67013425;GAB.4TRIF T2 25KWTM4X50A CAB16 MM EDENOR;GABINETES PARA MEDIDORES COLECTIVOS;;;CONEXTUBE;2,083,922.66;21;ARS;;Un;1;
67013429;GAB.4TRIF T2 29KWTM4X63A CAB16 MM EDENOR;GABINETES PARA MEDIDORES COLECTIVOS;;;CONEXTUBE;2,083,922.66;21;ARS;;Un;1;
67019122;GAB.1TRIF T2 22KWTM4X40A CAB16 MM EDENOR;GABINETES PARA MEDIDORES COLECTIVOS;;;CONEXTUBE;988,498.45;21;ARS;;Un;1;
67019155;GAB 1 MED TRIF C/TM S/ DIF (EDENOR);GABINETES PARA MEDIDORES COLECTIVOS;;;CONEXTUBE;577,991.10;21;ARS;;Un;1;
67019162;GAB 4 MED TRIF C/TM S/DIF (EDENOR);GABINETES PARA MEDIDORES COLECTIVOS;;;CONEXTUBE;1,724,808.65;21;ARS;;Un;1;
67019171;GAB 1 MED MONO+1TRIF C/TM S/DIF (EDENOR);GABINETES PARA MEDIDORES COLECTIVOS;;;CONEXTUBE;876,503.17;21;ARS;;Un;1;
67029006;GABINETE MED PROVISORIA MONO (EDESUR);GABINETES PROVISORIOS E ISLAS;;;CONEXTUBE;226,488.13;21;ARS;6702900600000;Un;1;
67030300;GAB 3 MED MONO C/TM Y DIF (EDENOR);GABINETES PARA MEDIDORES COLECTIVOS;;;CONEXTUBE;944,651.88;21;ARS;;Un;1;
67030400;GAB 4 MED MONO C/TM Y DIF (EDENOR);GABINETES PARA MEDIDORES COLECTIVOS;;;CONEXTUBE;1,136,399.74;21;ARS;;Un;1;
67030600;GAB 6 MED MONO C/TM Y DIF (EDENOR);GABINETES PARA MEDIDORES COLECTIVOS;;;CONEXTUBE;1,816,463.44;21;ARS;;Un;1;
67030800;GAB 8 MED MONO C/TM Y DIF (EDENOR);GABINETES PARA MEDIDORES COLECTIVOS;;;CONEXTUBE;2,172,844.20;21;ARS;;Un;1;
67030900;GAB 9 MED MONO C/TM Y DIF (EDENOR);GABINETES PARA MEDIDORES COLECTIVOS;;;CONEXTUBE;2,495,659.47;21;ARS;;Un;1;
67031200;GAB 12 MED MONO C/TM Y DIF (EDENOR);GABINETES PARA MEDIDORES COLECTIVOS;;;CONEXTUBE;3,243,379.07;21;ARS;;Un;1;
67039129;1 TRI TM 63A  ID63A 16MM T2 29KW;GABINETES PARA MEDIDORES COLECTIVOS;;;CONEXTUBE;1,178,092.45;21;ARS;;Un;1;
67039155;GAB 1 MED TRIF C/TM Y DIF (EDENOR);GABINETES PARA MEDIDORES COLECTIVOS;;;CONEXTUBE;654,468.00;21;ARS;;Un;1;
67039160;GAB 2 MED TRIF C/TM Y DIF (EDENOR);GABINETES PARA MEDIDORES COLECTIVOS;;;CONEXTUBE;1,014,662.18;21;ARS;;Un;1;
67039162;GAB 4 MED TRIF C/TM Y DIF (EDENOR);GABINETES PARA MEDIDORES COLECTIVOS;;;CONEXTUBE;2,005,738.22;21;ARS;;Un;1;
67039171;GAB 1MED MONO+1TRIF C/TM Y DIF (EDENOR);GABINETES PARA MEDIDORES COLECTIVOS;;;CONEXTUBE;971,899.01;21;ARS;;Un;1;
68000007;KIT PARA MONOF/TRIFAS.;SEMIELABORADOS;;;CONEXTUBE;2,256.00;21;ARS;;Un;1;
68000014;CONJUNTO ZUNCHADO A POSTE CONEXTAB;ACCESORIOS -REPUESTOS VARIOS;;;CONEXTUBE;5,781.93;21;ARS;0680000140007;Un;10;
68000015;CONJUNTO ZUNCHADO A POSTE CONEXDIN;ACCESORIOS -REPUESTOS VARIOS;;;CONEXTUBE;3,047.33;21;ARS;0680000150004;Un;50;
68000023;KIT P/CAJA MED MON C/R EMP EDESUR;SEMIELABORADOS;;;CONEXTUBE;3,396.24;21;ARS;;Un;1;
68000062;KIT CAJA TOMA 60 AMP. EDENOR;SEMIELABORADOS;;;CONEXTUBE;5,110.06;21;ARS;;Un;1;
68000089;KIT 1 TAPA CIEGA CONEXDIN CX;SEMIELABORADOS;;;CONEXTUBE;3,692.43;21;ARS;;Un;1;
68001450;BORNERA P/ NEUTRO 10 POSICIONES;ACCESORIOS -REPUESTOS VARIOS;;;CONEXTUBE;12,412.14;21;ARS;6800145000002;Un;1;
68005135;REGLETA TRIFASICA;MATERIA PRIMA;;;CONEXTUBE;86,685.64;21;ARS;;Un;1;
68008030;SOPORTE MET. P/ZUNCHAR A POSTE;ACCESORIOS -REPUESTOS VARIOS;;;CONEXTUBE;8,401.97;21;ARS;6800803000009;Un;1;
68009002;CJTO. BORNERA SOCKET BIMETALICA ;ACCESORIOS -REPUESTOS VARIOS;;;CONEXTUBE;22,429.75;21;ARS;6800900200005;Un;1;
68009010;PLACA CENTRADORA PARA BASE SOCKET;ACCESORIOS -REPUESTOS VARIOS;;;CONEXTUBE;1,308.56;21;ARS;6800901000000;Un;1;
68009012;CJTO. BORNERA SOCKET BIMETALICA C/CENTR.;ACCESORIOS -REPUESTOS VARIOS;;;CONEXTUBE;23,645.47;21;ARS;6800901200004;Un;1;
68009037;KIT CJTO. RESET TRIFASICO APTO TM MOLLER;ACCESORIOS -REPUESTOS VARIOS;;;CONEXTUBE;6,098.05;21;ARS;6800903700007;Un;1;
68009072;SECCIONADOR NH T00 160A UNIPOLAR;BASES E INTERCEPTORES;;;CONEXTUBE;32,524.89;21;ARS;;Un;4;
68009074;SECCIONADOR NH T00 160A TETRAP AP UNIP.;BASES E INTERCEPTORES;;;CONEXTUBE;130,099.57;21;ARS;;Un;1;
68009075;BASES T00 ;BASES E INTERCEPTORES;;;CONEXTUBE;14,445.00;21;ARS;;Un;12;
68009076;BASES T1;BASES E INTERCEPTORES;;;CONEXTUBE;77,842.50;21;ARS;;Un;12;
68009077;BASES T3;BASES E INTERCEPTORES;;;CONEXTUBE;100,152.00;21;ARS;;Un;6;
68009078;INTERCEPTOR TRIPOLAR BORNE CORTE;BASES E INTERCEPTORES;;;CONEXTUBE;74,560.47;21;ARS;;Un;1;
68009079;INTERCEPTOR TRIPOLAR BORNE LARGO;BASES E INTERCEPTORES;;;CONEXTUBE;88,674.79;21;ARS;;Un;1;
68009080;SECCIONADOR NH T00 160A TRIP AP UNIPOLAR;BASES E INTERCEPTORES;;;CONEXTUBE;102,456.47;21;ARS;;Un;1;
68009181;BASE VERT NH3 630A TRIP ;BASES E INTERCEPTORES;;;CONEXTUBE;563.93;21;USD;;Un;1;
68009191;SECC VERT NH3 630A TRIP AP UNIP.;BASES E INTERCEPTORES;;;CONEXTUBE;782.28;21;USD;;Un;1;
68009193;SECC VERT NH00 160A TRIP AP UNIP.;BASES E INTERCEPTORES;;;CONEXTUBE;365.88;21;USD;;Un;1;
68009194;SECC VERT NH3 630A TRIP AP TRIPOLAR.;BASES E INTERCEPTORES;;;CONEXTUBE;781.60;21;USD;;Un;1;
68009196;SECC VERT NH00 160A TRIP AP TRIPOLAR;BASES E INTERCEPTORES;;;CONEXTUBE;365.88;21;USD;;Un;1;
68120092;TAPA BORNERA SEGURIDAD E.T.: DV-M-575928;ACCESORIOS -REPUESTOS VARIOS;;;CONEXTUBE;1,302.74;21;ARS;6812009200008;Un;1;
68120109;TAPA BORNERA P/TOR SEG. E.T: DV-M-575933;ACCESORIOS -REPUESTOS VARIOS;;;CONEXTUBE;536.26;21;ARS;6812010900003;Un;1;
68120151;SOPORTE SUJECION P/MED ELECTRONICOS;ACCESORIOS -REPUESTOS VARIOS;;;CONEXTUBE;13,484.47;21;ARS;6812015100002;Un;1;
68199858;CERRADURA C/FALLEBA T3 EDESUR;ACCESORIOS -REPUESTOS VARIOS;;;CONEXTUBE;12,986.40;21;ARS;6819985800000;Un;1;
68199862;CERRADURA AGP COMPLETA EDESUR - S/F;ACCESORIOS -REPUESTOS VARIOS;;;CONEXTUBE;8,515.82;21;ARS;6819986200007;Un;1;
68210032;TAPA MED. ELECTR C/R TRANS ELSTER- RPTO;ACCESORIOS -REPUESTOS VARIOS;;;CONEXTUBE;23,282.93;21;ARS;6821003200006;Un;1;
68259005;TAPA P/MED CIRC SENECA S/R PC - REPUESTO;ACCESORIOS -REPUESTOS VARIOS;;;CONEXTUBE;30,958.33;21;ARS;6825900500009;Un;1;
68445010;SEPARADOR DE FASE PARA COLUMNAS;SEMIELABORADOS;;;CONEXTUBE;3,314.47;21;ARS;;Un;1;
68445021;SEPARADOR DE FASES BNH T1;SEMIELABORADOS;;;CONEXTUBE;3,352.50;21;ARS;;Un;1;
68445022;SEPARADOR DE FASES BNH T3;SEMIELABORADOS;;;CONEXTUBE;6,831.61;21;ARS;;Un;1;
68445023;SEPARADOR DE FASES PARA BASE NH T00;SEMIELABORADOS;;;CONEXTUBE;1,301.36;21;ARS;;Un;1;
69000045;TAPA REPUESTO P/TAB PILAR IP 65- 5 P DIN;ACCESORIOS -REPUESTOS VARIOS;;;CONEXTUBE;11,324.15;21;ARS;0690000450008;Un;1;
69004242;TAPA REPUESTO 4242 = ENT/SAL 250 EDENOR;ACCESORIOS -REPUESTOS VARIOS;;;CONEXTUBE;91,453.81;21;ARS;6900424200007;Un;1;
69005242;TAPA REPUESTO 5242 = ENT/SAL 250 EDENOR;ACCESORIOS -REPUESTOS VARIOS;;;CONEXTUBE;127,246.70;21;ARS;6900524200006;Un;1;
69006452;TAPA REP 6452MED T3 20288 EDENOR ;ACCESORIOS -REPUESTOS VARIOS;;;CONEXTUBE;175,254.55;21;ARS;6900645200008;Un;1;
69008003;TAPA REPUESTO 60A  (EDEMSA);CAJAS DE TOMA PRIMARIA;;;CONEXTUBE;19,396.45;21;ARS;;Un;1;
69008004;TAPA REPUESTO  200A  EDEMSA;CAJAS DE TOMA PRIMARIA;;;CONEXTUBE;107,146.71;21;ARS;;Un;1;
69008006;TAPA REPUESTO PARA  125A (EDEMSA);CAJAS DE TOMA PRIMARIA;;;CONEXTUBE;95,138.30;21;ARS;;Un;1;
69008521;TAPA REPUESTO GAB ARGENPOL AGP4232 TO 3P;ACCESORIOS -REPUESTOS VARIOS;;;CONEXTUBE;84,093.27;21;ARS;6900852100009;Un;1;
69008701;TAPA REPUESTO GAB AIS AGP MAX 4232 TO 1P;ACCESORIOS -REPUESTOS VARIOS;;;CONEXTUBE;66,242.93;21;ARS;6900870100005;Un;1;
69008702;TAPA REPUESTO GAB AIS AGP MAX 4242 TO 1P;ACCESORIOS -REPUESTOS VARIOS;;;CONEXTUBE;82,214.15;21;ARS;6900870200002;Un;1;
69009010;TAPA REPUE/C T500  E/S C/6B NH T3 EDENOR;ACCESORIOS -REPUESTOS VARIOS;;;CONEXTUBE;188,083.10;21;ARS;6900901000007;Un;1;
69009012;TAPA REPUESTO CAJA MONO EDESUR C/R;ACCESORIOS -REPUESTOS VARIOS;;;CONEXTUBE;17,100.73;21;ARS;6900901200001;Un;1;
69009022;TAPA REPUESTO CAJA MONO EDENOR C/R;ACCESORIOS -REPUESTOS VARIOS;;;CONEXTUBE;16,142.59;21;ARS;6900902200000;Un;1;
69009027;TAPA REPUESTO P/CAJA 64029027 TRIFASICA;ACCESORIOS -REPUESTOS VARIOS;;;CONEXTUBE;22,661.76;21;ARS;6900902700005;Un;1;
69009028;TAPA REP 7035 LISA P.TOMA 60A NH B LARGO;ACCESORIOS -REPUESTOS VARIOS;;;CONEXTUBE;13,487.95;21;ARS;6900902800002;Un;1;
69009037;TAPA REPUESTO P/CAJA 64009037 TRIFASICA;ACCESORIOS -REPUESTOS VARIOS;;;CONEXTUBE;15,808.17;21;ARS;6900903700004;Un;1;
69009635;TAPA REP.GAB. AGP 6452 TO3P C/P.I.T. ;ACCESORIOS -REPUESTOS VARIOS;;;CONEXTUBE;158,540.81;21;ARS;6900963500002;Un;1;
69014242;TAPA REPUES 4242=T200-T400 EDENOR GREMIO;ACCESORIOS -REPUESTOS VARIOS;;;CONEXTUBE;116,578.28;21;ARS;6901424200004;Un;1;
69015242;TA REP5242=E/S250-60KW-MET2-TRAFT3EDESUR;ACCESORIOS -REPUESTOS VARIOS;;;CONEXTUBE;120,133.37;21;ARS;6901524200003;Un;1;
69016452;TAPA REPUESTO 6452=TOMA T3 EDENOR ;ACCESORIOS -REPUESTOS VARIOS;;;CONEXTUBE;194,925.65;21;ARS;6901645200005;Un;1;
69016453;TAPA REP CAJA COUNTRY  500A  - EDEMSA ;ACCESORIOS -REPUESTOS VARIOS;;;CONEXTUBE;152,621.73;21;ARS;6901645300002;Un;1;
69016454;CONTRATAPA REP C. COUNTRY  500A  EDEMSA ;ACCESORIOS -REPUESTOS VARIOS;;;CONEXTUBE;115,633.41;21;ARS;6901645400009;Un;1;
69016455;KIT SECC REEMPLAZO COUNTRY 500A - EDEA;ACCESORIOS -REPUESTOS VARIOS;;;CONEXTUBE;188,343.21;21;ARS;6901645500006;Un;1;
69016457;TAPA REP CAJA COUNTRY  250A  - EDEMSA ;ACCESORIOS -REPUESTOS VARIOS;;;CONEXTUBE;85,753.53;21;ARS;6901645700000;Un;1;
69016458;CONTRATAPA REP C. COUNTRY  250A  EDEMSA ;ACCESORIOS -REPUESTOS VARIOS;;;CONEXTUBE;60,861.49;21;ARS;6901645800007;Un;1;
69019010;INT GABINETE T500 TARIFA3 EDENOR;ACCESORIOS -REPUESTOS VARIOS;;;CONEXTUBE;737,047.88;21;ARS;6901901000004;Un;1;
69019028;TAPA REP CAJA T60A EDENOR N.IMA BNE LARG;ACCESORIOS -REPUESTOS VARIOS;;;CONEXTUBE;15,665.28;21;ARS;6901902800009;Un;1;
69019031;TAPA Y CONTRATAPA MED T.3 C/LOGO EDENOR;ACCESORIOS -REPUESTOS VARIOS;;;CONEXTUBE;260,826.27;21;ARS;6901903100009;Un;1;
69019032;INT GABINETE T400 T3 EDENOR (63019032);ACCESORIOS -REPUESTOS VARIOS;;;CONEXTUBE;888,784.56;21;ARS;6901903200006;Un;1;
69024242;TAPA REPUESTO 4242 = TOMA T200 EDESUR;ACCESORIOS -REPUESTOS VARIOS;;;CONEXTUBE;111,656.88;21;ARS;6902424200001;Un;1;
69025242;TAPA REPUESTO 5242 = T/IND-MED T2 EDESUR;ACCESORIOS -REPUESTOS VARIOS;;;CONEXTUBE;134,944.26;21;ARS;6902524200000;Un;1;
69026452;TAPA REPUESTO 6452 = TOMA T3/T500 EDESUR;ACCESORIOS -REPUESTOS VARIOS;;;CONEXTUBE;171,591.29;21;ARS;6902645200002;Un;1;
69029033;INT GABINETE TRAF TARIFA3  DEEC15 EDESUR;ACCESORIOS -REPUESTOS VARIOS;;;CONEXTUBE;786,899.56;21;ARS;6902903300000;Un;1;
69029035;INTERIOR GAB. TRAFO 750 AMP (63029035);ACCESORIOS -REPUESTOS VARIOS;;;CONEXTUBE;474,571.77;21;ARS;6902903500004;Un;1;
69035242;TAPA REP 5242 E/S250 S/LOGO;ACCESORIOS -REPUESTOS VARIOS;;;CONEXTUBE;148,431.97;21;ARS;6903524200007;Un;1;
69036452;TAPA REPUESTO 6452 = MEDICION T3 EDESUR;ACCESORIOS -REPUESTOS VARIOS;;;CONEXTUBE;172,821.47;21;ARS;;Un;1;
69045242;TAPA REPUESTO AGP5242 3P OPACA PFISTERER;ACCESORIOS -REPUESTOS VARIOS;;;CONEXTUBE;120,144.93;21;ARS;;Un;1;
69046452;CONTRAT REPUESTO 6452=MEDICION T3 EDENOR;ACCESORIOS -REPUESTOS VARIOS;;;CONEXTUBE;113,431.21;21;ARS;6904645200006;Un;1;
69054229;TAPA REPUESTO  4242 TOMA 500A EDESE;ACCESORIOS -REPUESTOS VARIOS;;;CONEXTUBE;74,576.97;21;ARS;;Un;1;
69054232;TAPA REPUESTO AGP 4232 3P TRANSPARENTE;ACCESORIOS -REPUESTOS VARIOS;;;CONEXTUBE;83,842.70;21;ARS;6905423200003;Un;1;
69054242;TAPA REPUESTO AGP 4242 3P TRANSPARENTE;ACCESORIOS -REPUESTOS VARIOS;;;CONEXTUBE;93,243.91;21;ARS;6905424200002;Un;1;
69055242;TAPA REPUESTO AGP 5242 3P TRANSPARENTE;ACCESORIOS -REPUESTOS VARIOS;;;CONEXTUBE;127,842.40;21;ARS;6905524200001;Un;1;
69056452;TAPA REPUESTO AGP 6452 3P TRANSPARENTE;ACCESORIOS -REPUESTOS VARIOS;;;CONEXTUBE;169,544.79;21;ARS;6905645200003;Un;1;
69059029;TAPA REPUESTO TOMA 500A EDESE;ACCESORIOS -REPUESTOS VARIOS;;;CONEXTUBE;119,874.82;21;ARS;;Un;1;
69063227;TAPA REPUESTO AGP 3227 1P OPACA;ACCESORIOS -REPUESTOS VARIOS;;;CONEXTUBE;50,080.78;21;ARS;6906322700007;Un;1;
69064232;TAPA REPUESTO AGP 4232 3P OPACA;ACCESORIOS -REPUESTOS VARIOS;;;CONEXTUBE;78,228.27;21;ARS;6906423200000;Un;1;
69064242;TAPA REPUESTO AGP 4242 3P OPACA;ACCESORIOS -REPUESTOS VARIOS;;;CONEXTUBE;96,230.83;21;ARS;6906424200009;Un;1;
69065242;TAPA REPUESTO AGP 5242 3P OPACA;ACCESORIOS -REPUESTOS VARIOS;;;CONEXTUBE;127,380.30;21;ARS;6906524200008;Un;1;
69066452;TAPA REPUESTO AGP 6452 3P OPACA;ACCESORIOS -REPUESTOS VARIOS;;;CONEXTUBE;177,418.58;21;ARS;6906645200000;Un;1;
69079029;INTERIOR GABINETE T500 EPEC (62079029);ACCESORIOS -REPUESTOS VARIOS;;;CONEXTUBE;1,373,827.58;21;ARS;6907902900008;Un;1;
69079061;TAPA REP E/S CTC500EC C/6BNH OOB.SE EPEC;ACCESORIOS -REPUESTOS VARIOS;;;CONEXTUBE;151,922.63;21;ARS;6907906100008;Un;1;
69079073;TAPA REPUESTO C/AIS DE TOMA 200 A. EPEC;ACCESORIOS -REPUESTOS VARIOS;;;CONEXTUBE;89,449.43;21;ARS;6907907300001;Un;1;
69095242;TAPA REPUESTO 5242 = T/IND-MED T2 S/L;ACCESORIOS -REPUESTOS VARIOS;;;CONEXTUBE;130,220.96;21;ARS;6909524200009;Un;1;
69099010;TAPA REP CAJA TOMA 500 A E/S C/ 6 BNH T3;ACCESORIOS -REPUESTOS VARIOS;;;CONEXTUBE;167,151.84;21;ARS;6909901000000;Un;1;
69099018;TAPA REPUESTO T60 AMP. GREMIO;ACCESORIOS -REPUESTOS VARIOS;;;CONEXTUBE;8,575.63;21;ARS;6909901800006;Un;1;
69099031;TAPA REPUESTO GAB MEDICION T.3 SIN LOGO ;ACCESORIOS -REPUESTOS VARIOS;;;CONEXTUBE;152,749.94;21;ARS;6909903100005;Un;1;
69099032;TAPA REPUESTO GAB TOMA T.3 SIN LOGO;ACCESORIOS -REPUESTOS VARIOS;;;CONEXTUBE;166,586.41;21;ARS;;Un;1;
69099045;TAPA REPUESTO CAJA-TOMA 200A EDELAP;ACCESORIOS -REPUESTOS VARIOS;;;CONEXTUBE;95,263.00;21;ARS;6909904500002;Un;1;
69099058;TAPA REP C. ENT/SAL 500 A. C/DERIV A CLI;ACCESORIOS -REPUESTOS VARIOS;;;CONEXTUBE;156,792.80;21;ARS;6909905800002;Un;1;
69099631;TAPA REP (5242) GAB MED T3 C/VISOR EDESE;ACCESORIOS -REPUESTOS VARIOS;;;CONEXTUBE;362,530.05;21;ARS;6909963100007;Un;1;
69099732;TAPA REP (5242) GAB TOMO T2/ T3  EDESE;ACCESORIOS -REPUESTOS VARIOS;;;CONEXTUBE;84,576.58;21;ARS;;Un;1;
69119068;Tapa 3627 transp repuesto p/isla trifas;ACCESORIOS -REPUESTOS VARIOS;;;CONEXTUBE;33,617.46;21;ARS;;Un;1;
69129007;PUENTE REPUESTO T60 EDESUR COMPLETO;ACCESORIOS -REPUESTOS VARIOS;;;CONEXTUBE;4,614.30;21;ARS;6912900700000;Un;1;
69129008;TAPA REPUESTO T60 EDESUR;ACCESORIOS -REPUESTOS VARIOS;;;CONEXTUBE;20,989.76;21;ARS;6912900800007;Un;1;
69400003;REPUESTO BARRA PAT COLUMNA 6 MONOFASICOS;ACCESORIOS -REPUESTOS VARIOS;;;CONEXTUBE;52,315.98;21;ARS;6940000300004;Un;1;
69400600;REPUESTO COLUMNA 66030600 CAJAS INF;ACCESORIOS -REPUESTOS VARIOS;;;CONEXTUBE;523,160.16;21;ARS;;Un;1;
69400800;REPUESTO COLUM 66030800/66010800 CAJ INF;ACCESORIOS -REPUESTOS VARIOS;;;CONEXTUBE;611,936.63;21;ARS;;Un;1;
69400900;REPUESTO INTERIOR CAJA 2727 COLUMNAS;ACCESORIOS -REPUESTOS VARIOS;;;CONEXTUBE;13,085.99;21;ARS;6940090000006;Un;1;
69400901;REPUESTO CAJA 2727 COLUMNAS;ACCESORIOS -REPUESTOS VARIOS;;;CONEXTUBE;109,870.45;21;ARS;6940090100003;Un;1;
69400902;REPUESTO COLUMNA 66010900 CAJAS INF;ACCESORIOS -REPUESTOS VARIOS;;;CONEXTUBE;679,725.86;21;ARS;6940090200000;Un;1;
69400910;REPUESTO INTERIOR C/TOMA COLUMNA 9 MONO;ACCESORIOS -REPUESTOS VARIOS;;;CONEXTUBE;437,251.24;21;ARS;6940091000005;Un;1;
69400920;REP INTERIOR CAJA SUP COLUNMA 12 MED;ACCESORIOS -REPUESTOS VARIOS;;;CONEXTUBE;109,375.22;21;ARS;6940092000004;Un;1;
69402301;REPUESTO COLUMNA 660399160 CAJAS INF;ACCESORIOS -REPUESTOS VARIOS;;;CONEXTUBE;428,560.36;21;ARS;6940230100009;Un;1;
69403200;REPUESTO COLUMNA 66013200 CAJAS INF;ACCESORIOS -REPUESTOS VARIOS;;;CONEXTUBE;433,014.90;21;ARS;6940320000004;Un;1;
69403201;REPUESTO COLUMNA CAJA-TAPA 2727 SUP;ACCESORIOS -REPUESTOS VARIOS;;;CONEXTUBE;104,460.01;21;ARS;6940320100001;Un;1;
69403225;REPUESTO COLUMNA 66013225 CAJAS INF;ACCESORIOS -REPUESTOS VARIOS;;;CONEXTUBE;376,843.43;21;ARS;6940322500007;Un;1;
69403401;REPUESTO COLUMNA 66013400 C SUP SIN TM;ACCESORIOS -REPUESTOS VARIOS;;;CONEXTUBE;182,956.20;21;ARS;6940340100005;Un;1;
69409162;REPUESTO COLUMNA 66019162 CAJAS INF;ACCESORIOS -REPUESTOS VARIOS;;;CONEXTUBE;823,872.60;21;ARS;6940916200009;Un;1;
69411201;REPUESTO COLUMNA 66029071 CAJA INF;ACCESORIOS -REPUESTOS VARIOS;;;CONEXTUBE;263,603.32;21;ARS;6941120100000;Un;1;
80010000;CAÑO MET. FLEXIBLE TIPO RE NEGRO 1/2;TUBOS METALICOS ;;;CONEXTUBE;2,583.91;21;ARS;0800100000009;Un;25;
80010010;CAÑO MET. FLEXIBLE TIPO RE NEGRO 5/8;TUBOS METALICOS ;;;CONEXTUBE;3,102.38;21;ARS;0800100100008;Un;25;
80010020;CAÑO MET. FLEXIBLE TIPO RE NEGRO 3/4;TUBOS METALICOS ;;;CONEXTUBE;3,536.61;21;ARS;0800100200007;Un;25;
80010030;CAÑO MET. FLEXIBLE TIPO RE NEGRO 7/8;TUBOS METALICOS ;;;CONEXTUBE;4,385.53;21;ARS;0800100300006;Un;25;
80010040;CAÑO MET. FLEXIBLE TIPO RE NEGRO 1;TUBOS METALICOS ;;;CONEXTUBE;5,638.06;21;ARS;0800100400005;Un;25;
80010050;CAÑO MET. FLEXIBLE TIPO RE NEGRO 1 1/4;TUBOS METALICOS ;;;CONEXTUBE;8,087.34;21;ARS;0800100500004;Un;25;
80010060;CAÑO MET. FLEXIBLE TIPO RE NEGRO 1 1/2;TUBOS METALICOS ;;;CONEXTUBE;10,712.19;21;ARS;0800100600003;Un;25;
80010070;CAÑO MET. FLEXIBLE TIPO RE NEGRO 2;TUBOS METALICOS ;;;CONEXTUBE;14,602.57;21;ARS;0800100700002;Un;25;
80021000;CAÑO FLEXIBLE CONEXFLEX 3/8;TUBOS METALICOS ;;;CONEXTUBE;5,455.39;21;ARS;0800210000005;Un;25;
80021010;CAÑO FLEXIBLE CONEXFLEX 1/2;TUBOS METALICOS ;;;CONEXTUBE;6,846.79;21;ARS;0800210100004;Un;25;
80021020;CAÑO FLEXIBLE CONEXFLEX 3/4;TUBOS METALICOS ;;;CONEXTUBE;8,784.88;21;ARS;0800210200003;Un;25;
80021030;CAÑO FLEXIBLE CONEXFLEX  1;TUBOS METALICOS ;;;CONEXTUBE;11,967.07;21;ARS;0800210300002;Un;25;
80021040;CAÑO FLEXIBLE CONEXFLEX 1¼;TUBOS METALICOS ;;;CONEXTUBE;22,662.08;21;ARS;0800210400001;Un;25;
80021050;CAÑO FLEXIBLE CONEXFLEX  1½;TUBOS METALICOS ;;;CONEXTUBE;24,954.25;21;ARS;0800210500000;Un;25;
80021060;CAÑO FLEXIBLE CONEXFLEX  2'';TUBOS METALICOS ;;;CONEXTUBE;33,771.54;21;ARS;0800210600009;Un;20;
80021100;BOBINA CAÑO CONEXFLEX Ø 3/8'';TUBOS METALICOS ;;;CONEXTUBE;6,010.92;21;ARS;0080021100002;Un;300;
80021110;BOBINA CAÑO CONEXFLEX Ø 1/2'';TUBOS METALICOS ;;;CONEXTUBE;7,413.18;21;ARS;0080021110001;Un;300;
80021120;BOBINA CAÑO CONEXFLEX Ø 3/4'';TUBOS METALICOS ;;;CONEXTUBE;9,621.95;21;ARS;0080021120000;Un;200;
80021130;BOBINA CAÑO CONEXFLEX Ø 1'';TUBOS METALICOS ;;;CONEXTUBE;12,755.27;21;ARS;0080021130009;Un;200;
80021140;BOBINA CAÑO CONEXFLEX Ø 1 1/4'';TUBOS METALICOS ;;;CONEXTUBE;22,799.61;21;ARS;0080021140008;Un;100;
80021150;BOBINA CAÑO CONEXFLEX Ø 1 1/2'';TUBOS METALICOS ;;;CONEXTUBE;26,130.92;21;ARS;0080021150007;Un;100;
80021160;BOBINA CAÑO CONEXFLEX Ø 2'';TUBOS METALICOS ;;;CONEXTUBE;34,948.20;21;ARS;0080021160006;Un;100;
80041004;"CAÑO DOBLE AISLACION P/ACOMETIDAS 1""1/2""";TUBOS METALICOS ;;;CONEXTUBE;149,105.00;21;ARS;;Un;2;
80091209;CURVA CRS16 P/CAÑO PLASTICO ;CAÑOS PVC Y ACCESORIOS ;;;CONEXTUBE;443.28;21;ARS;;Un;250;
80091210;CURVA CRS20 P/CAÑO PLASTICO;CAÑOS PVC Y ACCESORIOS ;;;CONEXTUBE;482.84;21;ARS;;Un;200;
80091211;CURVA CRS22 P/CAÑO PLASTICO;CAÑOS PVC Y ACCESORIOS ;;;CONEXTUBE;575.65;21;ARS;0080091211004;Un;150;
80091212;CURVA CRS25 P/CAÑO PLASTICO;CAÑOS PVC Y ACCESORIOS ;;;CONEXTUBE;618.99;21;ARS;;Un;100;
80091213;CURVA CRS32 P/CAÑO PLASTICO  ;CAÑOS PVC Y ACCESORIOS ;;;CONEXTUBE;1,442.92;21;ARS;0800912130008;Un;50;
80091214;CURVA CRS40 P/CAÑO PLASTICO;CAÑOS PVC Y ACCESORIOS ;;;CONEXTUBE;2,303.50;21;ARS;0800912140005;Un;10;
80091215;CONECTOR CC1640 P/CAÑO PLASTICO;CAÑOS PVC Y ACCESORIOS ;;;CONEXTUBE;214.34;21;ARS;;Un;500;
80091216;CONECTOR CC2040 P/CAÑO PLASTICO;CAÑOS PVC Y ACCESORIOS ;;;CONEXTUBE;216.25;21;ARS;;Un;500;
80091217;CONECTOR CC2240 P/CAÑO PLASTICO;CAÑOS PVC Y ACCESORIOS ;;;CONEXTUBE;408.89;21;ARS;;Un;500;
80091218;CONECTOR CC2540 P/CAÑO PLASTICO;CAÑOS PVC Y ACCESORIOS ;;;CONEXTUBE;461.15;21;ARS;;Un;250;
80091219;CONECTOR CC3240 P/CAÑO PLASTICO;CAÑOS PVC Y ACCESORIOS ;;;CONEXTUBE;1,081.61;21;ARS;0080091219000;Un;200;
80091220;CONECTOR CC4040 P/CAÑO PLASTICO;CAÑOS PVC Y ACCESORIOS ;;;CONEXTUBE;1,352.44;21;ARS;0080091220006;Un;100;
80091221;CONECTOR CC5040 P/CAÑO PLASTICO;CAÑOS PVC Y ACCESORIOS ;;;CONEXTUBE;2,027.50;21;ARS;0800912210003;Un;50;
80091222;UNION GSU16 P/CAÑO PLASTICO;CAÑOS PVC Y ACCESORIOS ;;;CONEXTUBE;154.07;21;ARS;;Un;200;
80091223;UNION GSU20 P/CAÑO PLASTICO;CAÑOS PVC Y ACCESORIOS ;;;CONEXTUBE;161.09;21;ARS;;Un;300;
80091224;UNION GSU22 P/CAÑO PLASTICO;CAÑOS PVC Y ACCESORIOS ;;;CONEXTUBE;214.34;21;ARS;0080091224004;Un;300;
80091225;UNION GSU25 P/CAÑO PLASTICO;CAÑOS PVC Y ACCESORIOS ;;;CONEXTUBE;232.21;21;ARS;0080091225001;Un;200;
80091226;UNION GSU32 P/CAÑO PLASTICO;CAÑOS PVC Y ACCESORIOS ;;;CONEXTUBE;562.95;21;ARS;0800912260008;Un;40;
80091227;UNION GSU40 P/CAÑO PLASTICO;CAÑOS PVC Y ACCESORIOS ;;;CONEXTUBE;676.91;21;ARS;0800912270005;Un;50;
80091228;UNION GSU50 P/CAÑO PLASTICO;CAÑOS PVC Y ACCESORIOS ;;;CONEXTUBE;1,078.28;21;ARS;0800912280002;Un;30;
80091229;GRAMPA CF16 P/ CAÑO PLASTICO ;CAÑOS PVC Y ACCESORIOS ;;;CONEXTUBE;284.88;21;ARS;0080091229009;Un;300;
80091230;GRAMPA CF20 P/ CAÑO PLASTICO ;CAÑOS PVC Y ACCESORIOS ;;;CONEXTUBE;244.32;21;ARS;0080091230005;Un;200;
80091231;GRAMPA CF22 P/ CAÑO PLASTICO ;CAÑOS PVC Y ACCESORIOS ;;;CONEXTUBE;318.37;21;ARS;0080091231002;Un;200;
80091232;GRAMPA CF25 P/ CAÑO PLASTICO ;CAÑOS PVC Y ACCESORIOS ;;;CONEXTUBE;340.20;21;ARS;0080091232009;Un;200;
80091233;GRAMPA CF32 P/ CAÑO PLASTICO ;CAÑOS PVC Y ACCESORIOS ;;;CONEXTUBE;619.02;21;ARS;0080091233006;Un;100;
80091234;GRAMPA CF40 P/ CAÑO PLASTICO ;CAÑOS PVC Y ACCESORIOS ;;;CONEXTUBE;804.76;21;ARS;0080091234003;Un;100;
80091235;GRAMPA CF50 P/ CAÑO PLASTICO ;CAÑOS PVC Y ACCESORIOS ;;;CONEXTUBE;1,134.02;21;ARS;0800912350000;Un;50;
80091236;RESORTE RE16 P/CAÑO PLASTICO;CAÑOS PVC Y ACCESORIOS ;;;CONEXTUBE;24,385.13;21;ARS;8009123600007;Un;1;
80091237;RESORTE RE20 P/CAÑO PLASTICO;CAÑOS PVC Y ACCESORIOS ;;;CONEXTUBE;27,566.01;21;ARS;8009123700004;Un;1;
80091238;RESORTE RE22 P/CAÑO PLASTICO;CAÑOS PVC Y ACCESORIOS ;;;CONEXTUBE;32,715.34;21;ARS;8009123800001;Un;1;
80091239;RESORTE RE25 P/CAÑO PLASTICO;CAÑOS PVC Y ACCESORIOS ;;;CONEXTUBE;33,845.82;21;ARS;8009123900008;Un;1;
80091240;RESORTE RE32 P/CAÑO PLASTICO;CAÑOS PVC Y ACCESORIOS ;;;CONEXTUBE;70,658.77;21;ARS;8009124000004;Un;1;
80091241;RESORTE RE40 P/CAÑO PLASTICO;CAÑOS PVC Y ACCESORIOS ;;;CONEXTUBE;92,373.31;21;ARS;8009124100001;Un;1;
80091242;RESORTE RE50 P/CAÑO PLASTICO;CAÑOS PVC Y ACCESORIOS ;;;CONEXTUBE;113,443.17;21;ARS;8009124200008;Un;1;
80091243;CURVA CRS50 P/CAÑO PLASTICO;CAÑOS PVC Y ACCESORIOS ;;;CONEXTUBE;3,782.67;21;ARS;0800912430005;Un;10;
80091244;ADHESIVO PARA CAÑO DE PVC;CAÑOS PVC Y ACCESORIOS ;;;CONEXTUBE;5,109.04;21;ARS;0800912440002;Un;24;
80091252;CAÑO RIGIDO CRMM16 DOBLADO EN FRIO ;CAÑOS PVC Y ACCESORIOS ;;;CONEXTUBE;940.53;21;ARS;0800912520007;Un;60;
80091253;CAÑO RIGIDO CRMM20 DOBLADO EN FRIO ;CAÑOS PVC Y ACCESORIOS ;;;CONEXTUBE;1,133.64;21;ARS;0800912530004;Un;90;
80091254;CAÑO RIGIDO CRMM22 DOBLADO EN FRIO ;CAÑOS PVC Y ACCESORIOS ;;;CONEXTUBE;1,525.92;21;ARS;0800912540001;Un;60;
80091255;CAÑO RIGIDO CRMM25 DOBLADO EN FRIO ;CAÑOS PVC Y ACCESORIOS ;;;CONEXTUBE;1,601.14;21;ARS;0800912550008;Un;72;
80091256;CAÑO RIGIDO CRMM32 DOBLADO EN FRIO ;CAÑOS PVC Y ACCESORIOS ;;;CONEXTUBE;2,367.33;21;ARS;0800912560005;Un;30;
80091257;CAÑO RIGIDO CRMM40 DOBLADO EN FRIO ;CAÑOS PVC Y ACCESORIOS ;;;CONEXTUBE;3,435.93;21;ARS;0800912570002;Un;24;
80091258;CAÑO RIGIDO CRMM50 DOBLADO EN FRIO ;CAÑOS PVC Y ACCESORIOS ;;;CONEXTUBE;4,846.07;21;ARS;0800912580009;Un;21;
80091266;GRAMPA REGULABLE DE NYLON P/CAÑO 20 A 22;CAÑOS PVC Y ACCESORIOS ;;;CONEXTUBE;581.04;21;ARS;8009126600004;Un;500;
80091267;GRAMPA REGULABLE DE NYLON P/CAÑO 25 A 32;CAÑOS PVC Y ACCESORIOS ;;;CONEXTUBE;819.48;21;ARS;0008009126701;Un;1000;
80091268;GRAMPA REGULABLE DE NYLON P/CAÑO 32 A 40;CAÑOS PVC Y ACCESORIOS ;;;CONEXTUBE;1,165.61;21;ARS;8009126800008;Un;1000;
80091269;GRAMPA SYNTOR NYLON DE 16MM;CAÑOS PVC Y ACCESORIOS ;;;CONEXTUBE;214.60;21;ARS;8009126900005;Un;1000;
80091270;TARUGO PARA GRAMPA REGULABLE DE NYLON;CAÑOS PVC Y ACCESORIOS ;;;CONEXTUBE;130.62;21;ARS;8009127000001;Un;1000;
80091271;"CAÑO CORRUGADO BLANCO LIVIANO 5/8""";CAÑOS PVC Y ACCESORIOS ;;;CONEXTUBE;610.53;21;ARS;;Un;25;
80091272;"CAÑO CORRUGADO BLANCO LIVIANO 3/4""";CAÑOS PVC Y ACCESORIOS ;;;CONEXTUBE;610.53;21;ARS;;Un;25;
80091273;"CAÑO CORRUGADO BLANCO LIVIANO 7/8""";CAÑOS PVC Y ACCESORIOS ;;;CONEXTUBE;730.93;21;ARS;;Un;25;
80091274;"CAÑO CORRUGADO BLANCO LIVIANO 1""";CAÑOS PVC Y ACCESORIOS ;;;CONEXTUBE;934.60;21;ARS;;Un;25;
80091275;"CAÑO CORRUGADO BLANCO LIVIANO 1 1/4""";CAÑOS PVC Y ACCESORIOS ;;;CONEXTUBE;1,389.07;21;ARS;;Un;25;
80091276;"CAÑO CORRUGADO BLANCO LIVIANO 1 1/2""";CAÑOS PVC Y ACCESORIOS ;;;CONEXTUBE;1,860.37;21;ARS;;Un;25;
80091277;"CAÑO CORRUGADO BLANCO LIVIANO 2""";CAÑOS PVC Y ACCESORIOS ;;;CONEXTUBE;2,624.86;21;ARS;;Un;25;
80091281;"CAÑO CORRUGADO GRIS PESADO 5/8""";CAÑOS PVC Y ACCESORIOS ;;;CONEXTUBE;1,520.17;21;ARS;;Un;25;
80091282;"CAÑO CORRUGADO GRIS PESADO 3/4""";CAÑOS PVC Y ACCESORIOS ;;;CONEXTUBE;1,520.17;21;ARS;;Un;25;
80091283;"CAÑO CORRUGADO GRIS PESADO 7/8""";CAÑOS PVC Y ACCESORIOS ;;;CONEXTUBE;1,877.91;21;ARS;;Un;25;
80091284;"CAÑO CORRUGADO GRIS PESADO 1""";CAÑOS PVC Y ACCESORIOS ;;;CONEXTUBE;2,235.71;21;ARS;;Un;25;
80091285;"CAÑO CORRUGADO GRIS PESADO 1 1/4""";CAÑOS PVC Y ACCESORIOS ;;;CONEXTUBE;2,893.18;21;ARS;;Un;25;
80091286;"CAÑO CORRUGADO GRIS PESADO 1 1/2""";CAÑOS PVC Y ACCESORIOS ;;;CONEXTUBE;4,241.07;21;ARS;;Un;25;
80091287;"CAÑO CORRUGADO GRIS PESADO 2""";CAÑOS PVC Y ACCESORIOS ;;;CONEXTUBE;4,602.41;21;ARS;;Un;25;
80091291;"CAÑO CORRUGADO GRIS SEMI-PESADO 5/8""";CAÑOS PVC Y ACCESORIOS ;;;CONEXTUBE;1,010.01;21;ARS;;Un;25;
80091292;"CAÑO CORRUGADO GRIS SEMI-PESADO 3/4""";CAÑOS PVC Y ACCESORIOS ;;;CONEXTUBE;1,010.01;21;ARS;;Un;25;
80091293;"CAÑO CORRUGADO GRIS SEMI-PESADO 7/8""";CAÑOS PVC Y ACCESORIOS ;;;CONEXTUBE;1,200.18;21;ARS;;Un;25;
80091294;"CAÑO CORRUGADO GRIS SEMI-PESADO 1""";CAÑOS PVC Y ACCESORIOS ;;;CONEXTUBE;1,507.68;21;ARS;;Un;25;
80091295;"CAÑO CORRUGADO GRIS SEMI-PESADO 1 1/4""";CAÑOS PVC Y ACCESORIOS ;;;CONEXTUBE;2,003.28;21;ARS;;Un;25;
80091296;"CAÑO CORRUGADO GRIS SEMI-PESADO 1 1/2""";CAÑOS PVC Y ACCESORIOS ;;;CONEXTUBE;2,498.59;21;ARS;;Un;25;
80091297;"CAÑO CORRUGADO GRIS SEMI-PESADO 2""";CAÑOS PVC Y ACCESORIOS ;;;CONEXTUBE;3,573.70;21;ARS;;Un;25;
80091300;JABALINA 3/8 X 1500MM;JABALINAS;;;CONEXTUBE;42,985.25;21;ARS;;Un;10;
80091301;JABALINA 3/8 X 2000MM;JABALINAS;;;CONEXTUBE;59,967.60;21;ARS;;Un;10;
80091302;JABALINA 1/2 X 1500MM;JABALINAS;;;CONEXTUBE;63,918.25;21;ARS;;Un;10;
80091303;JABALINA 1/2 X 2000MM;JABALINAS;;;CONEXTUBE;90,356.75;21;ARS;;Un;10;
80091306;JABALINA 5/8 X 1500MM;JABALINAS;;;CONEXTUBE;82,691.40;21;ARS;;Un;5;
80091307;JABALINA 5/8 X 2000MM;JABALINAS;;;CONEXTUBE;112,046.00;21;ARS;;Un;5;
80091311;JABALINA 3/4 X 1500MM;JABALINAS;;;CONEXTUBE;102,946.80;21;ARS;;Un;5;
80091312;JABALINA 3/4 X 2000MM;JABALINAS;;;CONEXTUBE;140,148.25;21;ARS;;Un;5;
80091316;JABALINA ACOPLABLE  1/2 X 1500MM;JABALINAS;;;CONEXTUBE;77,821.15;21;ARS;;Un;10;
80091317;JABALINA ACOPLABLE  1/2 X 2000MM;JABALINAS;;;CONEXTUBE;155,636.25;21;ARS;;Un;10;
80091319;JABALINA ACOPLABLE  1/2 X 3000MM;JABALINAS;;;CONEXTUBE;155,636.25;21;ARS;;Un;1;
80091321;JABALINA ACOPLABLE  5/8 X 1500MM;JABALINAS;;;CONEXTUBE;95,015.25;21;ARS;;Un;5;
80091322;JABALINA ACOPLABLE  5/8 X 2000MM;JABALINAS;;;CONEXTUBE;190,030.50;21;ARS;;Un;5;
80091324;JABALINA ACOPLABLE  5/8 X 3000MM;JABALINAS;;;CONEXTUBE;190,030.24;21;ARS;;Un;1;
80091326;JABALINA ACOPLABLE  3/4 X 1500MM;JABALINAS;;;CONEXTUBE;120,903.20;21;ARS;;Un;5;
80091327;JABALINA ACOPLABLE  3/4 X 2000MM;JABALINAS;;;CONEXTUBE;242,242.79;21;ARS;;Un;5;
80091329;JABALINA ACOPLABLE  3/4 X 3000MM;JABALINAS;;;CONEXTUBE;242,242.79;21;ARS;;Un;1;
80091330;"TOMA CABLE T1(3/8""IRAM)";JABALINAS;;;CONEXTUBE;14,036.00;21;ARS;;Un;0;
80091331;"TOMA CABLE T2  (1/2""IRAM)";JABALINAS;;;CONEXTUBE;19,523.35;21;ARS;;Un;0;
80091332;"TOMA CABLE T22  (5/8""IRAM)";JABALINAS;;;CONEXTUBE;20,394.55;21;ARS;;Un;0;
80091333;"TOMA CABLE T3  (3/4""IRAM"")";JABALINAS;;;CONEXTUBE;21,985.70;21;ARS;;Un;0;
80091334;"MANGO M14  (1/2"")";JABALINAS;;;CONEXTUBE;31,387.40;21;ARS;;Un;0;
80091335;"MANGO M16  (5/8"")";JABALINAS;;;CONEXTUBE;37,788.30;21;ARS;;Un;0;
80091336;"MANGO M18  (3/4"")";JABALINAS;;;CONEXTUBE;44,177.10;21;ARS;;Un;0;
80091337;"SUFRIDERA  S14   (1/2"")";JABALINAS;;;CONEXTUBE;27,527.50;21;ARS;;Un;0;
80091338;"SUFRIDERA  S16   (5/8"")";JABALINAS;;;CONEXTUBE;32,057.30;21;ARS;;Un;0;
80091339;"SUFRIDERA  S18   (3/4"")";JABALINAS;;;CONEXTUBE;36,034.35;21;ARS;;Un;0;
80092271;"Caño Corrugado MAX Liviano 5/8""";CAÑOS PVC Y ACCESORIOS ;;;CONEXTUBE;610.53;21;ARS;;Un;25;
80092272;"Caño Corrugado MAX Liviano 3/4""";CAÑOS PVC Y ACCESORIOS ;;;CONEXTUBE;610.53;21;ARS;;Un;25;
80092273;"Caño Corrugado MAX Liviano 7/8""";CAÑOS PVC Y ACCESORIOS ;;;CONEXTUBE;730.93;21;ARS;;Un;25;
80092274;"Caño Corrugado MAX Liviano 1""";CAÑOS PVC Y ACCESORIOS ;;;CONEXTUBE;934.60;21;ARS;;Un;25;
80092275;"Caño Corrugado MAX Liviano 1 1/4""";CAÑOS PVC Y ACCESORIOS ;;;CONEXTUBE;1,389.07;21;ARS;;Un;25;
80092276;"Caño Corrugado MAX Liviano 1 1/2""";CAÑOS PVC Y ACCESORIOS ;;;CONEXTUBE;1,860.37;21;ARS;;Un;25;
80092277;"Caño Corrugado MAX Liviano 2""";CAÑOS PVC Y ACCESORIOS ;;;CONEXTUBE;2,624.86;21;ARS;;Un;25;
80092291;"Caño Corrugado MAX Semipesado 5/8""";CAÑOS PVC Y ACCESORIOS ;;;CONEXTUBE;1,010.01;21;ARS;;Un;25;
80092292;"Caño Corrugado MAX Semipesado 3/4""";CAÑOS PVC Y ACCESORIOS ;;;CONEXTUBE;1,010.01;21;ARS;;Un;25;
80092293;"Caño Corrugado MAX Semipesado 7/8""";CAÑOS PVC Y ACCESORIOS ;;;CONEXTUBE;1,200.18;21;ARS;;Un;25;
80092294;"Caño Corrugado MAX Semipesado 1""";CAÑOS PVC Y ACCESORIOS ;;;CONEXTUBE;1,507.68;21;ARS;;Un;25;
80092295;"Caño Corrugado MAX Semipesado 1 1/4""";CAÑOS PVC Y ACCESORIOS ;;;CONEXTUBE;2,003.28;21;ARS;;Un;25;
80092296;"Caño Corrugado MAX Semipesado 1 1/2""";CAÑOS PVC Y ACCESORIOS ;;;CONEXTUBE;2,498.59;21;ARS;;Un;25;
80092297;"Caño Corrugado MAX Semipesado 2""";CAÑOS PVC Y ACCESORIOS ;;;CONEXTUBE;3,573.70;21;ARS;;Un;25;
80094000;CAJA EMB RECTANGULAR 10x5 GRANDE;CAÑOS PVC Y ACCESORIOS ;;;CONEXTUBE;926.41;21;ARS;0080094000001;Un;200;
80094001;CAJA EMB RECTANGULAR 10x5 GRANDE AM;CAÑOS PVC Y ACCESORIOS ;;;CONEXTUBE;885.05;21;ARS;;Un;200;
80094010;CAJA EMB RECTANGULAR ESTANDAR 61X103X47;CAÑOS PVC Y ACCESORIOS ;;;CONEXTUBE;745.43;21;ARS;;Un;200;
80094011;CAJA EMB RECTANGULAR st AMARIL61X103X47 ;CAÑOS PVC Y ACCESORIOS ;;;CONEXTUBE;766.32;21;ARS;;Un;200;
80094400;CAJA EMBUTIR CUADRADA MIGNON 6x6;CAÑOS PVC Y ACCESORIOS ;;;CONEXTUBE;755.49;21;ARS;;Un;140;
80094401;CAJA EMBUTIR CUADRADA MIGNON 6x6 AM;CAÑOS PVC Y ACCESORIOS ;;;CONEXTUBE;833.16;21;ARS;;Un;140;
80094410;CAJA EMBUTIR CUADRADA 10x10;CAÑOS PVC Y ACCESORIOS ;;;CONEXTUBE;1,854.43;21;ARS;;Un;150;
80094411;CAJA EMBUTIR CUADRADA 10x10 AM;CAÑOS PVC Y ACCESORIOS ;;;CONEXTUBE;1,854.42;21;ARS;;Un;150;
80094500;CAJA EMB HEXAGONAL GRANDE;CAÑOS PVC Y ACCESORIOS ;;;CONEXTUBE;1,192.16;21;ARS;0080094500006;Un;180;
80094501;CAJA EMB HEXAGONAL GRANDE AM;CAÑOS PVC Y ACCESORIOS ;;;CONEXTUBE;1,036.65;21;ARS;;Un;180;
80094510;CAJA EMBUTIR OCTOGONAL ESTANDAR;CAÑOS PVC Y ACCESORIOS ;;;CONEXTUBE;745.43;21;ARS;0080094510005;Un;250;
80094511;CAJA EMBUTIR OCTOGONAL ESTANDAR AM;CAÑOS PVC Y ACCESORIOS ;;;CONEXTUBE;745.43;21;ARS;;Un;250;
80095000;CAJA RECTANGULAR SOBREPONER GRIS;CAÑOS PVC Y ACCESORIOS ;;;CONEXTUBE;3,044.20;21;ARS;0080095000000;Un;120;
80095001;CAJA RECTANGULAR SOBREPONER BLANCA;CAÑOS PVC Y ACCESORIOS ;;;CONEXTUBE;3,044.20;21;ARS;0080095001007;Un;120;
80095002;CAJA DE INSPECCION PARA JABALINA ;ACCESORIOS -REPUESTOS VARIOS;;;CONEXTUBE;6,107.50;21;ARS;;Un;1;
80095600;CAJA CIRCULAR SOBREPONER GRIS;CAÑOS PVC Y ACCESORIOS ;;;CONEXTUBE;2,713.99;21;ARS;0080095600002;Un;125;
80095601;CAJA CIRCULAR SOBREPONER BLANCA;CAÑOS PVC Y ACCESORIOS ;;;CONEXTUBE;2,713.99;21;ARS;0080095601009;Un;125;
81395000;CAJA RECTANGULAR SOBREPONER GRIS*J*;CAÑOS PVC Y ACCESORIOS ;;;CONEXTUBE;2,536.83;21;ARS;;Un;1;
81395001;CAJA RECTANGULAR SOBREPONER BLANCA*J*;CAÑOS PVC Y ACCESORIOS ;;;CONEXTUBE;2,536.83;21;ARS;;Un;1;
81395600;CAJA CIRCULAR SOBREPONER GRIS *J*;CAÑOS PVC Y ACCESORIOS ;;;CONEXTUBE;2,713.99;21;ARS;;Un;1;
81395601;CAJA CIRCULAR SOBREPONER BLANCA *J*;CAÑOS PVC Y ACCESORIOS ;;;CONEXTUBE;2,713.99;21;ARS;;Un;1;
91469000;SOPORTE P/PANEL PROTECTOR 2727;SEMIELABORADOS;;;CONEXTUBE;2,971.78;21;ARS;;Un;1;
98072000;CAJA COLGANTE SAMET;ACCESORIOS -REPUESTOS VARIOS;;;CONEXTUBE;4,532.76;21;ARS;;Un;10;
16585261-1;CONECTOR PLAST SIN ROSCAR CAÑO BAJ PILAR;ACCESORIOS -REPUESTOS VARIOS;;;CONEXTUBE;2,503.71;21;ARS;;Un;20;
20031067-1;PRENSA METÁLICO PC 2 BSP ELECTRO 2001;PRENSACABLES METALICOS;;;CONEXTUBE;67,992.88;21;ARS;;Un;1;
40022717-1;CAJA TABLEPOL T OPACA 270X180X107 S/PLAC;CONEXPOL / TABLEPOL;;;CONEXTUBE;42,214.56;21;ARS;;Un;1;
40022718-1;CAJA TABLEPOL T OPACA 270X180X171 S/PLAC;CONEXPOL / TABLEPOL;;;CONEXTUBE;55,145.49;21;ARS;;Un;1;
44001204-1;CONEXDIN CX IP65 12M 4 TOMAS CONEXMAX;TABLEROS DE CONEXIÓN;;;CONEXTUBE;102,700.68;21;ARS;;Un;3;
44001208-1;CONEXTAB CXDIN C/CABLE Y BAST -MAX.32A;TABLEROS DE CONEXIÓN;;;CONEXTUBE;2,013.36;21;USD;;Un;1;
44001208-10;CONEXTAB CXDIN C/CABLE Y BAST -MAX. 32A;TABLEROS DE CONEXIÓN;;;CONEXTUBE;1,127.99;21;USD;;Un;1;
44001208-13;CONEXTAB C/CAB-BAST 2TOMA 4X32+2 DE4X16A;TABLEROS DE CONEXIÓN;;;CONEXTUBE;1,140.24;21;USD;;Un;1;
44001208-14;CONEXTAB CXDIN C/CABLE Y BAST -MAX. 32A;TABLEROS DE CONEXIÓN;;;CONEXTUBE;1,130.02;21;USD;;Un;1;
44001208-2;CONEXTAB CXDIN C/CABLE Y BAST -MAX. 32A;TABLEROS DE CONEXIÓN;;;CONEXTUBE;920.10;21;USD;;Un;1;
44001208-3;CONEXTAB CXDIN C/CABLE Y BAST -MAX. 20A;TABLEROS DE CONEXIÓN;;;CONEXTUBE;858.82;21;USD;;Un;1;
44001208-4;CONEXTAB CXDIN C/CABLE Y BAST ;TABLEROS DE CONEXIÓN;;;CONEXTUBE;899.20;21;USD;;Un;1;
44001208-5;CONEXTAB CXDIN C/CABLE Y BAST -MAX. 32A;TABLEROS DE CONEXIÓN;;;CONEXTUBE;1,127.99;21;USD;;Un;1;
44001208-6;CONEXTAB CXDIN C/CABLE Y BAST -MAX. 32A;TABLEROS DE CONEXIÓN;;;CONEXTUBE;1,225.82;21;USD;;Un;1;
44001208-7;CONEXTAB CXDIN C/CABLE Y BAST -MAX. 32A;TABLEROS DE CONEXIÓN;;;CONEXTUBE;979.75;21;USD;;Un;1;
44001208-8;CONEXTAB CXDIN C/CABLE Y BAST -MAX.63A;TABLEROS DE CONEXIÓN;;;CONEXTUBE;970.08;21;USD;;Un;1;
44001208-9;CONEXTAB CXDIN C/CABLE Y BAST -MAX.48A;TABLEROS DE CONEXIÓN;;;CONEXTUBE;1,131.66;21;USD;;Un;1;
44001212-1;CONEXTAB CXDIN MONO C/ BAST I:16A C/CABL;TABLEROS DE CONEXIÓN;;;CONEXTUBE;565.94;21;USD;;Un;1;
44001212-2;CONEXTAB CXDIN MONO C/ BAST I:16A C/CABL;TABLEROS DE CONEXIÓN;;;CONEXTUBE;563.24;21;USD;;Un;1;
44001212-3;CONEXTAB CXDIN MONO C/ BAST I:16A EDEMSA;TABLEROS DE CONEXIÓN;;;CONEXTUBE;586.86;21;USD;;Un;1;
44001218-1;CONEXTAB CXDIN 32A SOB 2X16A5P+2X10A2P+T;TABLEROS DE CONEXIÓN;;;CONEXTUBE;462.42;21;USD;;Un;1;
44001218-2;CONEXTAB 32A SOB 16A-32 5P+16A 3P+10A 3P;TABLEROS DE CONEXIÓN;;;CONEXTUBE;508.92;21;USD;;Un;1;
44001218-3;CONEXTAB CXDIN 2T10A 2T32A DF4X40 TM2X16;TABLEROS DE CONEXIÓN;;;CONEXTUBE;588.74;21;USD;;Un;1;
44001218-4;CTAB CDIN 2T10A 1T16 1T32A DF4X40 TM2X16;TABLEROS DE CONEXIÓN;;;CONEXTUBE;470.06;21;USD;;Un;1;
44001218-5;CONEXTAB C/ DIF 4x63 - TM 2x16 ;TABLEROS DE CONEXIÓN;;;CONEXTUBE;604.45;21;USD;;Un;1;
44001218-6;CONEXTAB CXDIN S/PDA EMERG Y S/IND FASES;TABLEROS DE CONEXIÓN;;;CONEXTUBE;512.07;21;USD;;Un;1;
44001218-7;CONEXTAB CXDIN 2T10A 2T32A DF4X40 TM2X16;TABLEROS DE CONEXIÓN;;;CONEXTUBE;605.58;21;USD;;Un;1;
44001238-1;CONEXTAB CXDIN SOBREPONER MAX20A;TABLEROS DE CONEXIÓN;;;CONEXTUBE;310.36;21;USD;;Un;1;
44001238-2;CONEXTAB CXDIN SOBREPONER MAX20A;TABLEROS DE CONEXIÓN;;;CONEXTUBE;294.58;21;USD;;Un;1;
44001238-3;CONEXTAB CXDIN SOBREPONER MAX20A;TABLEROS DE CONEXIÓN;;;CONEXTUBE;300.23;21;USD;;Un;1;
44005436-1;CONEXTAB 5436 CON BASTIDOR - MÁX. 32A;TABLEROS DE CONEXIÓN;;;CONEXTUBE;3,560.53;21;USD;;Un;1;
44005436-2;CONEXTAB 5436 CON BASTIDOR - MÁX. 63A;TABLEROS DE CONEXIÓN;;;CONEXTUBE;505.95;21;USD;;Un;1;
45000000-3;CAJA DE PASO TECNOCOM 70X70X40;CONEXBOX - CONEXPISO;;;CONEXTUBE;3,132.71;21;ARS;;Un;20;
45000005-3;CAJA DE PASO TECNOCOM 80X80X40;CONEXBOX - CONEXPISO;;;CONEXTUBE;4,039.22;21;ARS;;Un;20;
45000040-3;CENTRAL DIN EMBUTIR 8 POLOS SIN LOGO;CENTRAL DIN;;;CONEXTUBE;11,359.24;21;ARS;;Un;1;
45000084-3;CENTRAL DIN EMBUTIR 36 POLOS SIN LOGO;CENTRAL DIN;;;CONEXTUBE;49,674.05;21;ARS;;Un;1;
45003040-3;CENTRAL DIN SUPERFICIE 8 POLOS SIN LOGO ;CENTRAL DIN;;;CONEXTUBE;14,819.28;21;ARS;;Un;1;
45009981-3;CAJA DE PASO SIN LOGO  100X100X50;CONEXBOX - CONEXPISO;;;CONEXTUBE;5,355.87;21;ARS;;Un;1;
45009982-3;CAJA DE PASO SIN LOGO 100X100X80;CONEXBOX - CONEXPISO;;;CONEXTUBE;5,737.60;21;ARS;;Un;1;
45010000-3;CAJA DEPASO CONEXBOX SIN LOGO 150X150X80;CONEXBOX - CONEXPISO;;;CONEXTUBE;10,883.14;21;ARS;;Un;1;
45010001-3;CAJA DE PASO SIN LOGO  150X110X70;CONEXBOX - CONEXPISO;;;CONEXTUBE;7,931.03;21;ARS;;Un;1;
48008523-1;GABINETE ARGENPOL 5242 PO IP65 PALA;ARGENPOL;;;CONEXTUBE;272,370.16;21;ARS;;Un;1;
48008540-1;GAB AGP 6452 TO CON P/CANDADO Y C/CTT;ARGENPOL;;;CONEXTUBE;507,986.79;21;ARS;;Un;1;
48008702-1;GAB. AGP MAX 4242 T.O./C.T.T./Pcandado;ARGENPOL;;;CONEXTUBE;349,436.59;21;ARS;;Un;1;
48008703-1;GAB. ARGENPOL AGP MAX 5242 T.O. 520X420X;ARGENPOL;;;CONEXTUBE;365,827.85;21;ARS;;Un;1;
48458515-1;TAPA AGP 6452 P/CONTRATAPA TT;SEMIELABORADOS;;;CONEXTUBE;111,470.77;21;ARS;;Un;1;
62019028-1;CAJA TOMA 60 C/1 SECC 3P NH00 EDENOR ;CAJAS DE TOMA PRIMARIA;;;CONEXTUBE;140,371.89;21;ARS;;Un;1;
62019028-2;CAJA TOMA 60 C/1 SECC 3P NH00 S/LOGO;CAJAS DE TOMA PRIMARIA;;;CONEXTUBE;134,558.28;21;ARS;;Un;1;
62019045-1;CAJA TOMA 200A C/ BASES NH - (AGP 5242);CAJAS DE TOMA PRIMARIA;;;CONEXTUBE;535,230.84;21;ARS;;Un;1;
62019046-1;CAJA TOMA 400A C/ BASES NH - (AGP 6452);CAJAS DE TOMA PRIMARIA;;;CONEXTUBE;612,942.03;21;ARS;;Un;1;
62019056-1;CAJA P/CLUB DE CAMPO C/6BNH T00 S/LOGO;CAJAS DE TOMA PRIMARIA;;;CONEXTUBE;453,939.90;21;ARS;;Un;1;
62019057-1;CAJA COUNTRY 250A VACIA;CAJAS DE TOMA PRIMARIA;;;CONEXTUBE;295,939.63;21;ARS;;Un;1;
62019057-2;CAJA COUNTRY 250A C/ BASES Y SECC S/L;CAJAS DE TOMA PRIMARIA;;;CONEXTUBE;1,357,703.00;21;ARS;;Un;1;
62019057-4;CAJA COUNTRY 250A C/ BASES Y SECC EDEA;CAJAS DE TOMA PRIMARIA;;;CONEXTUBE;1,245,895.41;21;ARS;;Un;1;
62019057-5;CAJA COUNTRY 250A S/L C/CONTRAPATA;CAJAS DE TOMA PRIMARIA;;;CONEXTUBE;2,059,137.66;21;ARS;;Un;1;
62019057-6;CAJA COUNTRY 250A C/ BASES Y SECC (64-52;CAJAS DE TOMA PRIMARIA;;;CONEXTUBE;1,228,850.77;21;ARS;;Un;1;
62019057-7;CAJA COUNTRY 250A C/ BASES SIN SECCIONAD;CAJAS DE TOMA PRIMARIA;;;CONEXTUBE;1,131,077.27;21;ARS;;Un;1;
62019058-1;CAJA COUNTRY 500A C/ BASES Y SECC S/L;CAJAS DE TOMA PRIMARIA;;;CONEXTUBE;1,616,329.30;21;ARS;;Un;1;
62019058-2;CAJA COUNTRY 500A VACIA;CAJAS DE TOMA PRIMARIA;;;CONEXTUBE;352,052.59;21;ARS;;Un;1;
62019058-3;CAJA COUNTRY 500A C/ BASES Y 1 SECC ;CAJAS DE TOMA PRIMARIA;;;CONEXTUBE;1,919,028.55;21;ARS;;Un;1;
62019058-4;CAJA COUNTRY 500A S/L C/CONTRATAPA;CAJAS DE TOMA PRIMARIA;;;CONEXTUBE;2,426,310.12;21;ARS;;Un;1;
62029056-1;CAJA E/S 250 A C/TOMA CLIENTE EDESUR S/L;CAJAS DE TOMA PRIMARIA;;;CONEXTUBE;890,723.65;21;ARS;;Un;1;
62059029-1;CAJA TOMA 500A C/3 BNHT3 Y CTT - EDESE;CAJAS DE TOMA PRIMARIA;;;CONEXTUBE;570,125.58;21;ARS;;Un;1;
62079029-1;CAJA E/S CT500 VACIA. (EPEC);CAJAS DE TOMA PRIMARIA;;;CONEXTUBE;425,368.91;21;ARS;;Un;1;
62099046-1;CAJA DE TOMA 250A 6 BASES NH T1 EDEN;GABINETES PROVISORIOS E ISLAS;;;CONEXTUBE;665,099.44;21;ARS;;Un;1;
62099056-1;CAJA ENT/SAL STD C/ 6 BASES NH T00 6452;CAJAS DE TOMA PRIMARIA;;;CONEXTUBE;792,745.04;21;ARS;;Un;1;
62099061-1;CAJA E/S 250A C/T.CL 2 INT T 00 BC VACIO;CAJAS DE TOMA PRIMARIA;;;CONEXTUBE;242,780.69;21;ARS;;Un;1;
62099304-1;CAJA E/S 500A C/TOMA CLIENTE S/L VACIO;CAJAS DE TOMA PRIMARIA;;;CONEXTUBE;332,721.72;21;ARS;;Un;1;
63099031-1;GABINETE MED. INDIRECTA EPEC J22;GABINETES PARA MEDICION Y TOMA INDIRECTA;;;CONEXTUBE;626,558.57;21;ARS;;Un;1;
63099032-1;CAJA TOMA TARIFA 3 EPEC J22;GABINETES PARA MEDICION Y TOMA INDIRECTA;;;CONEXTUBE;864,457.41;21;ARS;;Un;1;
63395029-3;PLACA AIS P/GAB.MEDICION  T3 INFERIOR;MATERIA PRIMA;;;CONEXTUBE;21,014.40;21;ARS;;Un;1;
63395029-4;PLACA AIS P/GAB.MEDICION  T3 SUPERIOR;MATERIA PRIMA;;;CONEXTUBE;21,014.40;21;ARS;;Un;1;
64009122-3;CAJA MED.MONO.C/RESET TECNOCOM;CAJAS PARA MEDIDORES;;;CONEXTUBE;23,403.79;21;ARS;;Un;12;
64009123-3;CAJA MEDIDOR MONOFASICA S/RESET TECNOCOM;CAJAS PARA MEDIDORES;;;CONEXTUBE;17,476.19;21;ARS;;Un;12;
64029112-3;CAJA MEDIDOR MONO EDSUR C/RESET-TECNOCOM;CAJAS PARA MEDIDORES;;;CONEXTUBE;18,645.25;21;ARS;;Un;12;
64229027-1;KIT DE MED TRIF C/R EDESUR S/PROTECC;CAJAS PARA MEDIDORES;;;CONEXTUBE;98,992.81;21;ARS;;Un;1;
64296299-1;KIT ACOM COOPSER CON T PILAR  DER. ;CAJAS PARA MEDIDORES;;;CONEXTUBE;69,180.99;21;ARS;;Un;1;
64296299-3;KIT ACOM COOP CONCORDIA  S/PROTECC;CAJAS PARA MEDIDORES;;;CONEXTUBE;107,315.15;21;ARS;;Un;1;
64299012-1;KIT DE MED MONOFASICO C/R EDESUR S/PROTE;CAJAS PARA MEDIDORES;;;CONEXTUBE;70,593.53;21;ARS;;Un;1;
64299022-1;KIT DE MEDICION MONOFASICO 32C/R EDENOR ;CAJAS PARA MEDIDORES;;;CONEXTUBE;35,591.59;21;ARS;;Un;1;
64299022-2;KIT DE MED MONOFASICO C/R EDENOR S/PROTE;CAJAS PARA MEDIDORES;;;CONEXTUBE;67,023.28;21;ARS;;Un;1;
64299037-1;KIT DE MED TRIFASICO C/R EDENOR S/PROTE;CAJAS PARA MEDIDORES;;;CONEXTUBE;87,103.16;21;ARS;;Un;1;
65060800-1;GAB 8 MED MON C/CONCE TM32DF40 *ENERSA*;GABINETES PARA MEDIDORES COLECTIVOS;;;CONEXTUBE;1,952,446.17;21;ARS;;Un;1;
65060800-3;GAB 8 MED MON C/CONCE TM40DF40 *ENERSA*;GABINETES PARA MEDIDORES COLECTIVOS;;;CONEXTUBE;1,919,382.06;21;ARS;;Un;1;
65061200-1;GAB12 MED MONO C/CONC TyD 2X40A *ENERSA*;GABINETES PARA MEDIDORES COLECTIVOS;;;CONEXTUBE;2,989,576.60;21;ARS;;Un;1;
65061200-3;GAB12 MONO C/CONC TM25A DF40A *ENERSA*;GABINETES PARA MEDIDORES COLECTIVOS;;;CONEXTUBE;2,937,317.99;21;ARS;;Un;1;
65061211-1;GAB12 MONO P/11 C/CONC TyD 2X40A ENERSA;GABINETES PARA MEDIDORES COLECTIVOS;;;CONEXTUBE;2,761,890.94;21;ARS;;Un;1;
65069171-2;GAB.1MONOF +1TRIF TM2x40 / 4x40A ENERSA*;GABINETES PARA MEDIDORES COLECTIVOS;;;CONEXTUBE;922,630.54;21;ARS;;Un;1;
65069171-3;GAB.1MONOF +1TRIF TM 2x40/4x63A ENERSA;GABINETES PARA MEDIDORES COLECTIVOS;;;CONEXTUBE;853,984.43;21;ARS;;Un;1;
65069171-4;GAB.1MONO +1TRI-CABL SOLO/MONO *ENERSA*;GABINETES PARA MEDIDORES COLECTIVOS;;;CONEXTUBE;601,471.05;21;ARS;;Un;1;
65069171-5;GAB.1MONO +1TRI SOLO TRI 40-32 *ENERSA*;GABINETES PARA MEDIDORES COLECTIVOS;;;CONEXTUBE;745,236.40;21;ARS;;Un;1;
65069171-6;GAB.1MONO +1TRI-CABL SOLO/MONO *ENERSA*;GABINETES PARA MEDIDORES COLECTIVOS;;;CONEXTUBE;647,736.04;21;ARS;;Un;1;
65069171-7;GAB.1MONOF +1TRIF TM2X32/4X32A  ENERSA;GABINETES PARA MEDIDORES COLECTIVOS;;;CONEXTUBE;848,620.83;21;ARS;;Un;1;
66010171-1;GAB 1 MONO + 1 TRIF C/TM S/DIF (EDELAP);GABINETES PARA MEDIDORES COLECTIVOS;;;CONEXTUBE;775,186.86;21;ARS;;Un;1;
66010300-2;GAB 3 MED MONO C/TM 2x32 10MM obsoleto;GABINETES PARA MEDIDORES COLECTIVOS;;;CONEXTUBE;695,257.02;21;ARS;;Un;1;
66010300-4;GAB 3 MED MONO C/TM S/DIF (EDELAP);GABINETES PARA MEDIDORES COLECTIVOS;;;CONEXTUBE;611,403.91;21;ARS;;Un;1;
66010302-1;GAB 3MO CABL P/2MO RED *EDENOR*2X40 CXT;GABINETES PARA MEDIDORES COLECTIVOS;;;CONEXTUBE;569,005.54;21;ARS;;Un;1;
66010400-1;GAB 4 MED MONO C/TMS/DIF (EDENOR)cable10;GABINETES PARA MEDIDORES COLECTIVOS;;;CONEXTUBE;851,120.73;21;ARS;;Un;1;
66010400-2;GAB 4 MED MONO C/TM2X20A S/DIF (EDENOR);GABINETES PARA MEDIDORES COLECTIVOS;;;CONEXTUBE;739,716.84;21;ARS;;Un;1;
66010400-4;GAB 4 MED MONO C/TM 25 S/DIF *EDELAP*;GABINETES PARA MEDIDORES COLECTIVOS;;;CONEXTUBE;758,795.99;21;ARS;;Un;1;
66010400-6;GAB 4 MED MONO  (EPEC) SIN BNH;GABINETES PARA MEDIDORES COLECTIVOS;;;CONEXTUBE;645,086.29;21;ARS;;Un;1;
66010432-1;GAB 4 MED MONOF TM 2X32 CXT *EDENOR;GABINETES PARA MEDIDORES COLECTIVOS;;;CONEXTUBE;841,796.22;21;ARS;;Un;1;
66010432-2;GAB 4 MED MONOF P/2 TM 2X25 CXT *EDENOR;GABINETES PARA MEDIDORES COLECTIVOS;;;CONEXTUBE;721,652.48;21;ARS;;Un;1;
66010440-1;GAB 4 MED P/3 MONOF TM 2X40 CXT *EDENOR;GABINETES PARA MEDIDORES COLECTIVOS;;;CONEXTUBE;853,047.12;21;ARS;;Un;1;
66010440-2;GAB 4 MED P/2 MONOF TM 2X40 CXT *EDENOR;GABINETES PARA MEDIDORES COLECTIVOS;;;CONEXTUBE;808,035.86;21;ARS;;Un;1;
66010440-4;GAB 4 MED MONOF TM 2X40 CXT *EDELAP*;GABINETES PARA MEDIDORES COLECTIVOS;;;CONEXTUBE;907,769.97;21;ARS;;Un;1;
66010600-1;GAB 6 MED MONO TM2X32 S/DIF;GABINETES PARA MEDIDORES COLECTIVOS;;;CONEXTUBE;1,146,702.60;21;ARS;;Un;1;
66010600-4;GAB 6 MED MONO - TM 20A - 10mm² - EDENOR;GABINETES PARA MEDIDORES COLECTIVOS;;;CONEXTUBE;1,136,461.63;21;ARS;;Un;1;
66010600-5;GAB 6 MED MONO C/TM 25 S/DIF *EDELAP*;GABINETES PARA MEDIDORES COLECTIVOS;;;CONEXTUBE;1,136,461.63;21;ARS;;Un;1;
66010600-6;GAB 6 MED MONO C/TM 25 S/DIF (EDENOR);GABINETES PARA MEDIDORES COLECTIVOS;;;CONEXTUBE;1,246,009.60;21;ARS;;Un;1;
66010600-7;GAB 6 MED MONO P/4 C/TM S/DIF (EDENOR);GABINETES PARA MEDIDORES COLECTIVOS;;;CONEXTUBE;1,214,263.58;21;ARS;;Un;1;
66010600-8;GAB 6 MED MONO P/5 C/TM S/DIF (EDENOR);GABINETES PARA MEDIDORES COLECTIVOS;;;CONEXTUBE;1,234,150.69;21;ARS;;Un;1;
66010600-9;GAB 6 MED MONO EDENOR  TM32  10MM S/DF;GABINETES PARA MEDIDORES COLECTIVOS;;;CONEXTUBE;1,271,337.66;21;ARS;;Un;1;
66010800-1;GAB 8 MED MONOF RED EDENOR SIN TM S/D;GABINETES PARA MEDIDORES COLECTIVOS;;;CONEXTUBE;1,258,331.57;21;ARS;;Un;1;
66010800-2;GAB 8 MED MONO C/TM S/DIF EDENOR)cable10;GABINETES PARA MEDIDORES COLECTIVOS;;;CONEXTUBE;1,557,034.21;21;ARS;;Un;1;
66010800-4;GAB 8 MED MONO C/TM S/DIF (EDELAP);GABINETES PARA MEDIDORES COLECTIVOS;;;CONEXTUBE;1,341,063.67;21;ARS;;Un;1;
66010800-5;GAB 8 MED MONO C/TM S/DIF IP65 (EPEC);GABINETES PARA MEDIDORES COLECTIVOS;;;CONEXTUBE;1,439,721.13;21;ARS;;Un;1;
66010800-9;GAB 8 MED MONO C/TM S/DIF (V. MARIA-CBA);GABINETES PARA MEDIDORES COLECTIVOS;;;CONEXTUBE;1,390,216.38;21;ARS;;Un;1;
66010806-1;GAB 8 MED MONOF C/P 6  TM 40A EDENOR;GABINETES PARA MEDIDORES COLECTIVOS;;;CONEXTUBE;1,622,349.68;21;ARS;;Un;1;
66010840-4;GAB 8 MED MONOF TM 2X40 CXT *EDELAP*;GABINETES PARA MEDIDORES COLECTIVOS;;;CONEXTUBE;1,751,003.61;21;ARS;;Un;1;
66010900-1;GAB 9 MED MONO S/TM S/DIF (EDENOR) VACIO;GABINETES PARA MEDIDORES COLECTIVOS;;;CONEXTUBE;1,698,649.15;21;ARS;;Un;1;
66010900-3;GAB 9 MED MONO C/TM S/DIF(EDENOR)cable10;GABINETES PARA MEDIDORES COLECTIVOS;;;CONEXTUBE;1,781,897.38;21;ARS;;Un;1;
66010900-4;GAB 9 MED MONO C/TM S/DIF *EDELAP*;GABINETES PARA MEDIDORES COLECTIVOS;;;CONEXTUBE;1,725,570.37;21;ARS;;Un;1;
66011200-1;GAB 12 MED MONOF RED EDENOR SIN TM SIN D;GABINETES PARA MEDIDORES COLECTIVOS;;;CONEXTUBE;2,070,777.95;21;ARS;;Un;1;
66011200-2;GAB 12 MED MONOF TM 2 X 25 / 2 X 32 ;GABINETES PARA MEDIDORES COLECTIVOS;;;CONEXTUBE;2,443,798.16;21;ARS;;Un;1;
66011200-4;GAB 12 MED MONO C/TM S/DIF *EDELAP*;GABINETES PARA MEDIDORES COLECTIVOS;;;CONEXTUBE;1,998,496.68;21;ARS;;Un;1;
66011200-6;GAB 12 MED MONO TM32 10MM (EDENOR);GABINETES PARA MEDIDORES COLECTIVOS;;;CONEXTUBE;2,365,324.98;21;ARS;;Un;1;
66011200-7;GAB 12 MED MONO  (EPEC) SIN BNH;GABINETES PARA MEDIDORES COLECTIVOS;;;CONEXTUBE;1,951,048.81;21;ARS;;Un;1;
66011210-4;GAB 12 CABL P/10 MED MONO TM CXT EDELAP;GABINETES PARA MEDIDORES COLECTIVOS;;;CONEXTUBE;2,245,624.23;21;ARS;;Un;1;
66011232-1;GAB 12 MED MONOF TM 2X32 CXT *EDENOR*;GABINETES PARA MEDIDORES COLECTIVOS;;;CONEXTUBE;4,165,161.32;21;ARS;;Un;1;
66011232-2;GAB 12 MED MONO C/P10TM 2X25 CXT EDENOR;GABINETES PARA MEDIDORES COLECTIVOS;;;CONEXTUBE;2,173,662.48;21;ARS;;Un;1;
66011232-5;GAB 12 MED MONO C/P11TM 2X25 CXT EDENOR;GABINETES PARA MEDIDORES COLECTIVOS;;;CONEXTUBE;2,196,284.70;21;ARS;;Un;1;
66013200-0;GAB 2 MED TRIF (EDENOR) sin protecciones;GABINETES PARA MEDIDORES COLECTIVOS;;;CONEXTUBE;653,356.66;21;ARS;;Un;1;
66013200-1;GAB. 2 TRIF. T1 TM 4 X 25 CXT EDENOR;GABINETES PARA MEDIDORES COLECTIVOS;;;CONEXTUBE;679,144.90;21;ARS;;Un;1;
66013200-11;GAB 2 MED TRIF T1 S/TM E. ALEM - EPEC ;GABINETES PARA MEDIDORES COLECTIVOS;;;CONEXTUBE;642,424.99;21;ARS;;Un;1;
66013200-12;GAB 2 MED TRI T1:32A T2:40A 10MM EDENOR;GABINETES PARA MEDIDORES COLECTIVOS;;;CONEXTUBE;993,730.85;21;ARS;;Un;1;
66013200-13;GAB 2 TRI T1:32 6MM  T1:40A 10MM- EDENOR;GABINETES PARA MEDIDORES COLECTIVOS;;;CONEXTUBE;871,137.57;21;ARS;;Un;1;
66013200-15;GAB 2 MED TRIF TM4x32 S/DIFcable de 10mm;GABINETES PARA MEDIDORES COLECTIVOS;;;CONEXTUBE;779,408.45;21;ARS;;Un;1;
66013200-17;GAB 2 MED TRIF C/TM (EPEC) SIN BASES;GABINETES PARA MEDIDORES COLECTIVOS;;;CONEXTUBE;587,111.48;21;ARS;;Un;1;
66013200-2;GAB. 2 TRIF. T1 TM 4 X 25 CXT EDENOR;GABINETES PARA MEDIDORES COLECTIVOS;;;CONEXTUBE;796,615.31;21;ARS;;Un;1;
66013200-3;GAB. 2 TRIF. T1 TM 4 X 40 C10MM / EDENOR;GABINETES PARA MEDIDORES COLECTIVOS;;;CONEXTUBE;906,886.31;21;ARS;;Un;1;
66013200-4;GAB 2 MED TRIF C/TM 4X20 S/DIF *EDELAP*;GABINETES PARA MEDIDORES COLECTIVOS;;;CONEXTUBE;765,477.04;21;ARS;;Un;1;
66013200-5;GAB 2 MED TRIF C/TM 3X32 S/DIF (EDENOR);GABINETES PARA MEDIDORES COLECTIVOS;;;CONEXTUBE;883,949.33;21;ARS;;Un;1;
66013200-6;GAB. 2 TRIF. T1 TM 4 X 50 CXT EDENOR;GABINETES PARA MEDIDORES COLECTIVOS;;;CONEXTUBE;887,308.98;21;ARS;;Un;1;
66013200-7;GAB 2 MED TRIF C/TM S/DIF IP65 ;GABINETES PARA MEDIDORES COLECTIVOS;;;CONEXTUBE;768,453.06;21;ARS;;Un;1;
66013200-8;GAB 2 MED TRIF C/TM 4x25A / 10MM (EPEC);GABINETES PARA MEDIDORES COLECTIVOS;;;CONEXTUBE;870,218.77;21;ARS;;Un;1;
66013200-9;GAB 2 MED TRIF C/TM 4x32 S/DIF (EDENOR);GABINETES PARA MEDIDORES COLECTIVOS;;;CONEXTUBE;691,980.51;21;ARS;;Un;1;
66013213-1;GAB.2 TRIF T2 C/1- 13KW TM CXT *EDENOR*;GABINETES PARA MEDIDORES COLECTIVOS;;;CONEXTUBE;779,517.63;21;ARS;;Un;1;
66013217-1;GAB. 2 TRIF T2 C/1 17KW TM CXT *EDENOR*;GABINETES PARA MEDIDORES COLECTIVOS;;;CONEXTUBE;912,736.03;21;ARS;;Un;1;
66013217-2;GAB. 2 TRIF T2 - 17KW TM CXT *EDENOR*;GABINETES PARA MEDIDORES COLECTIVOS;;;CONEXTUBE;810,582.31;21;ARS;;Un;1;
66013219-1;GAB. 2 TRIF T2 - 19KW TM CXT *EDENOR*;GABINETES PARA MEDIDORES COLECTIVOS;;;CONEXTUBE;852,094.86;21;ARS;;Un;1;
66013222-1;GAB. 2 TRIF C/P1  T2-22KW TM 40A  EDENOR;GABINETES PARA MEDIDORES COLECTIVOS;;;CONEXTUBE;913,139.49;21;ARS;;Un;1;
66013222-2;GAB. 2 TRIF T2 - 22KW TM CXT *EDENOR*;GABINETES PARA MEDIDORES COLECTIVOS;;;CONEXTUBE;1,218,889.71;21;ARS;;Un;1;
66013222-4;GAB 2 TRIF T2-22KW TM40A 10MM - EDENOR*;GABINETES PARA MEDIDORES COLECTIVOS;;;CONEXTUBE;919,895.44;21;ARS;;Un;1;
66013225-1;GAB 2 TRIF T1/T2 - 25/50 TM CXT *EDENOR*;GABINETES PARA MEDIDORES COLECTIVOS;;;CONEXTUBE;1,002,395.13;21;ARS;;Un;1;
66013225-2;GAB 2 TRIF T1/T2 - 32/63 TM CXT *EDENOR*;GABINETES PARA MEDIDORES COLECTIVOS;;;CONEXTUBE;910,669.46;21;ARS;;Un;1;
66013229-0;GAB. 2 TRIF T2 - 29KWEDENOR s/proteccion;GABINETES PARA MEDIDORES COLECTIVOS;;;CONEXTUBE;892,346.04;21;ARS;;Un;1;
66013229-1;GAB 2 TRIF T2 CAB/1TM50A C/16MM - EDENOR;GABINETES PARA MEDIDORES COLECTIVOS;;;CONEXTUBE;741,551.37;21;ARS;;Un;1;
66013400-2;GAB. 4 TRIF T1- TM 4 X 32 CXT EDENOR;GABINETES PARA MEDIDORES COLECTIVOS;;;CONEXTUBE;1,463,949.28;21;ARS;;Un;1;
66013400-3;GAB. 4 TRIF T1- TM 4 X 25 CXT EDELAP;GABINETES PARA MEDIDORES COLECTIVOS;;;CONEXTUBE;1,388,707.71;21;ARS;;Un;1;
66013400-4;GAB. 4 TRIF T1- TM 4 X 40 CXT EDENOR;GABINETES PARA MEDIDORES COLECTIVOS;;;CONEXTUBE;1,591,852.44;21;ARS;;Un;1;
66013400-5;GAB. 4 TRIF T1- TM 4 X 50 CXT EDENOR;GABINETES PARA MEDIDORES COLECTIVOS;;;CONEXTUBE;1,592,386.65;21;ARS;;Un;1;
66013413-0;GAB.4 TRI T2-13 KW S/PROT 10mm EDENOR;GABINETES PARA MEDIDORES COLECTIVOS;;;CONEXTUBE;1,544,828.93;21;ARS;;Un;1;
66013417-1;GAB. 4 TRIF T2 - 17KW TM CXT *EDENOR*;GABINETES PARA MEDIDORES COLECTIVOS;;;CONEXTUBE;1,974,127.84;21;ARS;;Un;1;
66013419-1;GAB. 4 TRIF T2 - 19KW TM CXT *EDENOR*;GABINETES PARA MEDIDORES COLECTIVOS;;;CONEXTUBE;1,667,164.13;21;ARS;;Un;1;
66013419-2;GAB. 4 TRIF T2 - 19KW TM CXT *EDENOR*;GABINETES PARA MEDIDORES COLECTIVOS;;;CONEXTUBE;1,729,418.89;21;ARS;;Un;1;
66013419-3;GAB. 4 TRIF T2 - 19KW TM CXT *EDENOR*;GABINETES PARA MEDIDORES COLECTIVOS;;;CONEXTUBE;1,662,859.83;21;ARS;;Un;1;
66013419-4;GAB. 4 TRIF T2 - 19KW TM CXT *EDENOR*;GABINETES PARA MEDIDORES COLECTIVOS;;;CONEXTUBE;1,733,723.24;21;ARS;;Un;1;
66013419-5;GAB. 4 TRIF T2 - 19KW TM CXT *EDENOR*;GABINETES PARA MEDIDORES COLECTIVOS;;;CONEXTUBE;1,764,850.55;21;ARS;;Un;1;
66013422-1;GAB. 4 TRIF P/3 T2 - 22KW TM CXT EDENOR;GABINETES PARA MEDIDORES COLECTIVOS;;;CONEXTUBE;1,708,569.03;21;ARS;;Un;1;
66013422-2;GAB.4 TRIFASICOS T2-22 KW CXT *EDENOR*;GABINETES PARA MEDIDORES COLECTIVOS;;;CONEXTUBE;2,201,186.65;21;ARS;;Un;1;
66013422-4;GAB 4 TRIF T2-22KW TM32A C10MM - EDENOR;GABINETES PARA MEDIDORES COLECTIVOS;;;CONEXTUBE;1,775,053.48;21;ARS;;Un;1;
66013429-0;GAB.4 TRI T2-29 KW VACIO 16mm EDENOR;GABINETES PARA MEDIDORES COLECTIVOS;;;CONEXTUBE;1,571,386.31;21;ARS;;Un;1;
66019155-2;GAB 1 MED TRIF TM32 S/DF T1- (EDENOR);GABINETES PARA MEDIDORES COLECTIVOS;;;CONEXTUBE;392,656.70;21;ARS;;Un;1;
66019155-3;GAB 1 MED TRIF C/TM S/DIF(EDENOR)cable10;GABINETES PARA MEDIDORES COLECTIVOS;;;CONEXTUBE;494,491.72;21;ARS;;Un;1;
66019155-4;GAB 1 MED TRIF C/TM S/DIF (EDELAP);GABINETES PARA MEDIDORES COLECTIVOS;;;CONEXTUBE;446,558.55;21;ARS;;Un;1;
66019155-6;GAB 1 MED TRIF TM4X40 22KW IP65;GABINETES PARA MEDIDORES COLECTIVOS;;;CONEXTUBE;473,289.17;21;ARS;;Un;1;
66019155-7;GAB 1 MED TRIF T1 TM40 C10MM - (EDENOR);GABINETES PARA MEDIDORES COLECTIVOS;;;CONEXTUBE;424,571.86;21;ARS;;Un;1;
66019155-8;GAB 1 MED TRIF T1 EDENOR TM 4X20AMP 6KA;GABINETES PARA MEDIDORES COLECTIVOS;;;CONEXTUBE;465,566.05;21;ARS;;Un;1;
66019160-1;GAB. 2 TRIF T1 4X20  T2 29KW EDENOR CXT;GABINETES PARA MEDIDORES COLECTIVOS;;;CONEXTUBE;1,695,711.80;21;ARS;;Un;1;
66019160-2;GAB. 2 TRIFASICOS *EDENOR* TM 4X25 CXT;GABINETES PARA MEDIDORES COLECTIVOS;;;CONEXTUBE;799,005.74;21;ARS;;Un;1;
66019160-3;GAB. 2 TRIFASICOS *EDENOR* SIN TM;GABINETES PARA MEDIDORES COLECTIVOS;;;CONEXTUBE;630,135.97;21;ARS;;Un;1;
66019162-0;GAB 4 MED TRIF (EDENOR) s/protecciones;GABINETES PARA MEDIDORES COLECTIVOS;;;CONEXTUBE;1,274,852.65;21;ARS;;Un;1;
66019162-1;GAB. 4 TRIFASICOS TM4X25 - EDENOR;GABINETES PARA MEDIDORES COLECTIVOS;;;CONEXTUBE;1,376,699.59;21;ARS;;Un;1;
66019162-10;GAB 4 MED TRIF C/TM 4x25AMP 6KA (EDENOR);GABINETES PARA MEDIDORES COLECTIVOS;;;CONEXTUBE;1,561,435.13;21;ARS;;Un;1;
66019162-11;GAB 4 MED TRIF C/TM 4x20AMP 6KA (EDENOR);GABINETES PARA MEDIDORES COLECTIVOS;;;CONEXTUBE;1,541,164.81;21;ARS;;Un;1;
66019162-2;GAB 4 MED TRIF C/TM 3X32 S/DIF (EDENOR);GABINETES PARA MEDIDORES COLECTIVOS;;;CONEXTUBE;1,728,978.46;21;ARS;;Un;1;
66019162-4;GAB 4 MED TRIF C/TM S/DIF (EDELAP);GABINETES PARA MEDIDORES COLECTIVOS;;;CONEXTUBE;1,460,592.78;21;ARS;;Un;1;
66019162-6;GAB 4 MED TRIF T1 S/TM E. ALEM - EPEC ;GABINETES PARA MEDIDORES COLECTIVOS;;;CONEXTUBE;1,209,851.73;21;ARS;;Un;1;
66019162-65;GAB 4 MED TRIF TM4x20 IP65;GABINETES PARA MEDIDORES COLECTIVOS;;;CONEXTUBE;1,519,684.17;21;ARS;;Un;1;
66019162-7;GAB 4 MED TRIF 2GAB TM4X32+2GAB TM4X25 ;GABINETES PARA MEDIDORES COLECTIVOS;;;CONEXTUBE;1,299,271.00;21;ARS;;Un;1;
66019162-9;GAB 4 TRI 1T1-32A+2T2-63A S/DIF (EDENOR);GABINETES PARA MEDIDORES COLECTIVOS;;;CONEXTUBE;1,927,740.95;21;ARS;;Un;1;
66019163-1;GAB. 4 TRIF C/P3 29KW TM CXT EDENOR;GABINETES PARA MEDIDORES COLECTIVOS;;;CONEXTUBE;2,014,723.68;21;ARS;;Un;1;
66019171-1;GAB.1MONOF TM2X32+1TRIF TM 4X32;GABINETES PARA MEDIDORES COLECTIVOS;;;CONEXTUBE;712,176.97;21;ARS;;Un;1;
66019171-11;GAB 1MONO 32A + 1TRI 20A S/DIF (EDENOR);GABINETES PARA MEDIDORES COLECTIVOS;;;CONEXTUBE;696,458.58;21;ARS;;Un;1;
66019171-13;GAB 1 MONO 2X25+ 1 TRIF 4X25 (EDENOR);GABINETES PARA MEDIDORES COLECTIVOS;;;CONEXTUBE;649,261.82;21;ARS;;Un;1;
66019171-14;GAB 1M+1T C/T63A S/DIF SOLO TRI (EDENOR);GABINETES PARA MEDIDORES COLECTIVOS;;;CONEXTUBE;750,123.87;21;ARS;;Un;1;
66019171-15;GAB 1 MONO TM32 + 1 TRIF TM32 10MM -EPEC;GABINETES PARA MEDIDORES COLECTIVOS;;;CONEXTUBE;715,583.34;21;ARS;;Un;1;
66019171-16;GAB.1MONOF+1TRIF CABLEADO P1 MONO;GABINETES PARA MEDIDORES COLECTIVOS;;;CONEXTUBE;513,095.79;21;ARS;;Un;1;
66019171-17;GAB 1MONO+1TRIF-TM40 Y CABLE10MM EDENOR;GABINETES PARA MEDIDORES COLECTIVOS;;;CONEXTUBE;618,688.43;21;ARS;;Un;1;
66019171-18;GAB 1 MONO TM20A + 1 TRIF TM16A  (EPEN);GABINETES PARA MEDIDORES COLECTIVOS;;;CONEXTUBE;738,662.11;21;ARS;;Un;1;
66019171-19;GAB 1 MONO + 1 TRIF C/TM50 cab16 edenor;GABINETES PARA MEDIDORES COLECTIVOS;;;CONEXTUBE;714,793.15;21;ARS;;Un;1;
66019171-3;GAB.1MONOF+1TRIF CABLEADO P1 MONO;GABINETES PARA MEDIDORES COLECTIVOS;;;CONEXTUBE;619,557.94;21;ARS;;Un;1;
66019171-4;GAB1MONOF+1TRIF T2 22KW 4X40 CXT EDENOR;GABINETES PARA MEDIDORES COLECTIVOS;;;CONEXTUBE;846,328.74;21;ARS;;Un;1;
66019171-5;GAB.1MONOF TM2X40+1TRIF TM 4X20 CXT;GABINETES PARA MEDIDORES COLECTIVOS;;;CONEXTUBE;788,334.97;21;ARS;;Un;1;
66019171-7;GAB.1MONOF TM2X25A +1TRIF TM 4X32A;GABINETES PARA MEDIDORES COLECTIVOS;;;CONEXTUBE;670,654.63;21;ARS;;Un;1;
66019171-8;1 TRIF TM 20A+ 1 MONO -TM20A-6/10mm²;GABINETES PARA MEDIDORES COLECTIVOS;;;CONEXTUBE;649,261.82;21;ARS;;Un;1;
66019171-9;GAB1MONOF+1TRIF T2 22KW 4X40 CXT EDENOR;GABINETES PARA MEDIDORES COLECTIVOS;;;CONEXTUBE;824,017.16;21;ARS;;Un;1;
66020300-1;GAB 3 MED MONO TM32+DIF40 C.10MM EDESUR;GABINETES PARA MEDIDORES COLECTIVOS;;;CONEXTUBE;918,099.72;21;ARS;;Un;1;
66020300-2;GAB 3 MED MONO C/TM 2X25A+ DIF.2X25A ;GABINETES PARA MEDIDORES COLECTIVOS;;;CONEXTUBE;826,701.17;21;ARS;;Un;1;
66020332-2;GAB 3 MED MONO P/2 EDESUR TM 32 + DF 40;GABINETES PARA MEDIDORES COLECTIVOS;;;CONEXTUBE;745,403.41;21;ARS;;Un;1;
66020400-1;GAB 4 MED MONO TM32 DF40 CAB10 EDESUR;GABINETES PARA MEDIDORES COLECTIVOS;;;CONEXTUBE;1,036,519.22;21;ARS;;Un;1;
66020400-2;GAB 4 MED MONOF C/P 2 RED TM EDESUR CXT;GABINETES PARA MEDIDORES COLECTIVOS;;;CONEXTUBE;980,767.26;21;ARS;;Un;1;
66020400-3;GAB 4 MED MONOF C/P 3 RED TM EDESUR CXT;GABINETES PARA MEDIDORES COLECTIVOS;;;CONEXTUBE;879,981.51;21;ARS;;Un;1;
66020400-4;GAB 4 MED MONOF C/P 2 RED TM EDESUR CXT;GABINETES PARA MEDIDORES COLECTIVOS;;;CONEXTUBE;884,019.00;21;ARS;;Un;1;
66020400-5;GAB 4 M C/2 TM2X25 + DF40A C10MM EDESUR;GABINETES PARA MEDIDORES COLECTIVOS;;;CONEXTUBE;911,114.70;21;ARS;;Un;1;
66020400-6;GAB 4 MED MON TM40 DF63A - EDESUR;GABINETES PARA MEDIDORES COLECTIVOS;;;CONEXTUBE;1,081,308.90;21;ARS;;Un;1;
66020400-8;GAB 3 MED MONO+ GAB.VACIO C/ TM + DF40 ;GABINETES PARA MEDIDORES COLECTIVOS;;;CONEXTUBE;894,703.42;21;ARS;;Un;1;
66020600-1;GAB 6 MED MONO C/TM25A + DIF25A (EDESUR);GABINETES PARA MEDIDORES COLECTIVOS;;;CONEXTUBE;1,564,725.16;21;ARS;;Un;1;
66020600-2;GAB 6 MED MONOF RED TM 2X40. *EDESUR*;GABINETES PARA MEDIDORES COLECTIVOS;;;CONEXTUBE;1,779,491.54;21;ARS;;Un;1;
66020600-4;GAB 6 MED MONO C/TM32 + DIF40 (EDESUR);GABINETES PARA MEDIDORES COLECTIVOS;;;CONEXTUBE;1,402,528.67;21;ARS;;Un;1;
66020600-5;GAB 6 MED MONO C/TM20A + DIF25A (EDESUR);GABINETES PARA MEDIDORES COLECTIVOS;;;CONEXTUBE;1,588,268.12;21;ARS;;Un;1;
66020625-1;GAB 6 MED MONO C/TM + DIF P 5(EDESUR);GABINETES PARA MEDIDORES COLECTIVOS;;;CONEXTUBE;1,731,771.64;21;ARS;6602062500005;Un;1;
66020800-1;GAB 8 MED MON TM2X25  DF40A C10MM EDESUR;GABINETES PARA MEDIDORES COLECTIVOS;;;CONEXTUBE;2,097,355.35;21;ARS;;Un;1;
66020800-2;GAB 7 MED MONO+1 GAB VACIO  C/TM + DIF ;GABINETES PARA MEDIDORES COLECTIVOS;;;CONEXTUBE;1,747,214.53;21;ARS;;Un;1;
66020807-1;GAB 8 MED P/7 MONO EDESUR 40TMYDIF. CXT;GABINETES PARA MEDIDORES COLECTIVOS;;;CONEXTUBE;1,969,579.15;21;ARS;;Un;1;
66020832-1;GAB 8 MED MONOF RED TM2X32 EDESUR CXT;GABINETES PARA MEDIDORES COLECTIVOS;;;CONEXTUBE;1,978,329.13;21;ARS;;Un;1;
66020832-3;GAB 8 MONO RED TM2X32/40 + DF EDESUR CXT;GABINETES PARA MEDIDORES COLECTIVOS;;;CONEXTUBE;1,791,519.52;21;ARS;;Un;1;
66020900-1;GAB 9 MED MONO C/TM25A + DF25A. (EDESUR);GABINETES PARA MEDIDORES COLECTIVOS;;;CONEXTUBE;2,274,510.49;21;ARS;;Un;1;
66021200-1;GAB 12 MED MONO C/TM32 DF40 CAB10 EDESUR;GABINETES PARA MEDIDORES COLECTIVOS;;;CONEXTUBE;2,960,716.46;21;ARS;;Un;1;
66021210-1;GAB 12 MED MONO RED CABP/10 EDESUR CXT;GABINETES PARA MEDIDORES COLECTIVOS;;;CONEXTUBE;3,150,625.72;21;ARS;;Un;1;
66021211-1;GAB 12 MED MONO P/11 EDESUR TM/DF 40 CXT;GABINETES PARA MEDIDORES COLECTIVOS;;;CONEXTUBE;3,095,816.38;21;ARS;;Un;1;
66021232-2;GAB 12 MED MONO C/P10 TM2X32 EDESUR CXT;GABINETES PARA MEDIDORES COLECTIVOS;;;CONEXTUBE;3,037,733.85;21;ARS;;Un;1;
66021240-1;GAB 12 MED MONOF RED TM2X40 CXT EDESUR;GABINETES PARA MEDIDORES COLECTIVOS;;;CONEXTUBE;2,624,185.77;21;ARS;;Un;1;
66021240-2;GAB 12 MED MONOF RED TM2X40A EDESUR CXT;GABINETES PARA MEDIDORES COLECTIVOS;;;CONEXTUBE;2,790,061.12;21;ARS;;Un;1;
66023200-1;GAB 2 MED TRIF (1TRI) C/TM+DIF (EDESUR);GABINETES PARA MEDIDORES COLECTIVOS;;;CONEXTUBE;669,525.16;21;ARS;;Un;1;
66023200-10;GAB.2 TRIF.P/1 EDESUR TM 4X25 CXT + DIF;GABINETES PARA MEDIDORES COLECTIVOS;;;CONEXTUBE;953,135.21;21;ARS;;Un;1;
66023200-11;GAB.2 TRIF. T1 - T2 29KW EDESUR TM CXT;GABINETES PARA MEDIDORES COLECTIVOS;;;CONEXTUBE;884,731.45;21;ARS;;Un;1;
66023200-12;GAB.2 TRIF. T1 - T2 25KW EDESUR TM CXT;GABINETES PARA MEDIDORES COLECTIVOS;;;CONEXTUBE;957,380.54;21;ARS;;Un;1;
66023200-13;GAB 2 MED TRIF C/TM + DIF (EDESUR);GABINETES PARA MEDIDORES COLECTIVOS;;;CONEXTUBE;1,036,504.23;21;ARS;;Un;1;
66023200-16;GAB.2 TRIF T1 TM25A DF40A-T2 TM40;GABINETES PARA MEDIDORES COLECTIVOS;;;CONEXTUBE;1,010,833.43;21;ARS;;Un;1;
66023200-17;GAB.2 TRIF T1 TMDF25A T2 TMDF 63 EDESUR;GABINETES PARA MEDIDORES COLECTIVOS;;;CONEXTUBE;1,010,833.43;21;ARS;;Un;1;
66023200-18;GAB 2 MED TRI P/1 T2 T40 6KA D40 ;GABINETES PARA MEDIDORES COLECTIVOS;;;CONEXTUBE;893,193.62;21;ARS;;Un;1;
66023200-19;GAB.2 TRIF TM4X25 DIF4X40 C10MM - EDESUR;GABINETES PARA MEDIDORES COLECTIVOS;;;CONEXTUBE;982,553.67;21;ARS;;Un;1;
66023200-2;GAB.2 TRIF. T1/2- 22KW EDESUR TM CXT;GABINETES PARA MEDIDORES COLECTIVOS;;;CONEXTUBE;1,066,192.45;21;ARS;;Un;1;
66023200-20;GAB.2 TRIF. T2 TM 20/50A  10/16MM EDESUR;GABINETES PARA MEDIDORES COLECTIVOS;;;CONEXTUBE;1,006,891.11;21;ARS;;Un;1;
66023200-3;GAB.2 TRIF. T1 - T2 29KW EDESUR TM CXT;GABINETES PARA MEDIDORES COLECTIVOS;;;CONEXTUBE;950,558.25;21;ARS;;Un;1;
66023200-4;GAB.2 TRIF. T2- 22/25KW EDESUR TM CXT;GABINETES PARA MEDIDORES COLECTIVOS;;;CONEXTUBE;1,056,759.93;21;ARS;;Un;1;
66023200-5;GAB.2 TRIF.P/1 EDESUR TM 4X25 CXT + DIF;GABINETES PARA MEDIDORES COLECTIVOS;;;CONEXTUBE;851,188.45;21;ARS;;Un;1;
66023200-6;GAB.2 TRIF EDESUR TM 4X25 CXT + DIF;GABINETES PARA MEDIDORES COLECTIVOS;;;CONEXTUBE;980,636.20;21;ARS;;Un;1;
66023200-7;GAB.2 TRIF TM4X25 DIF4X25 C10MM - EDESUR;GABINETES PARA MEDIDORES COLECTIVOS;;;CONEXTUBE;1,098,984.86;21;ARS;;Un;1;
66023200-8;GAB 2 MED TRIF  T1 S/TM (EDESUR);GABINETES PARA MEDIDORES COLECTIVOS;;;CONEXTUBE;794,639.56;21;ARS;;Un;1;
66023200-9;GAB.2 TRIF. T2- 22/25KW EDESUR TM CXT;GABINETES PARA MEDIDORES COLECTIVOS;;;CONEXTUBE;1,058,768.15;21;ARS;;Un;1;
66023213-1;GAB. 2 TRIF. T2 - P/1 13KW EDESUR CXT;GABINETES PARA MEDIDORES COLECTIVOS;;;CONEXTUBE;959,422.06;21;ARS;;Un;1;
66023213-2;GAB 2 TRIF T2 + DIF - 13KW EDESUR CXT;GABINETES PARA MEDIDORES COLECTIVOS;;;CONEXTUBE;1,245,313.06;21;ARS;;Un;1;
66023213-3;GAB.2 TRIF EDESUR TM 4 X 25 CXT + DIF;GABINETES PARA MEDIDORES COLECTIVOS;;;CONEXTUBE;1,036,504.23;21;ARS;;Un;1;
66023213-4;GAB. 2 TRIF. 13K/22W EDESUR CXT;GABINETES PARA MEDIDORES COLECTIVOS;;;CONEXTUBE;1,053,711.57;21;ARS;;Un;1;
66023213-5;GAB 2 TRIF T2 TM32 DIF40 C10MM - EDESUR;GABINETES PARA MEDIDORES COLECTIVOS;;;CONEXTUBE;1,024,866.59;21;ARS;;Un;1;
66023213-6;GAB 2 TRIF T2 TM40 DIF40 C10MM - EDESUR;GABINETES PARA MEDIDORES COLECTIVOS;;;CONEXTUBE;1,098,984.86;21;ARS;;Un;1;
66023215-1;GAB. 2 TRIF P/1. EDESUR TM4X32 CXTS/DIF ;GABINETES PARA MEDIDORES COLECTIVOS;;;CONEXTUBE;981,065.83;21;ARS;;Un;1;
66023215-2;GAB. 2 TRIF P/1. EDESUR TM4X32 CXTC/DIF ;GABINETES PARA MEDIDORES COLECTIVOS;;;CONEXTUBE;853,911.30;21;ARS;;Un;1;
66023215-3;GAB. 2 TRI P/1 TM32 DF40 PTE16MM EDESUR ;GABINETES PARA MEDIDORES COLECTIVOS;;;CONEXTUBE;783,934.55;21;ARS;;Un;1;
66023222-1;GAB. 2 TRIF. P/1 T2 - 22KW EDESUR CXT;GABINETES PARA MEDIDORES COLECTIVOS;;;CONEXTUBE;707,534.27;21;ARS;;Un;1;
66023222-2;GAB. 2 TRIF. P/1 - 22KW EDESUR + DIF;GABINETES PARA MEDIDORES COLECTIVOS;;;CONEXTUBE;1,080,804.64;21;ARS;;Un;1;
66023225-1;GAB. 2 TRIFASICOS P/1 T2 - 25KW EDESUR;GABINETES PARA MEDIDORES COLECTIVOS;;;CONEXTUBE;782,560.53;21;ARS;;Un;1;
66023225-2;GAB. 2 TRIF. T2 - 25KW C/DIF EDESUR CXT;GABINETES PARA MEDIDORES COLECTIVOS;;;CONEXTUBE;1,229,704.37;21;ARS;;Un;1;
66023225-3;GAB 2TRIF P/1 T2 - 25KW C/DIF EDESUR CXT;GABINETES PARA MEDIDORES COLECTIVOS;;;CONEXTUBE;968,990.14;21;ARS;;Un;1;
66023225-4;GAB. 2 TRIF. T2 - 25KW C/DIF CXT 4x63A;GABINETES PARA MEDIDORES COLECTIVOS;;;CONEXTUBE;1,362,862.59;21;ARS;;Un;1;
66023229-1;GAB. 2 TRIF. P/1 T2 - 29KW EDESUR CXT;GABINETES PARA MEDIDORES COLECTIVOS;;;CONEXTUBE;956,325.02;21;ARS;;Un;1;
66023229-2;GAB. 2 TRIF. P/1 T2 - 29KW EDESUR C/DIF;GABINETES PARA MEDIDORES COLECTIVOS;;;CONEXTUBE;938,735.52;21;ARS;;Un;1;
66023400-1;GAB. 4 TRIF CAB P/3 EDESUR TM+DIF. CXT;GABINETES PARA MEDIDORES COLECTIVOS;;;CONEXTUBE;1,654,039.33;21;ARS;;Un;1;
66023400-10;GAB.4 TRIF TM 25A + DIF25A 10MM EDESUR;GABINETES PARA MEDIDORES COLECTIVOS;;;CONEXTUBE;2,091,449.72;21;ARS;0660234000005;Un;1;
66023400-11;GAB 4 MED TRIF C/TM25 + DIF40 (EDESUR);GABINETES PARA MEDIDORES COLECTIVOS;;;CONEXTUBE;1,745,762.88;21;ARS;;Un;1;
66023400-12;GAB 4 TRIF T1-TM4X40 DF4X40 EDESUR;GABINETES PARA MEDIDORES COLECTIVOS;;;CONEXTUBE;2,017,094.66;21;ARS;;Un;1;
66023400-2;GAB.4 TRIF T1/T2 22KW EDESUR TM+DIF. CXT;GABINETES PARA MEDIDORES COLECTIVOS;;;CONEXTUBE;1,935,668.93;21;ARS;;Un;1;
66023400-3;GAB. 4 TRIF CAB P/2 EDESUR TM+DIF. CXT;GABINETES PARA MEDIDORES COLECTIVOS;;;CONEXTUBE;1,450,284.16;21;ARS;;Un;1;
66023400-4;GAB 4 MED TRIF T1 S/TM (EDESUR);GABINETES PARA MEDIDORES COLECTIVOS;;;CONEXTUBE;1,348,282.45;21;ARS;;Un;1;
66023400-5;GAB 4 MED TRIF T1 C/TM (EDESUR);GABINETES PARA MEDIDORES COLECTIVOS;;;CONEXTUBE;1,844,815.58;21;ARS;;Un;1;
66023400-6;GAB 4 MED TRIF T1 VACIO (EDESUR);GABINETES PARA MEDIDORES COLECTIVOS;;;CONEXTUBE;1,488,178.72;21;ARS;;Un;1;
66023400-8;GAB 4 TRIF T1-TM4X32 DF4X40 EDESUR;GABINETES PARA MEDIDORES COLECTIVOS;;;CONEXTUBE;2,045,255.62;21;ARS;;Un;1;
66023400-9;GAB 4 MED TRIF C/TM + DIF (EDESUR);GABINETES PARA MEDIDORES COLECTIVOS;;;CONEXTUBE;2,108,301.25;21;ARS;;Un;1;
66023413-1;GAB.4 TRIF T2 P/3  13KW EDESUR TM CXT;GABINETES PARA MEDIDORES COLECTIVOS;;;CONEXTUBE;1,761,028.48;21;ARS;;Un;1;
66023413-2;GAB.4 TRIF T2 13KW + DIF EDESUR TM CXT;GABINETES PARA MEDIDORES COLECTIVOS;;;CONEXTUBE;2,250,813.63;21;ARS;;Un;1;
66023413-3;GAB.4 TRIF TM25 + DF40A 13Kw T2 - EDESUR;GABINETES PARA MEDIDORES COLECTIVOS;;;CONEXTUBE;2,037,476.83;21;ARS;;Un;1;
66023413-4;GAB.4 TRIF CAB P3 TM 25 AMP +DIF EDESUR ;GABINETES PARA MEDIDORES COLECTIVOS;;;CONEXTUBE;1,863,301.30;21;ARS;;Un;1;
66023413-5;GAB.4 TRIF T2 13KW EDESUR S/TM;GABINETES PARA MEDIDORES COLECTIVOS;;;CONEXTUBE;1,719,625.05;21;ARS;;Un;1;
66023422-1;GAB.4 TRIF T2 22KW + DIF. EDESUR TM CXT;GABINETES PARA MEDIDORES COLECTIVOS;;;CONEXTUBE;2,274,615.16;21;ARS;;Un;1;
66023425-1;GAB.4 TRIF P/3 T2 25KW EDESUR TM+DF CXT;GABINETES PARA MEDIDORES COLECTIVOS;;;CONEXTUBE;2,303,464.98;21;ARS;;Un;1;
66029071-1;GAB 1 MON.+1TRI T2 13 KW EDESUR CXT;GABINETES PARA MEDIDORES COLECTIVOS;;;CONEXTUBE;836,380.95;21;ARS;;Un;1;
66029071-10;GAB 1 MONO2X40+1TRIF C/TM + DIF (EDESUR);GABINETES PARA MEDIDORES COLECTIVOS;;;CONEXTUBE;939,025.12;21;ARS;;Un;1;
66029071-11;GAB 1MON VACIO+ 1TRI TM32+DF40A EDESUR;GABINETES PARA MEDIDORES COLECTIVOS;;;CONEXTUBE;843,221.23;21;ARS;;Un;1;
66029071-12;GAB 1 MONO + 1 TRIF TM25A DF40A - EDESUR;GABINETES PARA MEDIDORES COLECTIVOS;;;CONEXTUBE;939,267.11;21;ARS;;Un;1;
66029071-14;GAB 1MONO+1TRIF TM2X25/4X40 10 MM EDESUR;GABINETES PARA MEDIDORES COLECTIVOS;;;CONEXTUBE;901,382.47;21;ARS;;Un;1;
66029071-2;GAB 1 MON TM2X32 C/DIF+1TRI  EDESUR CXT;GABINETES PARA MEDIDORES COLECTIVOS;;;CONEXTUBE;1,018,027.36;21;ARS;;Un;1;
66029071-3;GAB 1 MON +1TRI T2 - 22KW EDESUR CXT;GABINETES PARA MEDIDORES COLECTIVOS;;;CONEXTUBE;839,339.32;21;ARS;;Un;1;
66029071-4;GAB 1 MON 2X32 C/DF+1TRI  VAC EDESUR CXT;GABINETES PARA MEDIDORES COLECTIVOS;;;CONEXTUBE;690,102.80;21;ARS;;Un;1;
66029071-5;GAB 1 MON.+1TRI T2 13 KW EDESUR CXT;GABINETES PARA MEDIDORES COLECTIVOS;;;CONEXTUBE;939,267.11;21;ARS;;Un;1;
66029071-6;GAB 1 MON TM 2X25 C/DIF+1TRI  EDESUR;GABINETES PARA MEDIDORES COLECTIVOS;;;CONEXTUBE;688,817.20;21;ARS;;Un;1;
66029071-7;GAB 1MON T32D40 + 1TRI T32+D40A EDESUR;GABINETES PARA MEDIDORES COLECTIVOS;;;CONEXTUBE;888,439.18;21;ARS;;Un;1;
66029071-8;GAB 1 MONO + 1 TRIF C/TM + DIF (EDESUR);GABINETES PARA MEDIDORES COLECTIVOS;;;CONEXTUBE;934,707.60;21;ARS;;Un;1;
66030300-2;GAB 3 MED MONO C/TM + DIF (EDENOR);GABINETES PARA MEDIDORES COLECTIVOS;;;CONEXTUBE;833,142.69;21;ARS;;Un;1;
66030300-4;GAB 3 MED MONO C/TM + DIF 2 X 40(EDENOR);GABINETES PARA MEDIDORES COLECTIVOS;;;CONEXTUBE;725,430.61;21;ARS;;Un;1;
66030300-5;GAB 3 MED MONO TM2X20 + DIF2X25 (EPEN);GABINETES PARA MEDIDORES COLECTIVOS;;;CONEXTUBE;783,495.45;21;ARS;;Un;1;
66030300-6;GAB 3 MED MONO T1 TM32 DF40A 10MM EDENOR;GABINETES PARA MEDIDORES COLECTIVOS;;;CONEXTUBE;804,425.16;21;ARS;;Un;1;
66030300-7;GAB 3 MED MONO TM2X25 + DIF2X25 (EPEN);GABINETES PARA MEDIDORES COLECTIVOS;;;CONEXTUBE;783,495.45;21;ARS;;Un;1;
66030300-8;GAB 3 MED MONO S/TM S/ DIF ;GABINETES PARA MEDIDORES COLECTIVOS;;;CONEXTUBE;630,679.79;21;ARS;;Un;1;
66030400-1;GAB 4 MED MONO EDENOR VACIO;GABINETES PARA MEDIDORES COLECTIVOS;;;CONEXTUBE;739,513.13;21;ARS;;Un;1;
66030400-2;GAB 4 MED MONO C/TM + DIF40 300mA EDENOR;GABINETES PARA MEDIDORES COLECTIVOS;;;CONEXTUBE;989,173.80;21;ARS;;Un;1;
66030400-20;GAB 4 MED MON C/TM+DIF COMPACTO (EDENOR);GABINETES PARA MEDIDORES COLECTIVOS;;;CONEXTUBE;1,278,119.90;21;ARS;0660304000005;Un;1;
66030400-3;GAB 4 MED MONO TM20A DIF25A (EPEN);GABINETES PARA MEDIDORES COLECTIVOS;;;CONEXTUBE;972,712.54;21;ARS;;Un;1;
66030400-4;GAB 4 MED MONO TM25A DIF25A (EPEN);GABINETES PARA MEDIDORES COLECTIVOS;;;CONEXTUBE;974,310.70;21;ARS;;Un;1;
66030400-6;GAB 4 MED MONO TM32+DF40 C10MM (EDENOR);GABINETES PARA MEDIDORES COLECTIVOS;;;CONEXTUBE;1,062,124.21;21;ARS;;Un;1;
66030400-8;GAB 4 MED MONO S/TM S/ DIF ;GABINETES PARA MEDIDORES COLECTIVOS;;;CONEXTUBE;797,339.51;21;ARS;;Un;1;
66030400-9;GAB 4 MED MONO C/TM 6KA+DIF 30MA EDENOR);GABINETES PARA MEDIDORES COLECTIVOS;;;CONEXTUBE;1,177,560.84;21;ARS;;Un;1;
66030600-1;GAB 6 MED MONO C/TM + DIF 25/63(EDENOR);GABINETES PARA MEDIDORES COLECTIVOS;;;CONEXTUBE;1,730,299.88;21;ARS;;Un;1;
66030600-10;GAB 6 MED MONO TM 2X20 + DIF 2X25 (EPEN ;GABINETES PARA MEDIDORES COLECTIVOS;;;CONEXTUBE;1,518,024.05;21;ARS;;Un;1;
66030600-11;GAB 6 MED MONO TM 2X25 DIF 2X25 (EPEN ;GABINETES PARA MEDIDORES COLECTIVOS;;;CONEXTUBE;1,518,022.20;21;ARS;;Un;1;
66030600-2;GAB 6 MED MONO TM32 + DIF40 10MM EDENOR;GABINETES PARA MEDIDORES COLECTIVOS;;;CONEXTUBE;1,618,822.36;21;ARS;;Un;1;
66030600-3;GAB 6 MED MONO TM40 + DIF40 10MM EDENOR;GABINETES PARA MEDIDORES COLECTIVOS;;;CONEXTUBE;1,506,638.07;21;ARS;;Un;1;
66030600-8;GAB 6 MED MONO S/TM S/ DIF ;GABINETES PARA MEDIDORES COLECTIVOS;;;CONEXTUBE;1,237,778.69;21;ARS;;Un;1;
66030625-1;GAB 6 MED MONO C/P5 C/TM + DIF (EDENOR);GABINETES PARA MEDIDORES COLECTIVOS;;;CONEXTUBE;1,525,130.74;21;ARS;6603062500002;Un;1;
66030632-1;GAB 6 MED MONO C/P5 EDENOR TM25+DIF.CXT;GABINETES PARA MEDIDORES COLECTIVOS;;;CONEXTUBE;1,551,574.07;21;ARS;;Un;1;
66030640-3;GAB 6 MED MONO - EDENOR - VACIO - 10MM;GABINETES PARA MEDIDORES COLECTIVOS;;;CONEXTUBE;1,215,096.11;21;ARS;;Un;1;
66030800-1;GAB 8 MED MONO C/TM + DIF C10MM (EDENOR);GABINETES PARA MEDIDORES COLECTIVOS;;;CONEXTUBE;2,123,588.23;21;ARS;;Un;1;
66030800-10;GAB 8 MED MONO C/TM 6KA+DIF 30MA EDENOR);GABINETES PARA MEDIDORES COLECTIVOS;;;CONEXTUBE;2,248,475.09;21;ARS;;Un;1;
66030800-3;GAB 8 MONO TM32A+DF40A 300mA EDENOR;GABINETES PARA MEDIDORES COLECTIVOS;;;CONEXTUBE;1,895,366.60;21;ARS;;Un;1;
66030800-4;GAB 8 MED MONO C/TM20 DIF25A (EPEN);GABINETES PARA MEDIDORES COLECTIVOS;;;CONEXTUBE;1,870,238.53;21;ARS;;Un;1;
66030800-8;GAB 8 MED MONO S/TM S/ DIF ;GABINETES PARA MEDIDORES COLECTIVOS;;;CONEXTUBE;1,482,930.30;21;ARS;;Un;1;
66030832-2;GAB 8 MED MONO P7 TM 2 X 25 *EDENOR*;GABINETES PARA MEDIDORES COLECTIVOS;;;CONEXTUBE;1,928,477.68;21;ARS;;Un;1;
66030840-1;GAB 8 MED MON TM Y DIF 2X40 CXT EDENOR;GABINETES PARA MEDIDORES COLECTIVOS;;;CONEXTUBE;2,117,880.81;21;ARS;6603084000009;Un;1;
66030900-1;GAB 9 MED MON RED EDENOR TM25+DIF63 CXT;GABINETES PARA MEDIDORES COLECTIVOS;;;CONEXTUBE;2,480,205.44;21;ARS;;Un;1;
66030900-10;GAB 9 MED MONO TM32 6KA DIF40 (EDENOR);GABINETES PARA MEDIDORES COLECTIVOS;;;CONEXTUBE;2,403,780.29;21;ARS;;Un;1;
66030900-13;GAB 9 MED MONO TM 2X25 DIF 2X25 (EPEN ;GABINETES PARA MEDIDORES COLECTIVOS;;;CONEXTUBE;2,350,598.18;21;ARS;;Un;1;
66030900-14;GAB 9 MED MONO S/TM S/ DIF ;GABINETES PARA MEDIDORES COLECTIVOS;;;CONEXTUBE;1,830,487.92;21;ARS;;Un;1;
66030900-2;GAB 9 C/7 MED MON RED *EDENOR* TM+D CXT;GABINETES PARA MEDIDORES COLECTIVOS;;;CONEXTUBE;2,296,918.07;21;ARS;;Un;1;
66030900-4;GAB 9 MED MON RED EDENOR TM25+DIF40 CXT;GABINETES PARA MEDIDORES COLECTIVOS;;;CONEXTUBE;2,451,175.83;21;ARS;;Un;1;
66030900-5;GAB 9 MED MON RED EDENOR TM40+DIF40 CXT;GABINETES PARA MEDIDORES COLECTIVOS;;;CONEXTUBE;2,638,728.79;21;ARS;;Un;1;
66030900-6;GAB 9 MED MONO C/TM + DIF (EDENOR);GABINETES PARA MEDIDORES COLECTIVOS;;;CONEXTUBE;2,633,201.55;21;ARS;;Un;1;
66030900-7;GAB 9 MED MON EDENOR 8TM25+D40 1TM25+D25;GABINETES PARA MEDIDORES COLECTIVOS;;;CONEXTUBE;2,449,173.13;21;ARS;;Un;1;
66030900-8;GAB 9 MED MONO C/TM + DIF (EDENOR);GABINETES PARA MEDIDORES COLECTIVOS;;;CONEXTUBE;2,386,082.45;21;ARS;;Un;1;
66030900-9;GAB 9 MED MONO TM50+DF63 10MM (EDENOR);GABINETES PARA MEDIDORES COLECTIVOS;;;CONEXTUBE;2,365,740.87;21;ARS;;Un;1;
66031200-1;GAB 12 MED MONOF RED*EDENOR* VACIO;GABINETES PARA MEDIDORES COLECTIVOS;;;CONEXTUBE;2,092,390.25;21;ARS;;Un;1;
66031200-11;GAB 12 MONO 11.TM/DF25A+1.TM/DF40A EPEN ;GABINETES PARA MEDIDORES COLECTIVOS;;;CONEXTUBE;2,963,856.51;21;ARS;;Un;1;
66031200-12;GAB12 MEDMONO C/P11 TM32+DF40 10MM EDENO;GABINETES PARA MEDIDORES COLECTIVOS;;;CONEXTUBE;2,540,420.49;21;ARS;;Un;1;
66031200-13;GAB 12 MED MONO S/TM S/ DIF ;GABINETES PARA MEDIDORES COLECTIVOS;;;CONEXTUBE;2,264,965.24;21;ARS;;Un;1;
66031200-14;GAB 12 MED MONO C/TM 6KA+ DIF30MA EDENOR;GABINETES PARA MEDIDORES COLECTIVOS;;;CONEXTUBE;3,400,068.42;21;ARS;;Un;1;
66031200-2;GAB 12 MED MONOF RED*EDENOR* TM 2X32 AMP;GABINETES PARA MEDIDORES COLECTIVOS;;;CONEXTUBE;2,849,515.08;21;ARS;;Un;1;
66031200-3;GAB 12 MED MONOF RED*EDENOR* TM 2X40 AMP;GABINETES PARA MEDIDORES COLECTIVOS;;;CONEXTUBE;3,324,775.28;21;ARS;;Un;1;
66031200-4;GAB 12 MED MONOF EDENOR TM 2 X 25/40 AMP;GABINETES PARA MEDIDORES COLECTIVOS;;;CONEXTUBE;3,203,902.68;21;ARS;;Un;1;
66031200-5;GAB 12 MED MONO C/TM + DIF (EDENOR);GABINETES PARA MEDIDORES COLECTIVOS;;;CONEXTUBE;3,033,992.65;21;ARS;;Un;1;
66031200-6;GAB 12 MED MONO C/TM + DIF 300mA(EDENOR);GABINETES PARA MEDIDORES COLECTIVOS;;;CONEXTUBE;2,731,527.68;21;ARS;;Un;1;
66031200-8;GAB 12 MED MONO C/TM16A DIF25A (EPEN);GABINETES PARA MEDIDORES COLECTIVOS;;;CONEXTUBE;2,811,026.65;21;ARS;;Un;1;
66031200-9;GAB 12 MED MONO C/TM25A DIF25A (EPEN);GABINETES PARA MEDIDORES COLECTIVOS;;;CONEXTUBE;2,822,728.39;21;ARS;;Un;1;
66031211-1;GAB 12 MED MONO P11 C/TM16 DF25A (EPEN);GABINETES PARA MEDIDORES COLECTIVOS;;;CONEXTUBE;2,716,043.18;21;ARS;;Un;1;
66031232-2;GAB 12 MED MONOF RED CAB. P/10 *EDENOR*;GABINETES PARA MEDIDORES COLECTIVOS;;;CONEXTUBE;2,885,578.28;21;ARS;;Un;1;
66031232-3;GAB 12 MED MONOF RED CAB. P/10 *EDENOR*;GABINETES PARA MEDIDORES COLECTIVOS;;;CONEXTUBE;3,142,549.41;21;ARS;;Un;1;
66033200-0;GAB. 2TRIF.SIN TERMICA EPEN;GABINETES PARA MEDIDORES COLECTIVOS;;;CONEXTUBE;871,033.96;21;ARS;;Un;1;
66033200-1;GAB. 2 C/P1 TRIF. EDENOR T1 TM+DIF. CXT;GABINETES PARA MEDIDORES COLECTIVOS;;;CONEXTUBE;727,544.70;21;ARS;;Un;1;
66033200-2;GAB. 2 TRIF. EDENOR T1 TM+DIF. CXT;GABINETES PARA MEDIDORES COLECTIVOS;;;CONEXTUBE;970,892.31;21;ARS;;Un;1;
66033200-3;GAB. 2 TRIFASICOS T1/T2 - 13KW *EDENOR*;GABINETES PARA MEDIDORES COLECTIVOS;;;CONEXTUBE;1,081,486.31;21;ARS;;Un;1;
66033200-4;GAB. 2 TRIFASICOS T1 EDENOR VACIO;GABINETES PARA MEDIDORES COLECTIVOS;;;CONEXTUBE;777,336.11;21;ARS;;Un;1;
66033200-5;GAB. 2TRIF. T1 TM4X32A  DF4X40A EDENOR;GABINETES PARA MEDIDORES COLECTIVOS;;;CONEXTUBE;948,834.53;21;ARS;;Un;1;
66033200-6;GAB 2TRIF T1+ DF/T2 29KW TM CXT *EDENOR*;GABINETES PARA MEDIDORES COLECTIVOS;;;CONEXTUBE;1,191,294.02;21;ARS;;Un;1;
66033200-7;GAB. 2TRIF. T1 TM4X16A  DF4X25A EPEN;GABINETES PARA MEDIDORES COLECTIVOS;;;CONEXTUBE;942,604.21;21;ARS;;Un;1;
66033200-8;GAB. 2TR T1 T4X40A  D4X40A 300MA EDENOR;GABINETES PARA MEDIDORES COLECTIVOS;;;CONEXTUBE;1,043,559.10;21;ARS;;Un;1;
66033200-9;GAB. 2TRIF. TM4X20A  DF4X25A EPEN;GABINETES PARA MEDIDORES COLECTIVOS;;;CONEXTUBE;1,083,079.40;21;ARS;;Un;1;
66033400-0;GAB. 4 TRIF  SIN PROTECCIONES- EPEN;GABINETES PARA MEDIDORES COLECTIVOS;;;CONEXTUBE;1,412,714.55;21;ARS;;Un;1;
66033400-1;GAB.P/4 TRIF T1 -T2 EDENOR TM+DIF.CXT;GABINETES PARA MEDIDORES COLECTIVOS;;;CONEXTUBE;1,878,608.13;21;ARS;;Un;1;
66033400-10;GAB. 4 TRIF  T1- EDENOR VACIO - 6MM;GABINETES PARA MEDIDORES COLECTIVOS;;;CONEXTUBE;1,407,704.26;21;ARS;;Un;1;
66033400-11;GAB. 4 TRIF  T1- EDENOR VACIO - 10MM;GABINETES PARA MEDIDORES COLECTIVOS;;;CONEXTUBE;1,459,062.61;21;ARS;;Un;1;
66033400-12;GAB. 4 TRIF  T1- EDENOR TM+DIF 63 A CXT;GABINETES PARA MEDIDORES COLECTIVOS;;;CONEXTUBE;2,245,407.30;21;ARS;;Un;1;
66033400-15;GAB. 4 TRIF  C/TM4x25A+DIF4x40A - EPEN;GABINETES PARA MEDIDORES COLECTIVOS;;;CONEXTUBE;1,889,594.96;21;ARS;;Un;1;
66033400-2;GAB.P/4 TRIF T1 -T2 EDENOR TM+DIF.CXT;GABINETES PARA MEDIDORES COLECTIVOS;;;CONEXTUBE;1,969,680.19;21;ARS;;Un;1;
66033400-3;GAB.P/4 TRIF T1 -T2 EDENOR TM+DIF.CXT;GABINETES PARA MEDIDORES COLECTIVOS;;;CONEXTUBE;1,967,010.47;21;ARS;;Un;1;
66033400-4;GAB.P/4 TRIF T1 -T2 EDENOR TM+DIF.CXT;GABINETES PARA MEDIDORES COLECTIVOS;;;CONEXTUBE;1,881,277.65;21;ARS;;Un;1;
66033400-5;GAB.P/4 TRIF T1 -T2 EDENOR TM+DIF.CXT;GABINETES PARA MEDIDORES COLECTIVOS;;;CONEXTUBE;1,972,483.48;21;ARS;;Un;1;
66033400-6;GAB.P/4 TRIF T1 -T2 EDENOR TM+DIF.CXT;GABINETES PARA MEDIDORES COLECTIVOS;;;CONEXTUBE;2,055,412.99;21;ARS;;Un;1;
66033400-7;GAB.P/4 TRIF T1 -T2 EDENOR TM+DIF.CXT;GABINETES PARA MEDIDORES COLECTIVOS;;;CONEXTUBE;2,058,082.62;21;ARS;;Un;1;
66033400-8;GAB. 4 TRIF C/P 3 T1- EDENOR TM+DIF.CXT;GABINETES PARA MEDIDORES COLECTIVOS;;;CONEXTUBE;1,641,952.58;21;ARS;;Un;1;
66033400-9;GAB. 4 TRIF  T1- EDENOR TM+DIF.CXT;GABINETES PARA MEDIDORES COLECTIVOS;;;CONEXTUBE;1,771,403.99;21;ARS;;Un;1;
66033425-1;GAB.4 TRIF P/3 T2-25 KW CXT *EDENOR*;GABINETES PARA MEDIDORES COLECTIVOS;;;CONEXTUBE;2,012,205.00;21;ARS;;Un;1;
66039155-1;GAB 1 TRIF EDENOR TM 4X32+DIF 4X40;GABINETES PARA MEDIDORES COLECTIVOS;;;CONEXTUBE;531,884.77;21;ARS;;Un;1;
66039155-10;GAB 1 MED TRIF C/TM + DIF (EDENOR);GABINETES PARA MEDIDORES COLECTIVOS;;;CONEXTUBE;553,325.94;21;ARS;;Un;1;
66039155-11;GAB 1 MED TRIF C/TM + DIF (EDENOR);GABINETES PARA MEDIDORES COLECTIVOS;;;CONEXTUBE;476,406.93;21;ARS;;Un;1;
66039155-2;GAB 1 TRIF EDENOR TM 4X50+DIF 4X63 CXT;GABINETES PARA MEDIDORES COLECTIVOS;;;CONEXTUBE;508,800.33;21;ARS;;Un;1;
66039155-3;GAB 1 TRIF EDENOR TM 4X40+DIF 4X63 CXT;GABINETES PARA MEDIDORES COLECTIVOS;;;CONEXTUBE;518,588.92;21;ARS;;Un;1;
66039155-4;GAB 1 MED TRIF S/TM Y S/DIF  ;GABINETES PARA MEDIDORES COLECTIVOS;;;CONEXTUBE;295,960.78;21;ARS;;Un;1;
66039155-5;GAB 1 TRI EDENOR TM 32+DF 40 CXT 10MM;GABINETES PARA MEDIDORES COLECTIVOS;;;CONEXTUBE;488,899.95;21;ARS;;Un;1;
66039155-7;GAB 1 MED TRIF C/TM + DIF 300mA (EDENOR);GABINETES PARA MEDIDORES COLECTIVOS;;;CONEXTUBE;531,884.77;21;ARS;;Un;1;
66039155-8;GAB 1 MED TRIF TM40 + DF40 CAB10 EDENOR;GABINETES PARA MEDIDORES COLECTIVOS;;;CONEXTUBE;531,289.65;21;ARS;;Un;1;
66039155-9;GAB. 1TR T1 T4X63A  D4X63A 300MA EDENOR;GABINETES PARA MEDIDORES COLECTIVOS;;;CONEXTUBE;560,489.13;21;ARS;;Un;1;
66039160-3;GAB 2 MED TRIF C/TM + DIF 40 300mA;GABINETES PARA MEDIDORES COLECTIVOS;;;CONEXTUBE;949,088.65;21;ARS;;Un;1;
66039160-4;GAB 2 MED TRIF C/TM40A + DIF40A (EDENOR);GABINETES PARA MEDIDORES COLECTIVOS;;;CONEXTUBE;962,147.40;21;ARS;;Un;1;
66039160-5;GAB 2 MED TRIF C/TM32A + DIF40A (EDENOR);GABINETES PARA MEDIDORES COLECTIVOS;;;CONEXTUBE;874,679.44;21;ARS;;Un;1;
66039162-1;GAB 4 MED TRIF C/TM + DIF (EDENOR);GABINETES PARA MEDIDORES COLECTIVOS;;;CONEXTUBE;2,052,369.89;21;ARS;;Un;1;
66039162-2;GAB 4 MED TRIF C/TM + DIF (EDENOR);GABINETES PARA MEDIDORES COLECTIVOS;;;CONEXTUBE;2,052,369.89;21;ARS;;Un;1;
66039162-3;GAB 4 TRIF TM32A+DF40A 300MA EDENOR;GABINETES PARA MEDIDORES COLECTIVOS;;;CONEXTUBE;1,657,685.15;21;ARS;;Un;1;
66039162-4;GAB 4 MED TRIF TM4x25+DF4x25 IP65;GABINETES PARA MEDIDORES COLECTIVOS;;;CONEXTUBE;1,495,849.89;21;ARS;;Un;1;
66039171-1;GAB.1MONOF+1TRIF T2 22KW *EDENOR* CXT;GABINETES PARA MEDIDORES COLECTIVOS;;;CONEXTUBE;833,982.34;21;ARS;;Un;1;
66039171-10;GAB 1MONO TM2X32-DF2X40+1TRI 4X25+DF4X25;GABINETES PARA MEDIDORES COLECTIVOS;;;CONEXTUBE;685,529.78;21;ARS;0660391710005;Un;1;
66039171-11;GAB1+1 tm2x40/dif2x40+ tm4x32amp/dif4x40;GABINETES PARA MEDIDORES COLECTIVOS;;;CONEXTUBE;775,419.75;21;ARS;;Un;1;
66039171-12;GAB 1 MONO + 1 TRIF S/TM + DIF ;GABINETES PARA MEDIDORES COLECTIVOS;;;CONEXTUBE;768,414.74;21;ARS;;Un;1;
66039171-2;GAB.1MONO TM 2X32+1TRIF T1 *EDENOR* CXT;GABINETES PARA MEDIDORES COLECTIVOS;;;CONEXTUBE;789,849.85;21;ARS;;Un;1;
66039171-3;GAB 1 MONO + 1 TRIF C/TM + DIF (EDENOR);GABINETES PARA MEDIDORES COLECTIVOS;;;CONEXTUBE;869,278.08;21;ARS;;Un;1;
66039171-5;GAB 1MONO+1TRIF (TM 32+ DIF 40) (EDENOR);GABINETES PARA MEDIDORES COLECTIVOS;;;CONEXTUBE;937,496.34;21;ARS;;Un;1;
66039171-7;GAB 1 MONO + 1 TRIF C/TM + DIF 40 300mA;GABINETES PARA MEDIDORES COLECTIVOS;;;CONEXTUBE;847,771.75;21;ARS;;Un;1;
66039171-8;GAB 1 MON T20 + 1 TRIF T16 D25A EDENOR;GABINETES PARA MEDIDORES COLECTIVOS;;;CONEXTUBE;824,396.01;21;ARS;;Un;1;
66039171-9;GAB 1MON TM40A10mm+1TRIFTM50A16mm EDENOR;GABINETES PARA MEDIDORES COLECTIVOS;;;CONEXTUBE;821,139.88;21;ARS;;Un;1;
66040400-1;GAB 4 MED MONO C/TM CABLEADOS 2 (EDESUR);GABINETES PARA MEDIDORES COLECTIVOS;;;CONEXTUBE;799,262.50;21;ARS;;Un;1;
66040400-3;GAB 4 MED MONO C/TM S/DIF CAB 10(EDESUR);GABINETES PARA MEDIDORES COLECTIVOS;;;CONEXTUBE;908,406.82;21;ARS;;Un;1;
66040432-1;GAB 4 MED MONO *EDESUR* S/DF TM32A 6KA;GABINETES PARA MEDIDORES COLECTIVOS;;;CONEXTUBE;827,731.90;21;ARS;;Un;1;
66041200-1;GAB 12 MED MONO S/TM S/DIF (EDESUR);GABINETES PARA MEDIDORES COLECTIVOS;;;CONEXTUBE;2,274,089.59;21;ARS;;Un;1;
66041200-3;GAB 12 MONO TM32 S/DIF 10MM (EDESUR);GABINETES PARA MEDIDORES COLECTIVOS;;;CONEXTUBE;2,381,170.85;21;ARS;;Un;1;
66041200-4;GAB 12 MONO TM40 S/DIF 10MM (EDESUR);GABINETES PARA MEDIDORES COLECTIVOS;;;CONEXTUBE;2,588,431.08;21;ARS;;Un;1;
66041200-5;GAB 12 MED MONO C/TM 2x20A (EDESUR);GABINETES PARA MEDIDORES COLECTIVOS;;;CONEXTUBE;2,178,193.04;21;ARS;;Un;1;
66041232-1;GAB 12 MED MONO C/P10 TM 2 X 32 EDESUR ;GABINETES PARA MEDIDORES COLECTIVOS;;;CONEXTUBE;2,433,960.35;21;ARS;;Un;1;
66041232-2;GAB 12 MED MONO *EDESUR* S/DF TM32A 6KA;GABINETES PARA MEDIDORES COLECTIVOS;;;CONEXTUBE;2,370,966.95;21;ARS;;Un;1;
66041240-1;GAB 12 MED MONO C/P10 TM 2 X 40 EDESUR;GABINETES PARA MEDIDORES COLECTIVOS;;;CONEXTUBE;2,440,606.62;21;ARS;;Un;1;
66043200-1;GAB 2 MED TRIF (1TRI) C/TM S/DIF EDESUR;GABINETES PARA MEDIDORES COLECTIVOS;;;CONEXTUBE;640,682.85;21;ARS;;Un;1;
66043200-10;GAB 2 TRIF T1 TM25 T2 TM40 C/DIF EDESUR;GABINETES PARA MEDIDORES COLECTIVOS;;;CONEXTUBE;1,047,599.61;21;ARS;;Un;1;
66043200-11;GAB 2 MED TRIF (1TRI) C/T32 S/DIF EDESUR;GABINETES PARA MEDIDORES COLECTIVOS;;;CONEXTUBE;718,012.13;21;ARS;;Un;1;
66043200-12;GAB 2 MED TRIF C/TM4x20A C10MM (EDESUR);GABINETES PARA MEDIDORES COLECTIVOS;;;CONEXTUBE;906,707.17;21;ARS;;Un;1;
66043200-13;GAB 2 MED TRIF C/TM4x32A C10MM - EDESUR;GABINETES PARA MEDIDORES COLECTIVOS;;;CONEXTUBE;775,834.38;21;ARS;;Un;1;
66043200-14;GAB 2MED TRIF P/ 1 C/TM4x32AC10MM - EDES;GABINETES PARA MEDIDORES COLECTIVOS;;;CONEXTUBE;776,857.14;21;ARS;;Un;1;
66043200-15;GAB 2 TRIF T1 TM16 +T2 TM40 EDESUR;GABINETES PARA MEDIDORES COLECTIVOS;;;CONEXTUBE;948,566.76;21;ARS;;Un;1;
66043200-17;GAB 2 MED TRIF C/TM4x25A C10MM - EDESUR;GABINETES PARA MEDIDORES COLECTIVOS;;;CONEXTUBE;921,805.50;21;ARS;;Un;1;
66043200-3;GAB 2 MED TRIF C/TM 25 AMP S/DIF EDESUR;GABINETES PARA MEDIDORES COLECTIVOS;;;CONEXTUBE;786,556.83;21;ARS;;Un;1;
66043200-4;GAB. 2 TRIF. T2  32/40 A EDESUR TM CXT;GABINETES PARA MEDIDORES COLECTIVOS;;;CONEXTUBE;959,051.07;21;ARS;;Un;1;
66043200-6;GAB. 2 TRIF. T1-25/T2-50  EDESUR;GABINETES PARA MEDIDORES COLECTIVOS;;;CONEXTUBE;907,329.87;21;ARS;;Un;1;
66043200-7;GAB 2 MED TRIF P/1C/TM 25 A S/DIF EDESUR;GABINETES PARA MEDIDORES COLECTIVOS;;;CONEXTUBE;650,206.00;21;ARS;;Un;1;
66043200-8;GAB 2 TRIF P/1 T2  TM 4X50 EDESUR;GABINETES PARA MEDIDORES COLECTIVOS;;;CONEXTUBE;863,822.22;21;ARS;;Un;1;
66043217-1;GAB. 2 TRIFASICOS T2 17 KW EDESUR CXT;GABINETES PARA MEDIDORES COLECTIVOS;;;CONEXTUBE;991,922.08;21;ARS;;Un;1;
66043400-1;GAB. 4 TRIFASICOS TM 25 EDESUR CXT;GABINETES PARA MEDIDORES COLECTIVOS;;;CONEXTUBE;1,631,766.85;21;ARS;;Un;1;
66043400-3;GAB. 4 TRIFASICOS TM 32 EDESUR CXT;GABINETES PARA MEDIDORES COLECTIVOS;;;CONEXTUBE;1,631,766.84;21;ARS;;Un;1;
66043400-7;GAB 4 TRI 3T1 TM25 + 1T2 TM32 - EDESUR;GABINETES PARA MEDIDORES COLECTIVOS;;;CONEXTUBE;1,580,346.04;21;ARS;;Un;1;
66043400-8;GAB. 4 TRIF TM 32 CABLE 10MM - EDESUR;GABINETES PARA MEDIDORES COLECTIVOS;;;CONEXTUBE;1,590,959.62;21;ARS;;Un;1;
66049071-2;GAB 1M + 1T C/TM S/DIF 10MM (EDESUR);GABINETES PARA MEDIDORES COLECTIVOS;;;CONEXTUBE;816,870.23;21;ARS;;Un;1;
66049071-3;GAB 1M + 1T C/TM40A S/DIF 10MM (EDESUR);GABINETES PARA MEDIDORES COLECTIVOS;;;CONEXTUBE;874,919.78;21;ARS;;Un;1;
66049071-6;GAB 1M + 1T C/TM DF40 10MM (EDESUR);GABINETES PARA MEDIDORES COLECTIVOS;;;CONEXTUBE;1,251,697.20;21;ARS;;Un;1;
66049071-7;GAB 1MONO VACIO+ 1TRIF C/TM (EDESUR);GABINETES PARA MEDIDORES COLECTIVOS;;;CONEXTUBE;682,052.51;21;ARS;;Un;1;
66049130-1;GAB. 2 TRIF EDESUR TM4X25 CXT S/DIF;GABINETES PARA MEDIDORES COLECTIVOS;;;CONEXTUBE;805,405.39;21;ARS;;Un;1;
66049130-2;GAB. 2 TRIF TM4X16 S/DIF CAB 16MM EDESUR;GABINETES PARA MEDIDORES COLECTIVOS;;;CONEXTUBE;886,067.05;21;ARS;;Un;1;
66049130-4;GAB 2 MED TRIF TM32 6KA CAB10MM - EDESUR;GABINETES PARA MEDIDORES COLECTIVOS;;;CONEXTUBE;855,295.39;21;ARS;;Un;1;
66049130-5;GAB 2 MED TRIF T1-TM25 + T2TM32 - EDESUR;GABINETES PARA MEDIDORES COLECTIVOS;;;CONEXTUBE;798,983.07;21;ARS;;Un;1;
66049131-1;GAB 2 TRIF CAB P/1  EDESUR TM4X25 c/16MM;GABINETES PARA MEDIDORES COLECTIVOS;;;CONEXTUBE;913,964.93;21;ARS;;Un;1;
66049131-3;GAB.2 CAB P/1 TRIF  T2 EDESUR TM4X32 CXT;GABINETES PARA MEDIDORES COLECTIVOS;;;CONEXTUBE;937,526.76;21;ARS;;Un;1;
66049132-1;GAB. 4 TRIF EDESUR TM4X32 CXT S/DIF;GABINETES PARA MEDIDORES COLECTIVOS;;;CONEXTUBE;1,459,814.85;21;ARS;;Un;1;
66049132-2;GAB 4 MED TRIF C/TM S/DIF (EDESUR);GABINETES PARA MEDIDORES COLECTIVOS;;;CONEXTUBE;1,449,145.75;21;ARS;;Un;1;
66049132-3;GAB 4 MED TRIF C/TM 25A 10MM (EDESUR);GABINETES PARA MEDIDORES COLECTIVOS;;;CONEXTUBE;1,751,668.58;21;ARS;;Un;1;
66049171-1;GAB. 1 MONO + 1 TRIF TM 25 EDESUR S/DIF;GABINETES PARA MEDIDORES COLECTIVOS;;;CONEXTUBE;896,686.48;21;ARS;;Un;1;
66049171-3;GAB. 1 MONO+1 TRIF  VAC TM EDESUR S/DIF;GABINETES PARA MEDIDORES COLECTIVOS;;;CONEXTUBE;768,455.61;21;ARS;;Un;1;
66050300-2;GAB. 3 MED MONOF RED *CEDOM;GABINETES PARA MEDIDORES COLECTIVOS;;;CONEXTUBE;593,691.96;21;ARS;;Un;1;
66050400-2;GAB. 4 MED MONOF CEDOM ;GABINETES PARA MEDIDORES COLECTIVOS;;;CONEXTUBE;893,465.07;21;ARS;;Un;1;
66050400-3;GAB. 4 MED MONOF RED CEDOM;GABINETES PARA MEDIDORES COLECTIVOS;;;CONEXTUBE;714,571.31;21;ARS;;Un;1;
66050600-1;GAB. 6 MED MONOF RED TM32A *EDESE*;GABINETES PARA MEDIDORES COLECTIVOS;;;CONEXTUBE;1,176,750.40;21;ARS;;Un;1;
66050600-2;GAB. 6 MED MONOF RED CEDOM;GABINETES PARA MEDIDORES COLECTIVOS;;;CONEXTUBE;1,126,130.56;21;ARS;;Un;1;
66050800-2;GAB. 8 MED MONOF RED  CEDOM ;GABINETES PARA MEDIDORES COLECTIVOS;;;CONEXTUBE;1,328,872.92;21;ARS;;Un;1;
66050900-2;GAB 9 MED MONOF RED *CEDOM ;GABINETES PARA MEDIDORES COLECTIVOS;;;CONEXTUBE;1,656,528.55;21;ARS;;Un;1;
66051200-1;GAB. 12 MED MONOF RED *EDESE* TM2X40;GABINETES PARA MEDIDORES COLECTIVOS;;;CONEXTUBE;2,169,680.66;21;ARS;;Un;1;
66051200-3;GAB. 12 MED MONOF RED TM 32A *EDESE*;GABINETES PARA MEDIDORES COLECTIVOS;;;CONEXTUBE;2,161,688.23;21;ARS;;Un;1;
66051200-4;GAB. 12 MED MONOF RED *CEDOM*;GABINETES PARA MEDIDORES COLECTIVOS;;;CONEXTUBE;1,940,536.28;21;ARS;;Un;1;
66053100-2;GAB. 1 MED TRIFASICOS  CEDOM;GABINETES PARA MEDIDORES COLECTIVOS;;;CONEXTUBE;337,371.80;21;ARS;;Un;1;
66053400-1;GAB. 4 MED TRIFASICOS *EDESE* TM4X32A;GABINETES PARA MEDIDORES COLECTIVOS;;;CONEXTUBE;1,348,589.89;21;ARS;;Un;1;
66053400-2;GAB. 4 MED TRIFASICOS *CEDOM*;GABINETES PARA MEDIDORES COLECTIVOS;;;CONEXTUBE;1,348,589.50;21;ARS;;Un;1;
66060400-1;GAB 4 MED MONO C/TM C/DIF (EDES) C/CANAL;GABINETES PARA MEDIDORES COLECTIVOS;;;CONEXTUBE;1,010,894.06;21;ARS;;Un;1;
66060400-3;GAB 4 MED MONO C/TM S/DIF (EDEA);GABINETES PARA MEDIDORES COLECTIVOS;;;CONEXTUBE;718,183.34;21;ARS;;Un;1;
66060800-1;GAB 8 MED MONO C/TM S/DIF (EDEA);GABINETES PARA MEDIDORES COLECTIVOS;;;CONEXTUBE;1,600,666.23;21;ARS;;Un;1;
66060800-2;GAB 8 MED MONO C/TM S/DIF (EDEA);GABINETES PARA MEDIDORES COLECTIVOS;;;CONEXTUBE;1,595,349.21;21;ARS;;Un;1;
66060900-1;GAB 9 MED MONO C/TM 40A (EDES) 10MM2;GABINETES PARA MEDIDORES COLECTIVOS;;;CONEXTUBE;2,337,466.49;21;ARS;;Un;1;
66060900-2;GAB 9 MED MONO C/TM32A S/DIF (EDEA);GABINETES PARA MEDIDORES COLECTIVOS;;;CONEXTUBE;1,694,321.99;21;ARS;;Un;1;
66061200-1;GAB 12 MED MONO TM40 CA10MM S/DIF (EDEA);GABINETES PARA MEDIDORES COLECTIVOS;;;CONEXTUBE;2,426,390.42;21;ARS;;Un;1;
66061200-2;GAB 12 MED MONO C/TM 2 X 32 S/DIF (EDEA);GABINETES PARA MEDIDORES COLECTIVOS;;;CONEXTUBE;2,155,687.58;21;ARS;;Un;1;
66069155-1;GAB MED 1 TRIF T2 29KW C/TM S/DIF (EDEA);GABINETES PARA MEDIDORES COLECTIVOS;;;CONEXTUBE;858,109.01;21;ARS;;Un;1;
66069155-2;GAB MED 1 TRIF T2 22KW C/TM S/DIF (EDEA);GABINETES PARA MEDIDORES COLECTIVOS;;;CONEXTUBE;690,018.56;21;ARS;;Un;1;
66069155-3;GAB MED 1 TRIF TM32A S/DIF (EDEA);GABINETES PARA MEDIDORES COLECTIVOS;;;CONEXTUBE;659,404.48;21;ARS;;Un;1;
66069155-4;GAB MED 1 TRIF TM25A S/DIF (EDEA);GABINETES PARA MEDIDORES COLECTIVOS;;;CONEXTUBE;581,423.27;21;ARS;;Un;1;
66069160-1;GAB MED 2 TRIF T2 22KW C/TM 40A (EDEA);GABINETES PARA MEDIDORES COLECTIVOS;;;CONEXTUBE;1,707,733.44;21;ARS;;Un;1;
66069160-3;GAB MED 2 TRIF C/TM 4X25 S/DIF (EDEA);GABINETES PARA MEDIDORES COLECTIVOS;;;CONEXTUBE;1,246,681.80;21;ARS;;Un;1;
66069160-4;GAB MED 2 TRIF C/TM 4X32 S/DIF (EDEA);GABINETES PARA MEDIDORES COLECTIVOS;;;CONEXTUBE;940,978.64;21;ARS;;Un;1;
66069162-1;GAB MED 4 TRIF T2 29KW C/TM S/DIF (EDEA);GABINETES PARA MEDIDORES COLECTIVOS;;;CONEXTUBE;2,950,025.98;21;ARS;;Un;1;
66069162-2;GAB MED 4 TRIF T2 22KW C/TM S/DIF (EDEA);GABINETES PARA MEDIDORES COLECTIVOS;;;CONEXTUBE;2,950,025.98;21;ARS;;Un;1;
66069162-4;GAB MED 4 TRIF C/TM 4X25 S/DIF (EDEA);GABINETES PARA MEDIDORES COLECTIVOS;;;CONEXTUBE;1,832,772.58;21;ARS;;Un;1;
66069162-6;GAB MED 4 TRIF C/TM32A S/DIF (EDEA);GABINETES PARA MEDIDORES COLECTIVOS;;;CONEXTUBE;1,831,383.95;21;ARS;;Un;1;
66069162-7;GAB MED 4 TRIF C/TM32A S/DIF(EDEA)c/10mm;GABINETES PARA MEDIDORES COLECTIVOS;;;CONEXTUBE;2,113,687.44;21;ARS;;Un;1;
66069171-1;GAB 1 MONO + 1 TRIF C/TM S/DIF (EDEA);GABINETES PARA MEDIDORES COLECTIVOS;;;CONEXTUBE;1,181,798.90;21;ARS;;Un;1;
66069171-5;GAB 1 MONO+1TRIF C/TM2x32 4x32A (EDEA);GABINETES PARA MEDIDORES COLECTIVOS;;;CONEXTUBE;976,112.48;21;ARS;;Un;1;
66079155-1;GAB MED 1 TRIF TM 25A S/DIF 10MM (EPEC);GABINETES PARA MEDIDORES COLECTIVOS;;;CONEXTUBE;489,965.61;21;ARS;;Un;1;
66080800-1;GAB 8 MED MONOF TM32A *EDEMSA* ;GABINETES PARA MEDIDORES COLECTIVOS;;;CONEXTUBE;1,674,740.20;21;ARS;;Un;1;
66081200-3;GAB 12 MED MONOF TM25 DF25A *EDEMSA*;GABINETES PARA MEDIDORES COLECTIVOS;;;CONEXTUBE;2,834,721.44;21;ARS;;Un;1;
66083200-1;GAB 1 MED TRIF + 1 MED MONO *EDEMSA* ;GABINETES PARA MEDIDORES COLECTIVOS;;;CONEXTUBE;625,764.36;21;ARS;;Un;1;
66083400-2;GAB 4 MED TRIF TM25A DF25A *EDEMSA* ;GABINETES PARA MEDIDORES COLECTIVOS;;;CONEXTUBE;1,726,495.58;21;ARS;;Un;1;
66083400-3;GAB 4 MED TRIFASICOS *EDEMSA* ;GABINETES PARA MEDIDORES COLECTIVOS;;;CONEXTUBE;1,194,098.62;21;ARS;;Un;1;
66123400-1;GAB.4 TRI.T2-17/22/25/29KW 6KAMP EDESUR*;GABINETES PARA MEDIDORES COLECTIVOS;;;CONEXTUBE;1,797,560.86;21;ARS;;Un;1;
66123400-2;GAB.4 TRIFASICOS.T2-25/29KW 6KAMP EDESUR;GABINETES PARA MEDIDORES COLECTIVOS;;;CONEXTUBE;1,798,801.04;21;ARS;;Un;1;
66123400-3;GAB.4 TRIF.T2 P/3 -29KW 6KAMP *EDESUR*;GABINETES PARA MEDIDORES COLECTIVOS;;;CONEXTUBE;1,728,858.49;21;ARS;;Un;1;
66123400-4;GAB.4 TRIF.T2 -22/25/29KW 6KAMP *EDESUR*;GABINETES PARA MEDIDORES COLECTIVOS;;;CONEXTUBE;1,792,826.55;21;ARS;;Un;1;
66123400-5;GAB.4 TRIF. T2 -17/22KW 6KAMP *EDESUR*;GABINETES PARA MEDIDORES COLECTIVOS;;;CONEXTUBE;1,794,118.69;21;ARS;;Un;1;
66123400-6;GAB. 4 TRIF.T2 -17/25/29KW 6KAMP*EDESUR*;GABINETES PARA MEDIDORES COLECTIVOS;;;CONEXTUBE;1,793,604.84;21;ARS;;Un;1;
66239160-1;GAB 2 MED TRIF C/TM + DIF (G. PICO);GABINETES PARA MEDIDORES COLECTIVOS;;;CONEXTUBE;927,922.07;21;ARS;;Un;1;
66319163-0;GAB 1 MED TRIFASICO(ALTO) *EMSA* s/prot;GABINETES PARA MEDIDORES COLECTIVOS;;;CONEXTUBE;507,159.55;21;ARS;;Un;1;
66319164-0;GAB 1 MED MONOF+1MED TRIFAS*EMSA* s/prot;GABINETES PARA MEDIDORES COLECTIVOS;;;CONEXTUBE;682,847.33;21;ARS;;Un;1;
66330120-1;GAB 1MONO+1TRI C/ SOLO MONO *EDESAL*;GABINETES PARA MEDIDORES COLECTIVOS;;;CONEXTUBE;651,344.70;21;ARS;;Un;1;
66330120-2;GAB 1MONO+1TRI C/ SOLO TRIF. *EDESAL*;GABINETES PARA MEDIDORES COLECTIVOS;;;CONEXTUBE;641,747.20;21;ARS;;Un;1;
66330210-1;GAB 2 MED TRI BARRAS INVERTIDAS *EDESAL*;GABINETES PARA MEDIDORES COLECTIVOS;;;CONEXTUBE;658,340.52;21;ARS;;Un;1;
66330210-2;GAB 2 MED TRIF C/SBT EDESAL TM3X40-4X32;GABINETES PARA MEDIDORES COLECTIVOS;;;CONEXTUBE;627,222.58;21;ARS;;Un;1;
66330300-1;GAB 3 MED MONO C/CONC EDESAL TM2x32A 1X4;GABINETES PARA MEDIDORES COLECTIVOS;;;CONEXTUBE;563,295.27;21;ARS;;Un;1;
66330410-1;GAB 4 MED TRI BARRAS INVERTIDAS *EDESAL*;GABINETES PARA MEDIDORES COLECTIVOS;;;CONEXTUBE;1,280,968.59;21;ARS;;Un;1;
66330600-1;GAB 6 MED MONOF TM1X40/2X32A *EDESAL*;GABINETES PARA MEDIDORES COLECTIVOS;;;CONEXTUBE;1,114,290.60;21;ARS;;Un;1;
66330800-1;GAB 8 MED MONO C/CON EDESAL TM2X32-1X40;GABINETES PARA MEDIDORES COLECTIVOS;;;CONEXTUBE;1,447,292.24;21;ARS;;Un;1;
66340300-0;GAB 3 MED MONOF *EMSA* s/prot;GABINETES PARA MEDIDORES COLECTIVOS;;;CONEXTUBE;582,716.31;21;ARS;;Un;1;
66340400-0;GAB 4 MED MONOF *EMSA* s/prot;GABINETES PARA MEDIDORES COLECTIVOS;;;CONEXTUBE;654,802.27;21;ARS;;Un;1;
66340600-0;GAB 6 MED MONOF *EMSA* d/prot;GABINETES PARA MEDIDORES COLECTIVOS;;;CONEXTUBE;1,077,261.51;21;ARS;;Un;1;
66340800-0;GAB 8 MED MONOF *EMSA* s/prot;GABINETES PARA MEDIDORES COLECTIVOS;;;CONEXTUBE;1,212,690.70;21;ARS;;Un;1;
66340900-0;GAB 9 MED MONOF *EMSA* s/prot;GABINETES PARA MEDIDORES COLECTIVOS;;;CONEXTUBE;1,648,508.58;21;ARS;;Un;1;
66341200-0;GAB 12 MED MONOF *EMSA* s/prot;GABINETES PARA MEDIDORES COLECTIVOS;;;CONEXTUBE;1,834,851.05;21;ARS;;Un;1;
66349160-0;GAB 3 MED TRIFASICO *EMSA* S/PROT;GABINETES PARA MEDIDORES COLECTIVOS;;;CONEXTUBE;744,206.40;21;ARS;;Un;1;
66349161-0;GAB 1 MED TRIFASICO *EMSA* s/prot;GABINETES PARA MEDIDORES COLECTIVOS;;;CONEXTUBE;519,467.53;21;ARS;;Un;1;
66349162-0;GAB 6 MED TRIFASICO *EMSA* D/PROT;GABINETES PARA MEDIDORES COLECTIVOS;;;CONEXTUBE;1,479,777.93;21;ARS;;Un;1;
66349165-0;GAB 1 MED TRIFASICO SIN PROTECC *EMSA*;GABINETES PARA MEDIDORES COLECTIVOS;;;CONEXTUBE;174,687.63;21;ARS;;Un;1;
67009006-1;GAB MED PROV MONO C/P.SUNCHOS EPEC;GABINETES PROVISORIOS E ISLAS;;;CONEXTUBE;201,398.75;21;ARS;;Un;1;
67009009-2;GAB MED PROV TRIF C/P.SUNCHOS - EPEC;GABINETES PROVISORIOS E ISLAS;;;CONEXTUBE;337,477.21;21;ARS;;Un;1;
67011200-1;GAB 12 MED MONO C/TM40A S/DIF (EDENOR);GABINETES PARA MEDIDORES COLECTIVOS;;;CONEXTUBE;2,753,262.67;21;ARS;;Un;1;
67030400-9;GAB 4 MONO C/TM 2x50+ DIF 2x63(EDENOR);GABINETES PARA MEDIDORES COLECTIVOS;;;CONEXTUBE;1,278,515.22;21;ARS;;Un;1;
67039160-9;GAB 2TRIF ITM4X32/4X63+DIF T1/T2 EDENOR);GABINETES PARA MEDIDORES COLECTIVOS;;;CONEXTUBE;1,280,490.16;21;ARS;;Un;1;
69400800-2;REP COLUMNA 6-8 MONO/4 TRIF TAB PPAL;ACCESORIOS -REPUESTOS VARIOS;;;CONEXTUBE;198,276.49;21;ARS;;Un;1;
80091209-5;CURVA CRS16 P/CAÑO PLASTICO J;CAÑOS PVC Y ACCESORIOS ;;;CONEXTUBE;422.17;21;ARS;;Un;250;
80091210-5;CURVA CRS20 P/CAÑO PLASTICO J;CAÑOS PVC Y ACCESORIOS ;;;CONEXTUBE;459.85;21;ARS;;Un;200;
80091211-5;CURVA CRS22 P/CAÑO PLASTICO J;CAÑOS PVC Y ACCESORIOS ;;;CONEXTUBE;548.24;21;ARS;;Un;150;
80091212-5;CURVA CRS25 P/CAÑO PLASTICO J;CAÑOS PVC Y ACCESORIOS ;;;CONEXTUBE;627.39;21;ARS;;Un;100;
80091213-5;CURVA CRS32 P/CAÑO PLASTICO J;CAÑOS PVC Y ACCESORIOS ;;;CONEXTUBE;1,774.31;21;ARS;;Un;50;
80091214-5;CURVA CRS40 P/CAÑO PLASTICO J;CAÑOS PVC Y ACCESORIOS ;;;CONEXTUBE;3,178.75;21;ARS;;Un;10;
80091215-5;CONECTOR CC1640 P/CAÑO PLASTICO  *J*;CAÑOS PVC Y ACCESORIOS ;;;CONEXTUBE;204.13;21;ARS;;Un;500;
80091216-5;CONECTOR CC2040 P/CAÑO PLASTICO J;CAÑOS PVC Y ACCESORIOS ;;;CONEXTUBE;205.95;21;ARS;;Un;500;
80091217-5;CONECTOR CC2240 P/CAÑO PLASTICO J;CAÑOS PVC Y ACCESORIOS ;;;CONEXTUBE;389.42;21;ARS;;Un;500;
80091218-5;CONECTOR CC2540 P/CAÑO PLASTICO J;CAÑOS PVC Y ACCESORIOS ;;;CONEXTUBE;439.19;21;ARS;;Un;250;
80091219-5;CONECTOR CC3240 P/CAÑO PLASTICO J;CAÑOS PVC Y ACCESORIOS ;;;CONEXTUBE;1,030.10;21;ARS;;Un;200;
80091220-5;CONECTOR CC4040 P/CAÑO PLASTICO J;CAÑOS PVC Y ACCESORIOS ;;;CONEXTUBE;1,288.04;21;ARS;;Un;100;
80091221-5;CONECTOR CC5040 P/CAÑO PLASTICO J;CAÑOS PVC Y ACCESORIOS ;;;CONEXTUBE;1,930.95;21;ARS;;Un;50;
80091222-5;UNION GSU16 P/CAÑO PLASTICO J;CAÑOS PVC Y ACCESORIOS ;;;CONEXTUBE;146.73;21;ARS;;Un;200;
80091223-5;UNION GSU20 P/CAÑO PLASTICO J;CAÑOS PVC Y ACCESORIOS ;;;CONEXTUBE;181.91;21;ARS;;Un;300;
80091224-5;UNION GSU22 P/CAÑO PLASTICO J;CAÑOS PVC Y ACCESORIOS ;;;CONEXTUBE;204.13;21;ARS;;Un;300;
80091225-5;UNION GSU25 P/CAÑO PLASTICO J;CAÑOS PVC Y ACCESORIOS ;;;CONEXTUBE;286.24;21;ARS;;Un;200;
80091226-5;UNION GSU32 P/CAÑO PLASTICO J;CAÑOS PVC Y ACCESORIOS ;;;CONEXTUBE;536.14;21;ARS;;Un;40;
80091227-5;UNION GSU40 P/CAÑO PLASTICO J;CAÑOS PVC Y ACCESORIOS ;;;CONEXTUBE;702.37;21;ARS;;Un;50;
80091228-5;UNION GSU50 P/CAÑO PLASTICO J;CAÑOS PVC Y ACCESORIOS ;;;CONEXTUBE;1,188.75;21;ARS;;Un;30;
80091243-5;CURVA CRS50 P/CAÑO PLASTICO J;CAÑOS PVC Y ACCESORIOS ;;;CONEXTUBE;3,602.54;21;ARS;;Un;10;
80091298-1;CONECTOR DE ACOPLE RAPIDO P/CORRUGADO;ACCESORIOS -REPUESTOS VARIOS;;;CONEXTUBE;227.69;21;ARS;;Un;200;
